id_entrega,distancia_km,tipo_veiculo,capacidade_veiculo_t,carga_t,tempo_estimado_min,tempo_real_min,valor_frete,custo_combustivel
10001,129.66,Truck,14.0,13.57,413.36,379.7,890.28,221.18
10002,51.14,VUC,3.0,2.32,118.54,117.74,177.37,37.79
10003,517.78,Sprinter_Indefinida,28.0,4.94,605.61,713.37,3632.52,1598.58
10004,460.4,Carreta_Sider,28.0,21.13,549.54,668.16,3566.87,1517.19
10005,36.18,VUC,3.0,1.89,88.25,74.02,119.31,26.41
10006,230.14,Carreta_Bau,28.0,6.66,388.1,386.69,1683.04,703.7
10007,465.0,Carreta_Sider,28.0,10.64,651.18,649.07,3443.05,1499.52
10008,384.73,Carreta_Sider,28.0,8.22,459.24,581.09,2837.44,1238.59
10009,10.83,Truck,14.0,13.11,59.0,63.13,237.86,19.23
10010,94.18,Truck,14.0,11.56,271.37,297.92,656.05,156.44
10011,19.9,Toco,6.0,4.47,72.53,64.95,139.9,18.65
10012,378.2,Carreta_Bau,28.0,22.37,443.39,548.66,2939.36,1205.96
10013,154.38,Truck,14.0,9.25,467.77,478.47,967.48,250.97
10014,480.01,Carreta_Bau,28.0,24.56,637.84,670.12,3653.78,1542.2
10015,27.23,Toco,6.0,2.07,59.99,99.23,131.83,26.76
10016,0.0,3/4,4.0,1.45,84.39,73.06,103.03,12.22
10017,86.62,Toco,6.0,3.92,207.18,231.43,404.55,98.5
10018,73.5,VUC,3.0,2.52,128.64,173.08,237.23,50.48
10019,286.4,Carreta_Bau,28.0,24.09,355.74,447.74,2333.86,920.39
10020,436.37,Carreta_Bau,28.0,27.43,661.06,615.05,3411.49,1404.47
10021,222.3,Carreta_Bau,28.0,22.34,394.11,362.9,1849.6,708.01
10022,45.62,3/4,4.0,1.39,90.04,125.2,171.34,40.78
10023,225.9,Carreta_Sider,28.0,9.69,420.28,342.02,1736.08,726.49
10024,504.99,Carreta_Bau,28.0,14.81,615.79,694.97,3679.85,1585.61
10025,306.08,Carreta_Sider,28.0,19.67,474.19,458.68,2452.32,1011.29
10026,90.94,Truck,14.0,8.2,248.15,284.13,605.15,144.5
10027,8.8,VUC,3.0,0.62,34.75,49.09,34.28,-9.4
10028,85.32,Toco,6.0,3.36,260.88,217.01,385.01,93.03
10029,9.5,VUC,3.0,2.53,51.23,40.49,69.9,6.84
10030,120.45,Truck,14.0,4.96,397.26,376.35,710.44,194.65
10031,450.18,Carreta_Bau,28.0,19.31,546.59,623.85,3377.23,1431.87
10032,191.57,Toco,6.0,2.28,519.64,479.77,810.36,202.95
10033,39.59,3/4,4.0,2.49,96.43,109.78,163.71,38.81
10034,8.91,VUC,3.0,2.24,33.91,49.21,45.52,-1.06
10035,94.91,Truck,14.0,4.57,282.87,321.21,568.61,152.79
10036,87.21,Truck,14.0,10.9,252.12,263.74,621.41,141.1
10037,57.22,VUC,3.0,2.18,143.59,139.77,195.17,42.06
10038,23.82,VUC,3.0,1.25,63.23,54.83,83.01,11.17
10039,29.19,VUC,3.0,2.73,74.9,57.87,106.08,19.44
10040,468.47,Carreta_Bau,28.0,22.78,689.1,653.88,3554.27,1499.01
10041,44.91,Toco,6.0,3.56,108.65,127.32,236.56,49.81
10042,484.49,Carreta_Sider,28.0,6.17,733.33,675.79,3513.74,1542.67
10043,125.93,Toco,6.0,3.15,360.33,334.57,547.98,138.22
10044,33.37,Truck,14.0,6.03,128.13,122.78,264.24,54.23
10045,342.53,Carreta_Sider,28.0,10.45,513.43,528.39,2583.93,1104.85
10046,512.15,Carreta_Bau,28.0,19.52,652.14,729.72,3799.61,1635.27
10047,5.94,VUC,3.0,2.8,58.6,26.29,52.32,4.47
10048,63.72,VUC,3.0,0.82,175.43,136.17,201.88,35.18
10049,490.64,Carreta_Sider,28.0,21.85,646.44,696.43,3780.08,1627.68
10050,59.82,Toco,6.0,4.07,185.81,164.3,284.67,70.26
10051,86.29,Truck,14.0,10.04,273.95,262.37,599.88,145.47
10052,47.39,VUC,3.0,2.61,115.38,89.91,171.52,30.0
10053,318.23,Carreta_Sider,28.0,13.14,388.47,466.74,2445.77,1034.35
10054,384.21,Carreta_Bau,28.0,17.99,588.07,564.05,2910.4,1206.73
10055,351.81,Carreta_Sider,28.0,10.79,487.93,533.18,2635.95,1141.56
10056,181.38,Truck,14.0,5.48,590.3,535.03,1050.97,297.79
10057,35.37,Toco,6.0,3.52,87.2,103.76,169.1,37.56
10058,50.55,VUC,3.0,0.47,106.65,108.78,160.73,35.99
10059,21.72,3/4,4.0,1.44,49.51,44.86,99.14,21.29
10060,60.92,VUC,3.0,0.84,142.89,128.21,182.91,33.36
10061,372.52,Carreta_Bau,28.0,7.05,599.72,518.88,2652.79,1154.25
10062,74.07,Toco,6.0,2.86,183.2,181.61,335.3,81.87
10063,17.97,3/4,4.0,0.95,68.24,58.46,81.19,14.28
10064,236.59,Carreta_Bau,28.0,7.87,387.14,363.27,1750.21,732.67
10065,238.64,Carreta_Sider,28.0,20.12,349.0,400.33,1998.43,788.63
10066,32.97,VUC,3.0,2.11,68.53,60.23,116.57,22.18
10067,82.97,VUC,3.0,2.86,207.15,192.26,282.59,63.77
10068,50.0,3/4,4.0,3.73,82.17,134.68,198.7,40.03
10069,52.4,Truck,14.0,12.5,186.22,171.88,448.81,89.27
10070,69.74,3/4,4.0,2.95,135.24,191.06,260.41,55.12
10071,56.59,VUC,3.0,1.13,131.3,127.51,180.31,39.27
10072,10.33,3/4,4.0,1.21,36.17,40.52,43.03,3.05
10073,273.49,Carreta_Sider,28.0,26.8,434.48,427.3,2343.42,912.41
10074,77.16,VUC,3.0,2.9,175.94,161.19,257.75,56.52
10075,87.98,3/4,4.0,2.32,186.48,202.71,323.99,74.91
10076,8.85,Toco,6.0,3.7,40.74,53.27,81.58,4.68
10077,15.03,Toco,6.0,0.93,52.71,68.82,70.05,20.65
10078,457.18,Carreta_Sider,28.0,7.74,524.22,635.9,3352.15,1465.8
10079,67.88,VUC,3.0,1.84,130.81,154.68,211.73,43.21
10080,196.3,VUC,3.0,0.91,362.06,426.9,576.49,119.08
10081,201.59,Truck,14.0,7.8,580.98,584.13,1196.63,321.11
10082,59.01,3/4,4.0,3.3,117.24,127.84,234.89,62.04
10083,98.12,3/4,4.0,3.32,239.72,245.1,376.73,81.6
10084,38.81,3/4,4.0,3.53,114.15,109.6,173.17,28.54
10085,53.07,VUC,3.0,1.05,102.25,125.45,168.53,35.17
10086,68.0,3/4,4.0,2.07,178.54,180.71,244.49,52.4
10087,160.88,3/4,4.0,2.73,366.1,388.58,567.12,139.81
10088,49.91,3/4,4.0,2.58,108.53,136.21,193.61,49.27
10089,16.76,3/4,4.0,4.0,60.14,38.72,112.42,9.28
10090,12.14,3/4,4.0,1.54,37.37,21.7,58.02,8.69
10091,43.94,3/4,4.0,0.84,113.94,117.9,163.9,38.64
10092,510.94,Carreta_Bau,28.0,13.43,754.16,695.91,3703.65,1597.12
10093,87.98,Toco,6.0,3.54,241.32,238.02,398.53,91.09
10094,54.76,Toco,6.0,2.87,132.7,177.78,248.95,58.56
10095,36.6,3/4,4.0,1.69,101.26,110.13,131.4,40.58
10096,279.39,Carreta_Bau,28.0,10.32,455.07,422.77,2071.78,866.72
10097,86.69,VUC,3.0,1.54,205.66,180.33,263.62,53.99
10098,39.37,Toco,6.0,4.41,104.2,126.75,208.73,55.56
10099,50.33,3/4,4.0,1.11,131.76,133.83,184.79,45.93
10100,177.94,Toco,6.0,5.31,482.12,455.02,799.56,188.29
10101,505.41,Carreta_Sider,28.0,19.46,610.85,675.46,3866.69,1657.26
10102,106.53,Truck,14.0,3.38,333.72,307.11,622.48,173.68
10103,14.6,3/4,4.0,0.68,47.89,59.62,60.14,19.33
10104,300.77,Carreta_Bau,28.0,5.42,362.2,426.97,2159.2,934.97
10105,436.96,Carreta_Sider,28.0,6.35,665.33,626.77,3188.79,1397.95
10106,423.45,Carreta_Sider,28.0,19.52,598.18,623.33,3284.0,1393.25
10107,71.1,VUC,3.0,2.85,167.73,145.81,236.91,40.1
10108,67.73,3/4,4.0,1.05,173.38,178.54,241.89,52.95
10109,76.28,3/4,4.0,1.57,213.28,184.17,270.97,57.54
10110,175.42,VUC,3.0,2.66,376.33,371.31,532.54,119.7
10111,33.59,VUC,3.0,1.74,106.67,65.83,101.16,23.43
10112,43.68,VUC,3.0,1.54,92.4,120.63,144.23,28.45
10113,19.32,3/4,4.0,2.21,60.29,42.62,77.75,24.09
10114,91.77,Toco,6.0,1.42,238.99,226.82,393.92,100.42
10115,11.83,VUC,3.0,1.01,44.49,38.79,40.01,13.17
10116,395.81,Carreta_Sider,28.0,27.1,563.48,580.17,3211.94,1322.99
10117,359.47,Carreta_Sider,28.0,19.51,485.37,570.57,2829.1,1183.94
10118,381.99,Carreta_Bau,28.0,11.01,590.71,530.24,2786.06,1187.34
10119,63.06,VUC,3.0,2.86,144.64,154.32,214.88,46.2
10120,208.09,3/4,4.0,1.95,492.89,501.19,715.11,177.99
10121,68.18,VUC,3.0,0.81,155.01,162.22,212.33,40.91
10122,439.56,Carreta_Sider,28.0,27.17,609.09,635.03,3517.7,1468.65
10123,18.35,3/4,4.0,2.86,53.24,62.49,91.66,22.12
10124,37.24,Truck,14.0,11.06,136.79,154.34,344.98,61.14
10125,7.92,Toco,6.0,1.01,44.1,16.97,45.75,4.65
10126,54.65,Truck,14.0,5.47,188.41,193.52,369.17,84.85
10127,94.54,Truck,14.0,13.35,283.36,304.03,683.63,150.94
10128,43.12,Truck,14.0,3.95,142.12,171.19,286.48,68.44
10129,94.09,Toco,6.0,5.35,247.24,258.63,443.2,107.03
10130,15.49,VUC,3.0,2.41,62.22,47.47,69.96,18.74
10131,39.71,VUC,3.0,1.42,88.99,103.82,128.38,21.29
10132,332.68,Carreta_Bau,28.0,25.3,385.98,486.78,2666.18,1071.48
10133,86.08,Truck,14.0,13.08,231.72,261.91,641.73,143.74
10134,83.78,VUC,3.0,2.66,171.63,186.5,271.32,54.66
10135,33.45,VUC,3.0,1.49,76.68,74.13,114.15,13.71
10136,65.75,Toco,6.0,3.89,156.53,173.33,313.06,66.67
10137,403.16,Carreta_Bau,28.0,11.49,625.97,597.46,2941.95,1268.99
10138,84.64,Truck,14.0,3.65,207.6,285.02,490.16,140.87
10139,494.32,Carreta_Bau,28.0,25.67,733.94,654.91,3773.78,1592.02
10140,73.79,3/4,4.0,3.94,196.83,182.23,289.62,66.39
10141,61.19,Truck,14.0,2.8,210.02,177.32,373.42,101.56
10142,17.88,Toco,6.0,4.41,66.78,81.18,122.62,17.36
10143,458.59,Carreta_Sider,28.0,26.79,614.67,670.69,3644.52,1525.45
10144,10.64,3/4,4.0,2.67,47.7,60.92,71.66,5.99
10145,59.93,VUC,3.0,0.57,156.81,123.08,170.01,38.42
10146,49.53,Truck,14.0,2.28,140.88,147.87,305.87,73.27
10147,25.66,3/4,4.0,2.31,55.83,70.4,104.9,18.45
10148,30.64,VUC,3.0,2.85,57.95,68.38,122.54,22.61
10149,39.68,VUC,3.0,1.16,96.92,92.71,123.89,23.41
10150,49.09,Toco,6.0,2.69,157.11,156.69,227.61,44.18
10151,427.49,Carreta_Sider,28.0,23.14,696.82,632.84,3352.78,1411.47
10152,218.1,Truck,14.0,11.64,604.03,634.63,1326.71,364.52
10153,39.51,Toco,6.0,5.71,153.42,120.0,223.02,44.43
10154,39.24,3/4,4.0,3.45,115.59,82.39,162.12,25.39
10155,14.53,Truck,14.0,9.17,75.08,42.91,205.12,29.02
10156,117.99,Truck,14.0,13.27,299.36,379.21,821.28,195.79
10157,82.77,VUC,3.0,2.02,176.68,172.3,261.29,55.09
10158,339.22,Carreta_Sider,28.0,18.52,460.36,536.62,2661.1,1116.17
10159,109.67,Toco,6.0,0.98,258.55,282.94,459.08,115.66
10160,398.53,Carreta_Bau,28.0,15.04,614.3,569.41,2961.33,1245.15
10161,59.43,Truck,14.0,2.61,158.03,200.58,360.18,103.73
10162,408.15,Carreta_Sider,28.0,25.59,666.71,619.8,3268.33,1345.13
10163,17.3,3/4,4.0,0.64,50.75,46.53,65.2,12.66
10164,42.57,Toco,6.0,2.47,104.49,124.92,201.45,52.28
10165,41.92,Truck,14.0,13.94,147.15,151.27,413.41,66.7
10166,58.66,Toco,6.0,4.95,187.25,170.76,302.53,61.45
10167,334.24,Carreta_Sider,28.0,22.23,407.69,517.84,2696.66,1101.93
10168,166.46,Toco,6.0,4.54,396.56,418.98,726.48,181.81
10169,59.41,VUC,3.0,0.58,141.41,136.17,182.52,32.96
10170,467.18,Carreta_Sider,28.0,11.06,734.06,638.62,3454.16,1503.32
10171,62.72,Toco,6.0,4.97,177.32,175.47,314.14,74.5
10172,67.51,3/4,4.0,3.64,160.94,169.12,259.92,55.72
10173,13.41,VUC,3.0,1.34,34.96,26.54,46.51,11.05
10174,348.27,Carreta_Bau,28.0,10.37,418.89,500.67,2536.96,1081.26
10175,31.75,3/4,4.0,1.4,65.44,79.12,119.62,33.5
10176,5.58,3/4,4.0,2.46,24.14,22.08,51.65,9.43
10177,45.37,3/4,4.0,1.59,138.24,127.29,170.97,37.64
10178,313.83,Carreta_Bau,28.0,4.71,393.69,465.91,2231.45,970.05
10179,336.23,Carreta_Bau,28.0,13.5,502.02,507.62,2506.6,1062.78
10180,130.23,VUC,3.0,1.86,294.7,309.23,378.89,78.74
10181,409.69,Carreta_Sider,28.0,19.29,524.1,615.97,3182.63,1338.59
10182,120.83,Toco,6.0,2.65,285.04,294.3,508.32,132.1
10183,43.08,VUC,3.0,1.25,100.32,91.86,132.92,20.91
10184,70.82,VUC,3.0,1.17,138.56,176.63,215.26,37.17
10185,340.81,Carreta_Bau,28.0,19.04,429.82,500.28,2624.23,1073.86
10186,166.93,Toco,6.0,2.35,356.09,422.05,707.83,180.14
10187,19.21,VUC,3.0,2.79,53.29,57.94,85.84,2.4
10188,61.47,Toco,6.0,2.34,156.1,166.14,288.52,64.04
10189,183.27,Toco,6.0,4.93,554.35,494.67,816.07,184.77
10190,31.91,VUC,3.0,1.27,77.27,75.89,105.93,22.48
10191,194.13,3/4,4.0,2.76,409.38,481.59,682.0,168.3
10192,38.75,3/4,4.0,2.98,74.89,95.22,163.61,32.13
10193,69.46,3/4,4.0,1.19,186.51,160.68,244.1,63.88
10194,101.08,Toco,6.0,2.84,288.46,255.88,447.55,113.13
10195,10.51,VUC,3.0,0.78,37.47,22.94,48.36,2.66
10196,35.19,VUC,3.0,1.75,89.95,95.34,104.03,18.19
10197,39.61,VUC,3.0,2.77,63.73,76.25,142.97,30.34
10198,474.03,Carreta_Bau,28.0,18.39,672.54,644.18,3533.71,1506.19
10199,69.13,Truck,14.0,10.45,199.26,230.65,516.2,112.77
10200,22.13,Truck,14.0,5.47,90.75,57.37,198.58,26.99
10201,436.8,Carreta_Bau,28.0,15.34,670.94,591.27,3213.06,1380.68
10202,108.3,Toco,6.0,4.68,324.33,286.11,500.82,119.37
10203,90.21,Toco,6.0,1.57,189.77,245.67,393.69,95.92
10204,94.8,Truck,14.0,3.55,261.76,283.35,562.47,137.87
10205,78.52,VUC,3.0,1.02,165.71,179.63,231.97,52.34
10206,31.27,VUC,3.0,1.05,60.56,64.64,104.74,19.49
10207,64.41,3/4,4.0,3.87,181.46,181.97,254.33,53.18
10208,119.22,Toco,6.0,1.71,302.96,323.89,498.49,123.14
10209,11.57,VUC,3.0,0.72,40.68,24.69,47.76,7.83
10210,83.29,3/4,4.0,1.07,171.02,197.86,300.33,71.73
10211,427.72,Carreta_Bau,28.0,9.03,603.6,567.09,3066.83,1327.88
10212,50.96,3/4,4.0,1.85,137.11,142.3,185.39,45.74
10213,20.06,3/4,4.0,1.27,42.21,42.35,77.68,11.0
10214,97.89,Toco,6.0,1.35,258.23,251.08,417.24,100.91
10215,294.32,Carreta_Sider,28.0,7.45,393.89,447.32,2187.97,945.34
10216,140.6,Toco,6.0,4.93,429.39,346.93,638.51,152.89
10217,33.79,VUC,3.0,1.78,77.3,70.71,113.53,30.28
10218,76.87,Truck,14.0,10.98,242.67,250.66,564.83,128.55
10219,346.44,Carreta_Sider,28.0,8.41,537.71,506.91,2570.96,1105.11
10220,83.19,3/4,4.0,1.64,168.07,212.88,302.5,62.05
10221,51.29,VUC,3.0,2.95,92.05,129.54,183.75,37.6
10222,47.71,Truck,14.0,3.12,180.78,144.9,293.3,73.35
10223,519.29,Carreta_Bau,28.0,14.64,731.2,699.6,3773.84,1638.11
10224,168.11,Truck,14.0,5.62,493.69,487.37,977.76,269.31
10225,72.32,VUC,3.0,0.47,162.09,154.82,210.02,46.47
10226,501.59,Carreta_Bau,28.0,17.35,700.42,709.36,3702.82,1585.05
10227,79.18,VUC,3.0,1.85,146.37,178.15,242.78,52.19
10228,73.6,VUC,3.0,1.27,176.35,140.38,229.35,50.44
10229,462.83,Carreta_Bau,28.0,15.44,574.76,632.77,3406.4,1458.43
10230,38.98,Toco,6.0,2.9,101.3,109.0,193.59,45.42
10231,62.42,3/4,4.0,2.18,136.71,160.9,239.85,44.37
10232,82.02,3/4,4.0,3.48,204.79,224.77,305.43,72.85
10233,513.99,Carreta_Bau,28.0,21.19,695.81,718.58,3840.18,1638.97
10234,17.81,VUC,3.0,1.16,63.23,47.74,59.56,9.99
10235,420.63,Carreta_Sider,28.0,9.9,631.4,591.05,3118.43,1341.14
10236,459.22,Carreta_Bau,28.0,21.46,588.92,664.79,3466.54,1456.69
10237,39.32,VUC,3.0,1.02,90.58,89.01,124.9,26.01
10238,347.7,Carreta_Bau,28.0,25.8,436.5,502.15,2773.9,1120.88
10239,9.15,VUC,3.0,2.57,34.93,37.47,55.9,8.01
10240,41.21,3/4,4.0,1.46,122.12,90.05,157.35,34.5
10241,463.6,Carreta_Sider,28.0,23.28,575.76,678.31,3624.39,1527.2
10242,142.39,Truck,14.0,4.38,337.65,415.57,817.57,224.06
10243,74.28,VUC,3.0,0.51,151.15,160.24,222.68,35.98
10244,21.93,3/4,4.0,3.87,54.44,28.04,108.93,19.65
10245,53.31,Toco,6.0,4.78,174.52,167.29,256.62,68.18
10246,410.2,Carreta_Sider,28.0,15.84,459.75,580.67,3143.5,1335.53
10247,7.33,3/4,4.0,3.47,25.34,23.61,59.0,2.52
10248,85.69,3/4,4.0,0.86,179.89,208.36,296.3,71.3
10249,78.62,3/4,4.0,3.11,157.31,189.64,287.6,66.8
10250,51.72,3/4,4.0,3.85,117.83,164.74,215.37,36.18
10251,362.21,Carreta_Bau,28.0,23.68,565.11,511.92,2841.04,1162.07
10252,120.43,3/4,4.0,2.07,319.25,278.31,429.64,101.28
10253,68.23,VUC,3.0,1.33,143.24,163.65,202.16,42.57
10254,13.46,3/4,4.0,3.63,47.61,41.26,84.65,21.58
10255,80.91,VUC,3.0,1.19,207.16,178.5,247.12,50.85
10256,218.93,Truck,14.0,13.26,515.99,679.04,1356.42,374.68
10257,186.85,Truck,14.0,5.91,600.88,547.0,1083.56,298.56
10258,69.09,Toco,6.0,1.54,199.74,207.8,306.22,66.11
10259,14.92,3/4,4.0,1.4,46.58,58.04,66.79,8.44
10260,93.24,VUC,3.0,1.77,194.9,214.56,294.92,65.72
10261,6.05,3/4,4.0,1.05,12.06,26.24,32.35,1.25
10262,267.2,Carreta_Sider,28.0,13.24,339.3,402.7,2089.08,858.43
10263,61.19,Toco,6.0,5.52,186.77,187.42,320.69,69.5
10264,19.63,VUC,3.0,0.69,50.7,60.39,54.59,10.42
10265,179.3,Toco,6.0,4.03,472.79,467.71,778.75,198.72
10266,69.45,VUC,3.0,1.48,172.73,153.15,210.86,40.98
10267,10.41,Truck,14.0,9.8,29.32,50.37,183.94,12.52
10268,11.38,VUC,3.0,1.7,27.08,54.89,49.07,15.59
10269,46.43,VUC,3.0,2.69,89.94,113.56,163.65,26.17
10270,94.45,Toco,6.0,2.95,231.71,225.81,409.34,97.92
10271,29.16,VUC,3.0,1.75,56.35,72.11,103.21,21.02
10272,59.74,3/4,4.0,1.04,133.05,143.94,212.61,35.82
10273,51.19,3/4,4.0,2.27,113.11,93.34,205.05,47.07
10274,80.63,Toco,6.0,1.49,211.84,205.96,343.38,94.87
10275,211.8,Truck,14.0,9.04,678.84,654.87,1265.27,351.94
10276,30.26,Toco,6.0,3.08,58.69,61.22,163.56,27.55
10277,54.5,3/4,4.0,3.26,147.72,122.1,220.44,43.26
10278,90.51,3/4,4.0,2.02,230.68,183.15,335.57,76.79
10279,220.81,Carreta_Sider,28.0,19.21,390.77,355.48,1858.58,726.01
10280,349.92,Carreta_Sider,28.0,5.6,544.23,489.52,2562.2,1123.54
10281,34.27,Toco,6.0,4.52,110.61,88.74,189.66,45.45
10282,43.99,Toco,6.0,5.78,127.13,154.31,252.37,47.78
10283,84.88,VUC,3.0,1.59,159.86,199.65,250.9,51.64
10284,34.26,3/4,4.0,0.63,92.95,87.75,116.31,24.45
10285,38.64,VUC,3.0,1.99,78.83,115.9,141.12,28.13
10286,31.67,VUC,3.0,0.82,89.78,70.69,104.49,25.36
10287,77.67,Toco,6.0,3.29,236.06,197.21,349.92,84.58
10288,88.67,Truck,14.0,2.49,251.36,264.08,536.53,141.59
10289,61.43,Toco,6.0,3.16,149.24,148.52,279.23,77.11
10290,60.75,Truck,14.0,12.51,190.89,175.88,501.87,104.53
10291,152.32,Truck,14.0,3.71,434.89,457.34,865.62,234.23
10292,39.49,3/4,4.0,2.29,93.71,108.8,170.91,33.32
10293,197.47,Truck,14.0,5.12,632.38,556.85,1126.11,319.86
10294,5.14,VUC,3.0,1.12,10.35,29.71,26.23,1.91
10295,229.79,Carreta_Bau,28.0,19.51,327.41,385.8,1856.25,736.47
10296,285.85,Carreta_Bau,28.0,22.01,348.13,437.73,2304.07,911.31
10297,111.19,Truck,14.0,12.49,301.05,329.15,763.4,180.16
10298,519.66,Carreta_Bau,28.0,10.82,580.31,713.27,3729.25,1618.16
10299,222.67,Carreta_Bau,28.0,5.88,378.13,361.95,1625.51,691.07
10300,217.12,Toco,6.0,3.16,563.24,576.49,915.17,228.41
10301,330.82,Carreta_Bau,28.0,18.11,548.6,499.32,2524.33,1045.69
10302,19.83,VUC,3.0,2.34,46.54,29.36,81.38,17.11
10303,17.42,VUC,3.0,2.38,47.32,27.82,74.67,4.51
10304,14.55,VUC,3.0,2.65,43.3,40.55,73.36,4.31
10305,457.96,Carreta_Sider,28.0,4.94,631.01,653.46,3330.92,1449.37
10306,63.52,3/4,4.0,3.94,159.72,163.36,263.12,50.69
10307,16.41,3/4,4.0,3.89,47.35,45.6,106.1,11.63
10308,289.14,Carreta_Bau,28.0,5.05,336.33,407.79,2068.35,890.23
10309,11.79,VUC,3.0,1.25,43.48,57.45,39.8,2.91
10310,38.81,VUC,3.0,2.4,101.92,113.03,135.81,23.31
10311,26.66,VUC,3.0,1.67,47.76,47.97,90.29,21.98
10312,17.27,Toco,6.0,0.92,68.05,70.11,84.84,19.97
10313,17.3,VUC,3.0,1.35,44.47,51.83,61.85,21.69
10314,27.31,VUC,3.0,1.93,65.92,78.77,88.78,14.22
10315,52.85,3/4,4.0,3.59,124.64,156.13,227.25,43.42
10316,72.99,VUC,3.0,2.56,159.76,183.28,235.91,48.34
10317,81.6,VUC,3.0,2.86,210.99,188.31,262.63,50.91
10318,200.76,Truck,14.0,7.67,517.71,583.04,1172.88,327.49
10319,72.38,Toco,6.0,4.97,234.83,194.91,351.28,70.19
10320,335.5,Carreta_Sider,28.0,6.6,524.82,496.12,2469.12,1069.92
10321,300.25,Carreta_Sider,28.0,16.54,402.68,506.46,2358.16,983.7
10322,61.17,VUC,3.0,2.79,168.84,139.92,206.8,49.56
10323,86.59,Truck,14.0,12.08,288.5,284.57,626.92,151.14
10324,51.3,VUC,3.0,2.12,115.6,124.34,174.99,33.78
10325,274.81,Carreta_Bau,28.0,7.75,411.08,403.6,2004.67,854.5
10326,513.15,Carreta_Bau,28.0,8.53,703.64,699.01,3650.83,1595.37
10327,518.28,Carreta_Bau,28.0,20.35,729.88,702.2,3857.59,1646.91
10328,61.64,VUC,3.0,1.28,109.9,125.85,193.22,34.4
10329,333.83,Carreta_Bau,28.0,12.04,446.03,498.12,2464.91,1045.69
10330,41.46,VUC,3.0,2.61,95.61,81.03,153.37,26.5
10331,123.9,Truck,14.0,2.34,386.59,380.25,695.29,201.92
10332,33.79,Truck,14.0,6.77,100.14,129.38,275.22,43.03
10333,335.94,Carreta_Bau,28.0,9.87,516.54,507.62,2446.63,1045.42
10334,499.8,Carreta_Bau,28.0,4.84,547.61,680.14,3509.96,1546.25
10335,34.19,3/4,4.0,1.34,87.04,78.3,137.23,31.48
10336,17.5,3/4,4.0,1.23,45.3,70.15,78.02,9.7
10337,76.49,3/4,4.0,2.32,168.88,202.64,290.5,58.36
10338,488.42,Carreta_Sider,28.0,14.56,678.24,700.53,3661.34,1586.29
10339,9.04,VUC,3.0,1.65,33.01,41.8,50.54,9.72
10340,186.59,Toco,6.0,5.38,542.84,458.6,817.55,209.04
10341,65.4,VUC,3.0,1.71,167.78,159.1,202.91,42.51
10342,175.8,VUC,3.0,2.08,321.34,356.23,525.36,116.74
10343,159.71,Truck,14.0,9.81,545.44,465.81,994.92,264.24
10344,82.67,VUC,3.0,1.77,214.13,170.92,252.19,56.07
10345,443.41,Carreta_Bau,28.0,11.45,509.91,593.22,3217.17,1390.27
10346,303.27,Carreta_Bau,28.0,25.7,363.58,473.3,2469.4,973.69
10347,238.67,Carreta_Bau,28.0,14.63,360.68,382.8,1858.05,746.34
10348,49.27,Toco,6.0,3.81,129.33,160.04,241.07,57.35
10349,10.39,Toco,6.0,3.75,45.46,63.02,85.94,8.76
10350,42.99,VUC,3.0,2.56,104.97,104.31,150.72,18.29
10351,35.23,Toco,6.0,3.63,132.8,117.93,189.81,45.47
10352,93.68,VUC,3.0,1.62,223.41,203.57,280.29,61.23
10353,66.91,VUC,3.0,1.62,138.4,148.6,200.85,43.88
10354,69.64,VUC,3.0,2.44,155.65,158.12,212.07,44.36
10355,50.94,VUC,3.0,1.29,153.94,115.06,165.17,36.58
10356,68.56,VUC,3.0,2.83,143.67,157.43,233.4,38.5
10357,233.04,Carreta_Sider,28.0,24.35,342.19,407.64,1998.98,772.4
10358,212.05,Truck,14.0,3.75,593.2,597.11,1191.32,341.83
10359,69.75,VUC,3.0,1.26,159.47,150.0,211.17,47.09
10360,10.04,Truck,14.0,12.88,43.81,72.58,239.75,8.2
10361,470.11,Carreta_Sider,28.0,10.83,676.5,654.56,3479.5,1518.18
10362,24.26,VUC,3.0,1.26,44.86,54.99,87.52,13.33
10363,5.18,VUC,3.0,1.0,34.69,37.39,25.0,0.02
10364,50.39,VUC,3.0,0.59,126.95,105.23,147.53,23.8
10365,269.11,Carreta_Bau,28.0,15.59,334.85,425.4,2083.47,859.37
10366,83.7,VUC,3.0,2.37,192.44,187.23,272.23,53.71
10367,198.71,3/4,4.0,2.84,455.97,470.49,690.66,171.11
10368,396.92,Carreta_Sider,28.0,4.86,615.37,569.11,2893.08,1258.06
10369,59.47,VUC,3.0,1.78,126.61,123.95,183.4,30.54
10370,365.07,Carreta_Sider,28.0,12.06,451.39,530.57,2742.51,1183.76
10371,399.03,Carreta_Bau,28.0,19.47,505.55,596.46,3026.76,1261.07
10372,49.52,VUC,3.0,1.48,93.68,106.93,161.52,38.13
10373,88.26,Toco,6.0,5.9,254.48,230.48,420.55,107.14
10374,19.67,VUC,3.0,2.56,52.48,47.56,71.98,8.94
10375,10.79,VUC,3.0,2.24,36.06,31.78,52.77,4.68
10376,87.47,Truck,14.0,8.24,320.51,266.36,577.48,130.37
10377,444.33,Carreta_Bau,28.0,18.27,684.47,631.85,3327.68,1399.55
10378,86.15,Truck,14.0,7.36,234.9,268.95,562.88,143.57
10379,66.15,VUC,3.0,2.48,134.23,140.98,221.21,49.32
10380,138.02,Toco,6.0,5.53,319.4,370.55,628.59,149.03
10381,26.38,3/4,4.0,4.0,89.61,80.41,145.43,19.78
10382,95.85,Toco,6.0,3.95,247.42,274.27,431.15,96.71
10383,116.49,3/4,4.0,2.92,317.09,280.03,423.82,94.05
10384,92.25,VUC,3.0,1.47,188.07,200.19,269.7,65.52
10385,73.65,Truck,14.0,2.2,252.06,225.31,437.85,119.01
10386,395.39,Carreta_Bau,28.0,20.94,585.86,572.89,3031.56,1251.08
10387,492.16,Carreta_Bau,28.0,26.43,661.02,694.1,3779.11,1588.94
10388,235.72,Carreta_Sider,28.0,24.66,348.25,401.87,2035.02,793.61
10389,65.32,VUC,3.0,2.69,163.42,141.54,206.75,40.71
10390,427.01,Carreta_Bau,28.0,13.77,542.04,607.63,3132.91,1337.48
10391,404.9,Carreta_Bau,28.0,21.18,549.37,588.15,3088.76,1293.9
10392,24.28,Toco,6.0,4.16,52.36,80.79,155.62,31.59
10393,50.69,3/4,4.0,2.44,126.09,138.49,195.75,47.2
10394,510.68,Carreta_Bau,28.0,7.81,675.37,687.69,3620.6,1582.06
10395,78.85,3/4,4.0,2.56,207.34,191.92,308.33,65.04
10396,82.28,3/4,4.0,1.62,189.89,207.48,300.64,60.49
10397,295.09,Carreta_Bau,28.0,20.95,384.65,466.74,2344.41,934.28
10398,55.09,3/4,4.0,3.81,103.97,149.18,225.8,49.56
10399,51.57,Truck,14.0,10.76,157.47,164.18,416.87,82.57
10400,67.49,VUC,3.0,1.11,171.82,156.24,212.61,44.0
10401,52.07,3/4,4.0,2.18,120.71,132.61,209.96,42.9
10402,165.58,Toco,6.0,3.78,377.1,431.87,708.96,180.74
10403,420.22,Carreta_Sider,28.0,21.48,563.5,641.21,3283.43,1384.72
10404,42.01,3/4,4.0,1.1,107.05,105.93,149.28,38.75
10405,443.0,Carreta_Bau,28.0,16.71,609.55,620.9,3289.37,1403.77
10406,395.6,Carreta_Bau,28.0,24.67,589.63,567.82,3091.09,1270.28
10407,11.77,Truck,14.0,2.43,54.96,53.63,101.67,17.77
10408,461.85,Carreta_Sider,28.0,21.52,570.6,655.37,3578.49,1521.74
10409,15.47,3/4,4.0,3.59,40.55,36.87,81.07,9.45
10410,252.75,Carreta_Bau,28.0,23.14,347.69,382.14,2075.23,814.54
10411,388.38,Carreta_Bau,28.0,26.38,567.78,559.82,3071.54,1248.71
10412,207.14,Toco,6.0,4.89,550.15,520.42,902.36,227.33
10413,73.19,Truck,14.0,8.26,239.82,231.57,511.46,120.61
10414,284.74,Carreta_Sider,28.0,15.55,388.39,441.25,2239.53,928.37
10415,6.24,3/4,4.0,0.71,34.43,43.67,29.86,6.52
10416,8.76,3/4,4.0,0.66,46.11,37.96,39.74,6.57
10417,86.32,3/4,4.0,2.77,159.68,218.89,323.71,81.95
10418,198.06,Toco,6.0,2.3,594.38,518.5,840.74,213.12
10419,68.06,Toco,6.0,2.47,155.3,205.79,302.81,71.97
10420,160.68,Truck,14.0,11.7,387.95,492.84,1020.06,275.59
10421,110.28,Truck,14.0,3.42,327.65,318.61,637.3,172.91
10422,4.38,Toco,6.0,2.35,10.87,42.29,35.15,13.68
10423,32.4,3/4,4.0,2.93,78.81,93.41,148.78,17.76
10424,73.46,Toco,6.0,1.06,204.7,217.42,325.46,75.94
10425,42.0,VUC,3.0,1.78,79.05,99.56,144.92,18.62
10426,380.36,Carreta_Bau,28.0,6.23,572.64,553.38,2711.64,1168.77
10427,46.66,Truck,14.0,11.16,131.01,163.06,415.4,79.51
10428,466.99,Carreta_Bau,28.0,19.3,535.0,653.18,3492.61,1484.65
10429,45.75,Toco,6.0,4.0,152.86,142.31,239.86,46.92
10430,228.63,Carreta_Bau,28.0,9.47,405.85,361.69,1714.81,719.64
10431,277.43,Carreta_Bau,28.0,21.45,374.44,443.56,2226.08,890.73
10432,96.51,Toco,6.0,2.44,251.25,234.79,421.21,103.55
10433,270.46,Carreta_Bau,28.0,17.79,369.61,430.2,2125.94,847.31
10434,214.56,Truck,14.0,3.2,617.46,602.89,1190.69,348.45
10435,22.39,3/4,4.0,0.93,66.66,72.97,90.55,16.2
10436,69.65,VUC,3.0,0.94,154.4,111.6,204.62,45.46
10437,13.37,VUC,3.0,1.0,35.65,14.55,53.67,12.44
10438,50.16,VUC,3.0,0.77,112.18,115.97,168.56,29.57
10439,339.04,Carreta_Bau,28.0,7.01,402.02,491.57,2441.77,1056.0
10440,481.12,Carreta_Sider,28.0,25.12,663.56,688.51,3780.82,1595.21
10441,310.11,Carreta_Bau,28.0,17.4,392.8,478.68,2392.13,983.8
10442,19.47,VUC,3.0,2.04,48.2,66.26,63.42,16.34
10443,382.1,Carreta_Bau,28.0,11.05,498.27,579.67,2786.2,1197.56
10444,8.23,3/4,4.0,0.79,28.44,34.3,41.96,15.55
10445,17.04,Toco,6.0,5.84,58.94,78.8,127.62,14.83
10446,394.83,Carreta_Sider,28.0,5.49,615.05,556.54,2876.95,1252.68
10447,159.78,Toco,6.0,5.1,474.44,405.69,709.44,174.72
10448,83.11,3/4,4.0,2.86,228.82,189.95,303.87,86.29
10449,20.03,VUC,3.0,1.49,48.59,52.41,67.98,19.54
10450,29.33,Truck,14.0,10.98,97.55,116.41,316.8,45.77
10451,16.57,Toco,6.0,4.8,60.5,76.8,102.96,16.5
10452,242.29,Carreta_Bau,28.0,25.1,326.92,404.77,2042.43,778.66
10453,143.09,Toco,6.0,3.68,426.29,389.91,632.61,157.14
10454,70.93,3/4,4.0,1.33,188.87,192.18,254.24,62.53
10455,44.54,VUC,3.0,1.91,110.12,105.07,157.73,32.08
10456,89.87,Toco,6.0,1.41,238.49,237.55,381.31,101.68
10457,282.32,Carreta_Bau,28.0,13.15,482.38,410.43,2127.52,895.35
10458,64.45,3/4,4.0,2.68,141.2,152.27,247.26,54.31
10459,472.1,Carreta_Bau,28.0,10.19,687.16,635.5,3389.1,1470.28
10460,299.4,Carreta_Sider,28.0,24.79,512.9,466.49,2483.12,991.39
10461,52.36,VUC,3.0,2.94,105.67,115.41,181.18,32.99
10462,63.75,VUC,3.0,0.64,134.31,150.38,185.38,41.88
10463,288.87,Carreta_Sider,28.0,9.1,430.99,450.71,2173.81,930.86
10464,7.68,3/4,4.0,2.21,33.02,47.31,44.59,15.14
10465,90.51,Truck,14.0,2.55,301.7,280.7,529.38,141.02
10466,183.96,3/4,4.0,0.92,424.73,415.61,622.5,154.72
10467,226.84,Carreta_Bau,28.0,25.64,288.1,393.45,1935.33,725.67
10468,493.05,Carreta_Bau,28.0,5.28,676.02,646.87,3463.02,1522.84
10469,91.04,3/4,4.0,1.44,191.48,231.64,324.25,89.63
10470,29.13,3/4,4.0,2.04,88.34,70.24,126.23,23.93
10471,61.17,VUC,3.0,0.5,158.5,105.5,186.8,50.57
10472,22.37,Truck,14.0,11.75,85.77,102.39,283.1,32.94
10473,53.82,Toco,6.0,5.13,167.98,149.45,284.68,57.11
10474,74.14,3/4,4.0,1.94,198.59,197.25,271.23,60.85
10475,89.52,Truck,14.0,4.5,262.58,287.69,547.32,145.04
10476,34.87,VUC,3.0,2.73,93.92,71.51,132.97,22.03
10477,67.11,VUC,3.0,2.18,184.35,172.3,211.1,47.24
10478,69.19,3/4,4.0,2.38,193.77,143.78,252.83,45.02
10479,223.77,Carreta_Bau,28.0,13.54,323.29,371.38,1746.74,697.4
10480,24.12,Toco,6.0,3.65,70.23,99.64,143.68,35.72
10481,61.24,3/4,4.0,1.45,162.15,137.59,230.02,44.27
10482,63.64,VUC,3.0,1.6,140.28,173.0,192.57,38.94
10483,73.53,VUC,3.0,2.2,159.63,166.42,231.72,50.66
10484,95.0,Truck,14.0,7.0,231.38,297.0,596.47,154.38
10485,7.66,VUC,3.0,2.2,43.76,45.56,50.83,0.71
10486,22.41,3/4,4.0,3.11,52.01,72.75,107.42,21.46
10487,17.2,3/4,4.0,3.16,51.29,36.82,90.94,18.95
10488,18.05,VUC,3.0,1.9,51.11,8.0,85.69,8.63
10489,45.34,3/4,4.0,1.23,118.54,102.7,172.0,39.9
10490,83.95,Toco,6.0,4.47,239.34,214.57,399.31,96.39
10491,405.84,Carreta_Bau,28.0,23.7,487.04,572.99,3131.07,1306.08
10492,112.91,Truck,14.0,3.22,293.13,329.27,642.11,182.71
10493,149.53,Truck,14.0,12.76,392.69,409.5,982.7,257.72
10494,44.83,3/4,4.0,3.8,133.87,100.57,180.08,39.09
10495,227.38,Carreta_Sider,28.0,20.1,387.96,394.1,1902.74,742.18
10496,64.83,VUC,3.0,0.73,147.61,159.87,189.16,39.69
10497,38.26,3/4,4.0,2.82,89.21,91.64,155.16,38.76
10498,478.1,Carreta_Sider,28.0,12.67,574.13,683.41,3560.36,1542.44
10499,33.09,Truck,14.0,5.71,114.59,82.19,250.7,42.35
10500,79.92,VUC,3.0,0.54,139.73,179.88,227.8,52.38
10501,188.2,Truck,14.0,10.73,528.03,571.27,1156.23,308.81
10502,403.87,Carreta_Sider,28.0,17.69,653.8,599.07,3120.58,1331.66
10503,166.2,VUC,3.0,1.6,378.47,353.31,480.73,107.67
10504,63.65,VUC,3.0,1.44,139.09,107.63,199.35,46.79
10505,35.93,3/4,4.0,2.0,87.3,122.49,147.75,27.89
10506,355.46,Carreta_Bau,28.0,14.98,501.97,545.11,2663.9,1121.92
10507,87.19,Truck,14.0,7.78,267.59,280.65,572.49,144.21
10508,344.4,Carreta_Sider,28.0,6.52,504.26,528.26,2532.56,1106.91
10509,49.36,VUC,3.0,1.42,124.29,114.05,162.08,32.43
10510,21.13,Truck,14.0,2.86,103.9,93.34,161.19,31.18
10511,47.97,Toco,6.0,4.86,139.84,150.94,241.83,58.01
10512,359.33,Carreta_Sider,28.0,16.63,492.01,537.17,2782.34,1168.65
10513,65.4,VUC,3.0,2.49,135.67,136.14,214.77,38.48
10514,37.41,Toco,6.0,3.09,106.5,124.03,183.01,40.27
10515,80.78,3/4,4.0,1.12,169.84,221.26,283.71,65.72
10516,52.52,3/4,4.0,1.62,127.22,149.96,198.94,44.2
10517,46.57,VUC,3.0,1.05,113.7,112.82,140.09,26.14
10518,216.67,3/4,4.0,2.1,526.61,501.04,752.31,188.87
10519,82.14,3/4,4.0,3.28,227.52,204.14,307.05,76.2
10520,163.89,3/4,4.0,1.0,363.86,347.4,554.49,140.56
10521,471.76,Carreta_Bau,28.0,13.72,679.69,648.77,3443.29,1484.83
10522,46.13,Truck,14.0,3.19,137.09,149.43,304.19,64.64
10523,41.71,VUC,3.0,1.45,94.64,81.46,127.96,27.19
10524,13.44,VUC,3.0,1.94,37.86,55.53,66.46,12.95
10525,36.99,Truck,14.0,2.92,131.9,130.77,244.46,65.88
10526,40.13,VUC,3.0,0.62,111.14,57.94,108.64,24.17
10527,337.01,Carreta_Sider,28.0,21.59,502.4,520.91,2692.54,1117.21
10528,185.12,Truck,14.0,6.95,509.57,560.14,1090.86,302.74
10529,270.66,Carreta_Bau,28.0,12.56,433.13,409.38,2034.51,834.82
10530,20.44,VUC,3.0,2.2,31.07,40.97,79.03,12.73
10531,123.51,VUC,3.0,0.67,218.45,247.49,360.59,73.4
10532,297.03,Carreta_Sider,28.0,24.66,396.3,475.64,2470.98,982.03
10533,57.49,VUC,3.0,2.43,120.9,121.29,192.39,42.64
10534,275.15,Carreta_Sider,28.0,13.47,383.22,414.55,2154.12,893.23
10535,17.09,3/4,4.0,2.19,55.05,77.03,77.89,11.88
10536,24.36,Toco,6.0,2.93,84.06,82.53,136.06,22.94
10537,55.06,VUC,3.0,2.45,130.56,119.15,187.43,38.0
10538,28.48,VUC,3.0,0.52,67.0,94.07,93.56,16.92
10539,62.21,3/4,4.0,2.88,169.85,158.9,248.93,56.7
10540,151.41,VUC,3.0,1.22,273.87,321.2,443.13,92.03
10541,283.86,Carreta_Sider,28.0,22.75,367.31,459.38,2349.44,935.85
10542,66.84,3/4,4.0,3.95,143.09,158.84,264.15,52.46
10543,366.8,Carreta_Sider,28.0,10.84,481.45,538.47,2752.17,1179.49
10544,489.61,Carreta_Sider,28.0,14.81,714.88,697.88,3678.62,1602.11
10545,31.42,VUC,3.0,1.85,75.5,101.1,116.88,16.52
10546,11.95,3/4,4.0,2.47,23.21,35.47,72.78,7.79
10547,48.54,3/4,4.0,1.13,102.56,132.19,177.98,36.36
10548,12.45,VUC,3.0,1.94,17.45,18.09,56.93,7.1
10549,393.85,Carreta_Bau,28.0,21.43,600.06,576.77,3024.91,1256.04
10550,50.89,VUC,3.0,2.86,87.89,143.52,191.48,39.45
10551,70.09,Truck,14.0,10.73,211.57,226.67,528.24,113.81
10552,60.45,Toco,6.0,3.98,134.81,160.9,296.42,66.57
10553,44.79,VUC,3.0,1.04,103.13,96.95,131.4,18.98
10554,308.53,Carreta_Sider,28.0,6.53,392.38,474.07,2278.2,981.14
10555,90.07,Toco,6.0,4.14,250.08,242.54,413.73,103.92
10556,13.26,Toco,6.0,4.09,42.4,47.8,110.06,10.21
10557,84.08,3/4,4.0,3.45,223.52,213.24,315.89,76.35
10558,76.81,Truck,14.0,7.41,250.05,229.33,517.67,120.59
10559,42.2,Truck,14.0,4.15,113.43,154.46,287.72,67.0
10560,17.91,3/4,4.0,1.36,64.15,51.15,79.41,23.56
10561,18.18,3/4,4.0,2.22,63.87,66.02,85.77,19.13
10562,87.88,Truck,14.0,5.81,239.18,282.61,548.08,132.55
10563,422.27,Carreta_Bau,28.0,8.49,641.53,560.58,3020.68,1327.46
10564,213.97,Truck,14.0,3.38,583.45,618.22,1200.7,337.78
10565,379.23,Carreta_Sider,28.0,14.01,514.98,537.15,2885.01,1239.77
10566,97.15,VUC,3.0,1.31,238.63,187.68,285.22,59.58
10567,125.83,Toco,6.0,5.82,306.89,327.55,582.99,133.67
10568,25.27,VUC,3.0,2.63,54.08,69.86,123.87,14.24
10569,83.54,3/4,4.0,1.22,191.36,179.53,294.23,66.49
10570,49.8,VUC,3.0,2.37,144.61,119.44,179.36,29.6
10571,46.02,3/4,4.0,2.23,113.34,106.36,163.74,39.3
10572,360.31,Carreta_Sider,28.0,26.24,547.61,551.86,2937.53,1201.18
10573,60.38,VUC,3.0,2.0,134.95,172.46,200.9,46.04
10574,176.83,Truck,14.0,4.53,454.15,512.51,1011.94,285.89
10575,387.71,Carreta_Sider,28.0,8.86,511.09,547.1,2868.64,1244.86
10576,23.57,Toco,6.0,5.83,52.36,80.06,167.34,22.58
10577,365.62,Carreta_Bau,28.0,26.05,415.49,540.3,2906.98,1175.99
10578,42.98,Truck,14.0,7.85,137.31,143.17,352.27,67.67
10579,122.06,Toco,6.0,3.78,352.59,320.24,547.99,126.14
10580,89.4,3/4,4.0,2.46,215.45,212.5,325.14,88.77
10581,25.68,VUC,3.0,2.4,69.71,48.89,98.69,17.9
10582,87.86,Toco,6.0,3.32,270.94,247.12,395.65,96.59
10583,94.47,Toco,6.0,1.53,269.89,268.76,398.33,106.8
10584,8.72,3/4,4.0,1.7,34.87,30.19,48.85,-5.58
10585,261.81,Carreta_Bau,28.0,17.72,385.76,418.31,2058.44,840.04
10586,355.53,Carreta_Sider,28.0,12.56,486.23,500.35,2689.73,1145.77
10587,52.36,Toco,6.0,5.05,118.41,149.87,279.73,53.34
10588,19.64,3/4,4.0,3.82,81.06,88.28,113.23,14.31
10589,60.58,Truck,14.0,4.98,168.42,205.39,391.29,102.68
10590,94.05,VUC,3.0,2.72,186.01,208.79,299.62,72.2
10591,398.23,Carreta_Sider,28.0,21.23,486.93,588.8,3121.62,1319.69
10592,85.62,Truck,14.0,9.08,208.18,263.6,579.43,138.13
10593,88.16,3/4,4.0,1.04,249.65,217.17,313.7,64.43
10594,23.41,3/4,4.0,2.0,64.69,82.63,105.35,17.7
10595,53.35,VUC,3.0,2.99,104.7,116.39,182.41,31.86
10596,25.37,3/4,4.0,2.8,88.81,83.73,119.79,13.45
10597,441.84,Carreta_Sider,28.0,18.28,622.77,626.03,3389.75,1449.23
10598,235.44,Carreta_Sider,28.0,5.05,337.97,373.54,1743.1,749.68
10599,450.6,Carreta_Bau,28.0,11.84,567.92,608.3,3266.33,1411.7
10600,245.56,Carreta_Sider,28.0,15.82,366.09,405.12,1972.48,803.39
10601,85.85,Truck,14.0,9.74,215.0,270.28,595.27,144.73
10602,97.97,Truck,14.0,12.3,318.2,311.08,682.98,162.63
10603,354.25,Carreta_Bau,28.0,15.1,414.83,521.0,2655.55,1123.62
10604,197.71,Toco,6.0,2.3,551.08,514.01,830.54,209.92
10605,147.86,Truck,14.0,5.45,466.59,466.45,855.95,235.88
10606,204.8,VUC,3.0,0.8,408.32,442.52,588.75,127.85
10607,446.86,Carreta_Sider,28.0,7.66,609.06,604.0,3276.92,1433.4
10608,21.4,3/4,4.0,1.64,42.67,60.03,100.7,21.39
10609,483.45,Carreta_Sider,28.0,22.44,747.78,690.97,3736.81,1594.39
10610,18.01,VUC,3.0,1.5,40.67,27.63,74.99,9.9
10611,5.11,Toco,6.0,5.28,36.88,46.19,73.58,12.17
10612,503.72,Carreta_Sider,28.0,26.79,759.82,745.87,3968.21,1671.27
10613,223.7,Carreta_Sider,28.0,5.99,372.3,354.55,1677.13,727.44
10614,288.77,Carreta_Sider,28.0,21.12,454.25,477.81,2349.86,949.29
10615,20.56,3/4,4.0,0.89,41.6,76.15,83.61,16.06
10616,436.07,Carreta_Sider,28.0,5.91,579.24,621.04,3168.61,1392.87
10617,230.11,Carreta_Sider,28.0,10.76,324.32,390.68,1791.25,744.22
10618,21.27,VUC,3.0,0.71,64.43,45.27,69.3,10.1
10619,11.05,3/4,4.0,2.85,38.97,57.58,45.6,11.14
10620,82.96,VUC,3.0,2.28,152.72,201.27,256.85,49.11
10621,258.69,Carreta_Sider,28.0,19.41,385.84,429.25,2117.43,845.77
10622,74.98,3/4,4.0,2.56,160.57,187.43,288.17,55.82
10623,195.84,3/4,4.0,3.26,438.84,440.93,696.3,169.15
10624,27.16,3/4,4.0,3.23,62.11,90.79,135.55,22.47
10625,338.26,Carreta_Bau,28.0,24.91,503.22,510.26,2689.23,1076.69
10626,75.28,VUC,3.0,2.22,161.39,165.85,244.3,45.34
10627,375.19,Carreta_Bau,28.0,12.67,507.65,551.27,2767.51,1175.25
10628,42.42,Toco,6.0,3.58,115.32,120.43,205.55,50.43
10629,74.57,Truck,14.0,7.94,233.36,226.04,515.69,115.42
10630,230.34,Carreta_Sider,28.0,6.77,326.5,390.49,1737.69,734.59
10631,105.3,Toco,6.0,5.04,316.2,258.69,486.74,110.64
10632,407.76,Carreta_Bau,28.0,25.93,516.77,601.46,3185.38,1316.4
10633,33.39,3/4,4.0,3.95,99.01,74.75,151.37,25.66
10634,55.38,Toco,6.0,2.16,144.2,129.72,256.5,62.0
10635,38.73,Truck,14.0,3.24,152.1,141.12,259.52,60.25
10636,21.08,VUC,3.0,0.73,61.96,60.13,73.54,4.74
10637,357.05,Carreta_Bau,28.0,23.34,461.37,520.86,2799.53,1143.12
10638,188.07,Truck,14.0,9.62,536.24,536.98,1139.85,303.48
10639,228.73,Carreta_Sider,28.0,22.2,402.37,395.34,1946.04,760.37
10640,501.77,Carreta_Bau,28.0,25.74,586.32,692.59,3835.26,1623.9
10641,362.84,Carreta_Bau,28.0,9.59,493.57,531.63,2638.82,1132.59
10642,348.08,Carreta_Bau,28.0,12.87,433.17,499.03,2580.96,1087.72
10643,57.29,VUC,3.0,2.47,106.78,125.12,190.2,37.39
10644,72.33,VUC,3.0,1.11,159.03,176.42,207.98,47.29
10645,366.87,Carreta_Sider,28.0,16.24,472.37,532.12,2818.23,1201.28
10646,500.64,Carreta_Sider,28.0,14.75,688.46,682.27,3749.85,1625.92
10647,72.53,3/4,4.0,2.62,202.09,164.68,281.95,63.85
10648,36.42,VUC,3.0,2.97,100.1,92.08,132.69,15.53
10649,239.44,Carreta_Bau,28.0,6.67,433.17,402.48,1746.2,741.94
10650,51.2,3/4,4.0,2.25,139.52,132.25,191.8,39.1
10651,73.5,3/4,4.0,3.86,178.75,168.75,283.02,63.97
10652,214.39,Truck,14.0,6.24,614.67,611.35,1228.35,342.6
10653,255.12,Carreta_Sider,28.0,21.83,377.4,427.03,2130.07,843.28
10654,8.96,VUC,3.0,2.82,43.74,8.01,54.09,9.06
10655,435.4,Carreta_Bau,28.0,9.93,588.05,578.01,3133.1,1355.06
10656,10.54,VUC,3.0,0.66,42.62,36.69,34.99,2.29
10657,146.41,Toco,6.0,1.29,309.68,389.84,613.39,158.58
10658,38.24,VUC,3.0,0.64,112.62,103.45,120.36,31.8
10659,24.34,3/4,4.0,1.79,56.69,74.99,90.99,30.1
10660,38.09,VUC,3.0,0.77,102.03,107.24,113.66,25.96
10661,12.53,VUC,3.0,1.48,39.75,35.92,52.22,9.39
10662,182.9,Truck,14.0,11.07,453.14,535.01,1133.82,296.12
10663,57.87,VUC,3.0,1.21,107.98,130.6,180.09,43.32
10664,65.13,Toco,6.0,3.35,202.13,184.05,310.76,59.06
10665,76.06,VUC,3.0,0.77,142.61,222.8,217.64,53.84
10666,192.0,3/4,4.0,2.97,367.34,440.51,680.62,164.59
10667,365.46,Carreta_Sider,28.0,11.76,605.11,542.34,2769.5,1168.05
10668,367.67,Carreta_Bau,28.0,7.42,473.86,548.24,2639.04,1140.91
10669,63.2,3/4,4.0,3.85,170.69,165.84,257.35,54.03
10670,40.07,Toco,6.0,4.83,121.16,96.3,225.15,41.86
10671,89.08,VUC,3.0,2.11,168.47,220.03,274.14,56.21
10672,70.1,3/4,4.0,3.06,124.0,177.26,264.44,60.03
10673,253.05,Carreta_Bau,28.0,14.33,327.08,359.7,1950.36,795.39
10674,212.38,3/4,4.0,1.61,451.85,481.76,720.42,170.98
10675,52.02,VUC,3.0,1.72,103.14,109.61,170.44,35.38
10676,22.82,3/4,4.0,3.41,74.82,61.41,119.96,17.77
10677,415.73,Carreta_Sider,28.0,27.14,676.54,616.95,3333.98,1393.64
10678,63.06,VUC,3.0,1.99,131.19,152.65,203.28,44.95
10679,57.85,Toco,6.0,2.82,162.26,179.38,268.39,67.32
10680,66.18,Toco,6.0,4.56,164.8,201.79,333.8,81.97
10681,75.08,VUC,3.0,2.23,182.83,189.79,247.62,52.31
10682,87.27,Truck,14.0,5.04,214.77,265.64,544.47,140.13
10683,90.36,Toco,6.0,3.12,221.25,212.28,412.78,85.05
10684,61.35,VUC,3.0,0.79,122.56,103.14,182.71,39.84
10685,108.48,Toco,6.0,2.95,292.33,296.63,478.03,125.92
10686,91.9,Truck,14.0,11.18,286.97,286.61,644.02,156.63
10687,86.94,VUC,3.0,1.25,218.58,211.91,256.03,52.71
10688,408.96,Carreta_Sider,28.0,19.27,467.58,606.22,3173.99,1341.72
10689,184.37,VUC,3.0,1.29,358.9,366.14,540.06,114.48
10690,4.24,Toco,6.0,1.65,8.49,20.93,38.48,6.05
10691,62.02,3/4,4.0,3.12,123.6,160.83,243.84,50.68
10692,478.68,Carreta_Sider,28.0,18.23,711.28,665.17,3649.6,1573.94
10693,20.24,VUC,3.0,2.55,72.73,76.26,92.15,13.79
10694,30.86,Toco,6.0,4.36,83.82,90.66,174.9,35.1
10695,270.82,Carreta_Sider,28.0,23.65,393.51,437.55,2259.05,892.17
10696,31.07,VUC,3.0,0.85,78.06,53.69,103.76,17.5
10697,367.98,Carreta_Sider,28.0,18.83,444.86,579.37,2883.42,1200.13
10698,47.96,Truck,14.0,6.47,171.91,157.76,349.18,84.96
10699,146.41,VUC,3.0,2.35,274.79,317.74,436.32,92.47
10700,4.99,Toco,6.0,3.86,35.29,22.19,67.03,6.24
10701,25.46,VUC,3.0,0.59,73.25,58.96,82.8,8.23
10702,6.65,VUC,3.0,1.81,21.08,31.06,32.58,-1.89
10703,63.2,VUC,3.0,2.35,147.72,149.16,201.61,39.77
10704,202.9,3/4,4.0,1.49,513.28,474.39,697.21,168.54
10705,84.93,Toco,6.0,4.24,204.32,243.35,403.92,94.18
10706,94.8,Toco,6.0,5.19,228.04,263.93,449.38,114.76
10707,392.76,Carreta_Bau,28.0,5.75,456.97,558.8,2785.22,1202.59
10708,328.9,Carreta_Bau,28.0,17.96,396.19,481.63,2522.09,1046.64
10709,44.82,VUC,3.0,2.71,101.53,102.54,153.91,31.79
10710,27.67,VUC,3.0,0.77,67.67,51.94,86.22,14.33
10711,422.45,Carreta_Sider,28.0,10.61,492.14,598.85,3146.49,1358.8
10712,334.45,Carreta_Sider,28.0,19.1,545.1,517.58,2633.09,1102.24
10713,336.97,Carreta_Sider,28.0,18.13,467.09,519.04,2657.19,1102.38
10714,459.76,Carreta_Sider,28.0,23.08,638.57,673.58,3604.69,1518.26
10715,275.49,Carreta_Sider,28.0,19.17,372.58,462.71,2232.03,898.2
10716,81.63,3/4,4.0,2.56,214.38,179.53,298.11,65.33
10717,14.3,VUC,3.0,1.6,37.84,16.14,66.66,3.07
10718,92.66,3/4,4.0,0.87,185.99,217.49,324.46,81.4
10719,475.39,Carreta_Bau,28.0,18.27,715.55,680.31,3528.12,1502.78
10720,253.19,Carreta_Sider,28.0,7.93,421.92,423.55,1905.63,805.13
10721,69.05,VUC,3.0,2.99,177.02,158.38,227.86,46.24
10722,49.86,Toco,6.0,1.3,141.9,136.92,222.18,48.95
10723,12.8,3/4,4.0,0.86,28.89,47.54,60.85,18.37
10724,234.65,Carreta_Sider,28.0,22.94,358.93,414.18,2003.09,775.69
10725,5.66,3/4,4.0,0.94,21.99,17.17,34.83,5.73
10726,53.55,VUC,3.0,1.48,136.01,114.66,167.54,35.22
10727,41.66,3/4,4.0,3.75,145.9,111.51,188.98,38.94
10728,80.68,3/4,4.0,3.28,192.77,212.07,307.25,72.96
10729,62.45,VUC,3.0,1.04,131.7,152.29,202.57,39.67
10730,43.3,Truck,14.0,5.09,159.29,118.67,300.14,64.83
10731,24.57,VUC,3.0,1.96,62.4,75.33,94.77,15.06
10732,47.72,VUC,3.0,1.69,116.15,110.66,169.52,30.88
10733,18.83,Toco,6.0,1.5,59.24,73.94,104.08,11.91
10734,64.7,VUC,3.0,0.85,157.44,142.07,200.04,30.27
10735,59.12,Truck,14.0,11.65,174.87,203.81,478.84,92.01
10736,426.25,Carreta_Bau,28.0,12.41,521.45,597.13,3109.06,1324.88
10737,77.72,3/4,4.0,3.32,180.49,182.24,298.02,64.47
10738,44.91,VUC,3.0,0.93,65.09,93.95,135.91,24.5
10739,29.36,VUC,3.0,1.98,77.84,70.76,96.09,19.37
10740,80.11,VUC,3.0,1.74,195.92,159.17,252.3,54.94
10741,66.88,Truck,14.0,5.98,226.15,206.43,431.78,109.83
10742,68.31,Truck,14.0,9.34,185.52,215.43,498.19,114.42
10743,99.91,Truck,14.0,3.58,265.37,316.8,586.85,165.01
10744,52.06,3/4,4.0,3.51,134.37,142.34,209.21,43.31
10745,83.71,VUC,3.0,2.35,144.96,213.32,274.17,41.31
10746,24.73,3/4,4.0,1.58,67.97,47.36,92.81,12.04
10747,40.55,VUC,3.0,1.93,107.77,92.75,133.09,28.6
10748,76.46,VUC,3.0,2.75,176.87,187.85,245.14,50.99
10749,168.18,Truck,14.0,7.13,400.4,499.19,999.61,277.32
10750,125.5,Truck,14.0,6.42,402.94,372.96,757.07,217.96
10751,16.1,VUC,3.0,2.49,33.51,33.59,83.4,11.58
10752,77.54,VUC,3.0,0.45,171.37,180.89,219.22,48.03
10753,36.09,VUC,3.0,2.2,82.98,90.01,154.21,25.09
10754,15.42,Toco,6.0,2.0,64.08,52.31,81.93,10.56
10755,312.64,Carreta_Sider,28.0,20.72,497.47,501.93,2535.83,1032.32
10756,11.2,VUC,3.0,1.57,30.64,67.24,57.05,6.31
10757,80.72,VUC,3.0,0.5,166.42,165.28,236.92,58.96
10758,361.93,Carreta_Bau,28.0,25.01,544.5,545.57,2860.24,1155.04
10759,74.85,VUC,3.0,1.84,156.06,168.53,231.75,48.14
10760,30.21,3/4,4.0,1.67,73.05,92.18,123.79,22.25
10761,99.41,3/4,4.0,2.99,231.57,256.22,363.19,79.84
10762,14.59,3/4,4.0,2.29,63.54,68.79,80.53,15.49
10763,26.5,VUC,3.0,0.54,38.35,59.61,84.64,15.02
10764,23.38,Toco,6.0,4.22,89.82,55.16,140.27,32.24
10765,163.62,Toco,6.0,5.84,394.88,422.13,737.62,179.18
10766,70.71,3/4,4.0,1.35,152.1,171.54,256.26,57.19
10767,23.62,VUC,3.0,2.65,61.77,23.65,92.48,25.49
10768,23.66,VUC,3.0,2.03,63.48,75.97,87.59,8.51
10769,6.94,Truck,14.0,3.03,63.15,36.02,88.37,7.19
10770,223.58,Carreta_Bau,28.0,21.57,364.99,373.32,1864.25,697.99
10771,58.31,VUC,3.0,1.58,140.02,124.5,183.39,35.06
10772,66.7,VUC,3.0,2.47,149.14,147.46,223.94,46.85
10773,63.47,3/4,4.0,2.76,125.1,175.63,252.53,56.25
10774,220.05,Carreta_Bau,28.0,4.27,402.24,352.38,1595.94,678.01
10775,55.74,VUC,3.0,0.77,130.81,156.37,171.61,30.71
10776,136.28,VUC,3.0,1.35,273.39,300.97,398.29,85.82
10777,91.91,3/4,4.0,2.24,228.93,230.31,340.18,75.91
10778,47.02,Toco,6.0,5.65,147.75,134.73,258.96,52.13
10779,168.46,Toco,6.0,5.09,416.5,433.76,748.28,186.76
10780,455.0,Carreta_Bau,28.0,23.28,620.18,656.73,3464.95,1455.22
10781,82.27,Toco,6.0,3.65,178.14,238.78,374.47,89.66
10782,392.75,Carreta_Bau,28.0,6.41,643.73,555.5,2792.77,1213.85
10783,62.79,Toco,6.0,4.7,165.34,183.15,303.58,65.65
10784,11.66,3/4,4.0,0.89,39.92,39.4,47.68,10.09
10785,220.84,Carreta_Sider,28.0,6.38,302.83,366.75,1656.82,698.77
10786,77.72,3/4,4.0,1.47,209.84,189.63,282.28,66.04
10787,206.95,Toco,6.0,5.61,555.26,529.94,900.49,223.93
10788,57.18,VUC,3.0,2.36,93.38,144.79,185.18,37.0
10789,129.08,Truck,14.0,3.01,377.02,382.21,738.28,208.9
10790,63.47,Toco,6.0,5.59,158.59,169.03,337.84,65.74
10791,20.4,VUC,3.0,2.45,59.37,51.66,81.21,18.43
10792,43.81,VUC,3.0,1.99,91.93,99.06,138.38,37.18
10793,84.13,Truck,14.0,3.61,277.45,264.62,496.27,131.73
10794,23.6,Truck,14.0,5.91,73.18,84.43,203.74,37.51
10795,4.01,3/4,4.0,1.62,33.33,40.64,28.97,9.43
10796,27.43,3/4,4.0,2.78,64.67,74.0,139.42,14.44
10797,48.37,VUC,3.0,1.95,102.87,134.35,166.21,31.33
10798,78.74,3/4,4.0,1.54,171.15,191.09,280.7,64.55
10799,243.29,Carreta_Sider,28.0,11.6,321.44,402.89,1904.65,789.92
10800,264.18,Carreta_Bau,28.0,16.54,376.22,428.66,2054.81,833.08
10801,479.28,Carreta_Bau,28.0,24.32,550.1,688.63,3649.03,1540.24
10802,62.54,VUC,3.0,0.77,145.21,149.39,185.22,35.26
10803,410.82,Carreta_Sider,28.0,21.47,643.07,641.28,3227.04,1358.38
10804,87.63,Truck,14.0,13.95,246.84,278.66,661.93,141.13
10805,45.46,VUC,3.0,2.36,111.21,85.61,165.93,33.87
10806,39.56,VUC,3.0,1.58,104.4,93.56,133.7,25.68
10807,298.64,Carreta_Bau,28.0,21.61,424.48,471.54,2377.85,941.26
10808,25.06,Truck,14.0,12.34,107.66,109.25,292.67,42.0
10809,23.84,Truck,14.0,11.25,99.57,84.06,271.48,42.52
10810,152.31,VUC,3.0,0.48,290.07,319.73,430.66,89.19
10811,70.99,Truck,14.0,3.66,220.42,210.63,432.31,109.69
10812,11.31,Toco,6.0,1.45,49.91,37.27,56.33,12.49
10813,373.87,Carreta_Sider,28.0,4.96,460.48,541.62,2732.45,1187.65
10814,26.09,VUC,3.0,2.27,69.66,73.49,98.63,18.56
10815,84.62,VUC,3.0,1.13,206.87,175.9,258.7,52.6
10816,492.81,Carreta_Bau,28.0,21.38,739.27,674.55,3695.24,1565.33
10817,128.17,Truck,14.0,10.03,343.51,397.01,829.05,222.86
10818,56.5,3/4,4.0,2.38,127.48,130.0,204.54,46.28
10819,455.66,Carreta_Bau,28.0,5.62,522.47,610.75,3217.84,1407.12
10820,8.24,VUC,3.0,1.23,6.0,60.37,41.27,14.1
10821,68.09,3/4,4.0,0.69,174.84,159.14,242.45,60.73
10822,50.11,VUC,3.0,2.77,82.83,91.04,171.93,35.53
10823,81.76,Truck,14.0,5.77,259.73,236.44,507.59,137.66
10824,171.55,VUC,3.0,0.69,363.45,336.13,504.79,110.59
10825,393.04,Carreta_Bau,28.0,4.26,617.99,573.22,2769.78,1212.47
10826,66.1,VUC,3.0,2.01,172.78,147.76,209.12,45.47
10827,4.4,VUC,3.0,2.03,30.88,8.0,49.9,2.0
10828,22.72,Toco,6.0,5.97,69.31,86.21,166.49,30.65
10829,173.14,Truck,14.0,5.53,416.74,531.58,1001.18,283.42
10830,27.47,3/4,4.0,0.76,83.29,73.98,99.46,11.28
10831,67.9,VUC,3.0,2.44,153.27,175.66,225.17,48.41
10832,50.35,3/4,4.0,1.64,127.08,123.07,183.35,38.34
10833,72.02,3/4,4.0,1.72,207.43,159.47,265.45,61.79
10834,350.01,Carreta_Bau,28.0,25.8,455.65,550.03,2796.82,1118.19
10835,195.99,Toco,6.0,3.83,491.16,490.83,840.51,210.75
10836,50.67,VUC,3.0,1.47,127.31,108.83,167.82,30.52
10837,325.22,Carreta_Sider,28.0,26.82,421.14,524.78,2700.73,1086.0
10838,350.07,Carreta_Sider,28.0,10.51,437.92,520.83,2625.66,1124.62
10839,33.79,3/4,4.0,0.67,93.9,88.81,112.74,17.16
10840,13.43,Truck,14.0,4.85,49.3,59.43,143.38,19.21
10841,22.44,VUC,3.0,0.56,58.09,48.95,73.99,12.17
10842,357.87,Carreta_Sider,28.0,13.9,451.21,535.76,2739.7,1164.03
10843,40.47,VUC,3.0,2.57,134.51,103.49,150.01,27.12
10844,54.18,VUC,3.0,2.94,110.61,121.95,200.98,31.73
10845,89.42,VUC,3.0,2.24,202.3,204.69,276.31,59.31
10846,385.19,Carreta_Bau,28.0,26.24,562.96,571.48,3039.97,1250.06
10847,25.81,3/4,4.0,1.99,70.66,78.98,105.75,27.65
10848,124.34,Toco,6.0,2.44,354.36,320.26,540.83,124.2
10849,64.61,Truck,14.0,3.94,202.66,199.27,398.28,116.18
10850,393.94,Carreta_Bau,28.0,16.12,506.17,568.68,2947.34,1248.94
10851,17.88,VUC,3.0,1.28,58.06,32.6,61.21,19.3
10852,68.95,Toco,6.0,1.45,163.04,228.38,304.76,65.85
10853,160.7,3/4,4.0,3.77,374.85,339.25,590.29,137.15
10854,382.74,Carreta_Bau,28.0,7.14,508.45,533.12,2728.17,1188.16
10855,5.03,Toco,6.0,4.67,37.2,41.02,69.13,-0.08
10856,63.69,VUC,3.0,0.62,122.75,153.09,191.7,42.62
10857,147.72,Truck,14.0,8.37,395.58,427.88,906.49,249.94
10858,298.75,Carreta_Sider,28.0,20.26,447.82,461.76,2409.72,980.25
10859,18.85,Toco,6.0,2.1,58.84,66.22,100.7,28.72
10860,20.41,Truck,14.0,3.0,78.21,61.78,151.2,36.17
10861,259.38,Carreta_Bau,28.0,18.32,384.7,394.48,2054.78,812.87
10862,506.12,Carreta_Sider,28.0,18.55,589.98,725.79,3841.23,1653.31
10863,363.09,Carreta_Sider,28.0,11.63,582.43,548.33,2740.0,1177.78
10864,54.86,Truck,14.0,6.58,194.48,179.95,381.46,83.96
10865,38.16,3/4,4.0,0.76,112.35,110.89,136.29,37.04
10866,132.49,3/4,4.0,1.61,261.52,311.41,471.44,114.32
10867,392.88,Carreta_Bau,28.0,25.21,508.72,562.41,3080.15,1264.58
10868,177.51,Truck,14.0,4.14,537.98,502.28,1004.25,282.56
10869,46.89,VUC,3.0,1.64,119.73,117.86,146.73,31.53
10870,32.11,VUC,3.0,2.18,90.1,69.78,121.15,29.19
10871,216.61,Toco,6.0,4.99,587.1,563.81,929.43,236.84
10872,90.77,Truck,14.0,3.07,242.32,272.18,543.45,148.35
10873,255.84,Carreta_Bau,28.0,18.29,340.38,425.39,2028.8,820.93
10874,30.45,VUC,3.0,2.05,80.12,62.33,106.18,20.96
10875,424.9,Carreta_Bau,28.0,8.9,542.59,575.27,3050.64,1318.21
10876,496.23,Carreta_Bau,28.0,4.93,716.14,672.28,3496.26,1526.98
10877,53.33,3/4,4.0,3.47,117.66,130.97,205.35,35.59
10878,81.75,VUC,3.0,1.57,183.81,182.6,257.69,46.22
10879,64.44,3/4,4.0,0.81,155.84,157.46,235.31,55.17
10880,33.37,Toco,6.0,3.85,127.22,95.31,180.62,41.24
10881,54.27,VUC,3.0,1.41,108.88,120.33,170.57,32.47
10882,11.55,Truck,14.0,3.05,39.02,25.55,110.82,23.27
10883,487.84,Carreta_Sider,28.0,11.03,645.23,704.32,3613.43,1577.49
10884,53.66,VUC,3.0,1.28,121.54,113.76,163.23,30.27
10885,43.26,VUC,3.0,1.92,91.47,107.98,144.94,24.87
10886,72.97,Toco,6.0,2.96,207.55,169.68,331.99,72.16
10887,81.16,VUC,3.0,0.72,208.55,166.33,245.29,54.76
10888,22.17,VUC,3.0,2.07,44.69,62.26,103.95,14.33
10889,11.42,Truck,14.0,10.77,56.26,88.56,204.58,23.31
10890,167.54,3/4,4.0,2.32,439.43,394.63,589.14,141.87
10891,39.54,Truck,14.0,2.85,103.45,141.54,252.44,58.53
10892,120.68,Truck,14.0,3.33,393.92,352.84,693.86,197.29
10893,52.61,Toco,6.0,5.72,151.85,151.05,276.73,48.49
10894,38.29,VUC,3.0,0.93,97.55,88.1,110.75,22.5
10895,447.13,Carreta_Sider,28.0,11.52,631.68,640.11,3336.24,1439.36
10896,217.49,Truck,14.0,10.28,574.04,652.86,1307.33,366.4
10897,61.2,VUC,3.0,2.47,150.32,134.03,202.82,48.57
10898,50.01,VUC,3.0,2.77,134.78,116.6,168.03,34.84
10899,89.23,3/4,4.0,1.94,225.25,208.65,321.65,72.4
10900,41.25,VUC,3.0,2.98,94.77,94.82,143.63,35.71
10901,11.51,Truck,14.0,3.34,79.03,72.06,112.92,14.95
10902,31.48,VUC,3.0,2.56,83.45,84.36,120.69,13.6
10903,59.14,Toco,6.0,2.29,149.8,168.69,265.53,53.58
10904,27.3,VUC,3.0,2.84,70.09,67.98,104.87,18.4
10905,342.7,Carreta_Sider,28.0,24.89,563.45,516.2,2790.48,1128.51
10906,510.92,Carreta_Bau,28.0,22.34,742.11,715.04,3842.7,1640.0
10907,28.48,3/4,4.0,2.65,65.61,91.61,127.79,21.38
10908,34.9,VUC,3.0,1.0,86.25,96.3,101.27,15.64
10909,71.9,VUC,3.0,1.63,151.43,160.05,228.28,51.61
10910,89.55,VUC,3.0,0.54,209.61,184.83,266.68,60.5
10911,174.23,Toco,6.0,4.52,410.92,457.08,762.52,199.53
10912,254.31,Carreta_Sider,28.0,6.96,448.22,418.73,1917.73,804.53
10913,463.73,Carreta_Sider,28.0,10.35,691.47,665.92,3429.36,1483.6
10914,371.24,Carreta_Sider,28.0,10.03,591.87,533.78,2775.52,1202.34
10915,493.46,Carreta_Bau,28.0,22.95,575.98,691.26,3730.37,1565.04
10916,363.48,Carreta_Bau,28.0,13.74,605.02,498.42,2703.56,1135.18
10917,35.88,VUC,3.0,1.81,78.0,105.33,121.38,23.33
10918,21.79,Truck,14.0,4.58,67.81,88.28,178.8,28.46
10919,42.28,3/4,4.0,1.74,109.63,112.62,169.03,36.63
10920,36.02,3/4,4.0,2.34,84.1,118.08,154.25,24.83
10921,94.09,Truck,14.0,4.41,307.3,278.53,576.0,157.92
10922,224.02,Carreta_Sider,28.0,20.62,380.66,384.74,1893.01,740.43
10923,46.21,VUC,3.0,1.6,131.75,95.62,139.32,30.94
10924,65.81,Toco,6.0,5.92,216.43,162.92,340.8,71.42
10925,87.15,Truck,14.0,5.03,296.97,272.0,538.45,135.5
10926,61.24,3/4,4.0,1.95,170.02,155.44,236.47,51.01
10927,26.69,3/4,4.0,3.74,58.34,47.2,140.04,16.95
10928,437.17,Carreta_Bau,28.0,25.29,581.1,634.5,3382.59,1415.21
10929,59.27,3/4,4.0,2.25,131.94,147.45,211.68,51.84
10930,417.69,Carreta_Bau,28.0,7.14,556.75,591.69,2972.32,1289.1
10931,40.57,Toco,6.0,2.98,143.97,122.73,199.28,51.7
10932,42.43,Truck,14.0,9.09,166.45,162.37,349.87,69.42
10933,93.12,3/4,4.0,1.46,199.46,238.84,331.17,85.02
10934,491.79,Carreta_Bau,28.0,8.75,715.17,670.77,3516.36,1534.93
10935,297.37,Carreta_Bau,28.0,16.85,443.55,466.2,2295.83,941.91
10936,29.35,Truck,14.0,4.19,110.88,119.02,212.7,40.86
10937,308.71,Carreta_Sider,28.0,25.01,452.95,471.92,2550.57,1021.65
10938,46.67,3/4,4.0,0.85,131.33,106.7,162.42,56.7
10939,232.62,Carreta_Bau,28.0,27.7,388.9,377.97,2015.19,748.85
10940,18.55,VUC,3.0,1.82,65.81,60.45,78.78,10.63
10941,20.25,VUC,3.0,2.96,56.09,45.63,97.34,10.94
10942,209.22,Truck,14.0,11.04,496.93,584.99,1268.92,341.51
10943,58.92,VUC,3.0,0.84,116.41,119.11,178.43,40.66
10944,72.34,VUC,3.0,1.03,160.17,155.51,229.6,39.08
10945,61.92,VUC,3.0,0.72,114.12,145.74,176.4,34.79
10946,33.96,3/4,4.0,3.08,88.25,110.61,153.9,30.68
10947,518.52,Carreta_Sider,28.0,8.21,676.37,730.07,3789.71,1660.82
10948,510.33,Carreta_Sider,28.0,21.21,755.99,724.17,3915.96,1681.42
10949,320.1,Carreta_Bau,28.0,24.66,377.55,477.29,2566.57,1027.74
10950,9.43,3/4,4.0,2.0,34.5,9.14,58.18,2.1
10951,46.79,3/4,4.0,2.85,117.33,113.99,188.18,47.33
10952,49.89,Truck,14.0,12.75,146.68,168.35,439.03,88.85
10953,74.13,VUC,3.0,2.37,157.3,166.92,233.32,43.36
10954,62.27,VUC,3.0,0.78,147.55,152.59,199.71,41.59
10955,500.91,Carreta_Sider,28.0,11.16,680.15,708.42,3699.77,1613.15
10956,246.37,Carreta_Bau,28.0,16.95,412.4,396.05,1944.22,784.14
10957,456.25,Carreta_Bau,28.0,10.49,690.97,623.34,3292.27,1427.14
10958,83.28,3/4,4.0,2.32,159.77,180.07,304.99,76.95
10959,75.25,3/4,4.0,3.84,184.76,173.61,297.26,60.52
10960,37.29,3/4,4.0,2.14,54.99,85.65,153.58,24.79
10961,61.53,Toco,6.0,2.23,159.06,206.49,272.56,56.75
10962,72.0,VUC,3.0,0.82,152.99,187.96,205.73,58.75
10963,91.08,Truck,14.0,12.82,278.71,269.32,659.8,156.34
10964,42.43,3/4,4.0,1.38,139.25,115.5,170.69,41.74
10965,364.82,Carreta_Sider,28.0,8.81,545.08,517.06,2707.03,1163.71
10966,62.99,Truck,14.0,8.66,214.21,207.58,457.1,106.4
10967,399.75,Carreta_Bau,28.0,15.19,590.9,562.24,2958.85,1250.32
10968,39.73,3/4,4.0,1.91,94.34,102.41,164.71,35.79
10969,71.14,3/4,4.0,2.57,166.07,189.36,266.53,60.69
10970,86.99,Truck,14.0,8.88,258.4,276.61,584.67,141.18
10971,87.65,VUC,3.0,0.62,221.75,204.17,257.59,52.31
10972,18.29,VUC,3.0,1.51,52.39,57.43,85.86,17.56
10973,22.57,VUC,3.0,2.29,62.77,49.5,92.99,12.02
10974,400.24,Carreta_Bau,28.0,13.28,585.34,549.17,2942.0,1262.24
10975,72.7,VUC,3.0,2.99,149.45,158.89,222.16,47.53
10976,61.42,3/4,4.0,1.4,127.36,147.96,232.07,53.29
10977,86.36,VUC,3.0,1.72,203.46,182.77,261.22,58.14
10978,32.56,3/4,4.0,2.89,90.0,79.39,137.34,30.15
10979,81.17,Truck,14.0,8.62,199.66,255.88,548.02,134.13
10980,66.22,3/4,4.0,0.73,153.29,180.88,242.28,65.66
10981,365.23,Carreta_Bau,28.0,16.43,592.05,501.43,2749.07,1158.81
10982,457.24,Carreta_Sider,28.0,27.2,515.24,649.11,3628.11,1511.47
10983,261.61,Carreta_Bau,28.0,13.88,360.11,412.43,2000.75,820.6
10984,21.79,VUC,3.0,0.75,40.3,31.06,66.55,21.14
10985,15.51,Toco,6.0,1.01,70.99,36.35,81.25,12.38
10986,455.91,Carreta_Bau,28.0,14.01,519.24,661.98,3332.41,1432.29
10987,67.95,VUC,3.0,0.92,169.64,159.67,194.93,43.3
10988,18.42,Toco,6.0,5.16,52.61,104.44,137.67,28.3
10989,76.28,VUC,3.0,2.88,152.83,146.42,249.47,44.78
10990,172.95,Truck,14.0,13.29,456.63,544.25,1101.16,284.31
10991,179.98,Truck,14.0,6.56,591.7,509.24,1041.59,294.89
10992,399.87,Carreta_Bau,28.0,15.02,465.15,581.59,2967.63,1260.58
10993,413.81,Carreta_Sider,28.0,11.7,490.0,566.35,3094.36,1338.79
10994,54.7,Toco,6.0,1.56,169.97,157.02,241.81,59.94
10995,478.48,Carreta_Sider,28.0,17.51,741.84,684.73,3641.8,1563.17
10996,47.39,Truck,14.0,4.32,158.33,150.65,304.17,79.06
10997,211.74,Toco,6.0,1.2,623.96,517.95,875.92,226.02
10998,29.07,VUC,3.0,2.62,89.69,69.41,116.64,17.72
10999,118.83,Truck,14.0,11.6,311.89,366.12,794.46,196.77
11000,93.53,VUC,3.0,2.81,169.9,189.52,288.99,58.55
11001,69.72,3/4,4.0,1.71,168.54,167.93,250.02,55.1
11002,74.8,3/4,4.0,3.56,170.6,182.69,289.25,67.4
11003,73.95,VUC,3.0,1.47,125.65,170.8,217.48,40.66
11004,57.15,VUC,3.0,0.64,139.52,107.19,174.13,39.33
11005,310.68,Carreta_Sider,28.0,15.1,500.18,470.57,2418.17,1008.99
11006,89.51,Truck,14.0,8.69,276.55,280.67,594.36,146.18
11007,467.02,Carreta_Bau,28.0,14.48,540.06,640.1,3424.27,1467.72
11008,57.13,3/4,4.0,3.27,129.06,128.73,226.19,51.66
11009,507.87,Carreta_Bau,28.0,12.57,698.25,703.62,3679.72,1598.13
11010,51.32,VUC,3.0,2.8,118.17,132.66,176.04,42.62
11011,459.58,Carreta_Sider,28.0,5.97,552.78,655.54,3335.18,1471.44
11012,28.91,VUC,3.0,2.29,83.36,67.63,102.18,19.14
11013,29.64,Toco,6.0,5.64,94.38,92.12,190.28,36.87
11014,303.23,Carreta_Sider,28.0,17.37,384.59,490.2,2392.38,980.62
11015,71.06,3/4,4.0,3.59,160.76,186.53,280.95,64.45
11016,34.46,VUC,3.0,2.21,83.77,101.76,120.52,24.26
11017,461.94,Carreta_Bau,28.0,4.55,566.8,630.79,3245.08,1414.93
11018,185.94,Truck,14.0,10.09,594.46,556.26,1133.32,303.58
11019,70.31,Truck,14.0,9.91,186.11,235.38,519.01,117.2
11020,90.7,Truck,14.0,2.1,262.07,295.68,519.17,146.5
11021,486.5,Carreta_Bau,28.0,13.94,624.48,635.55,3544.64,1532.93
11022,335.91,Carreta_Sider,28.0,5.12,474.52,500.0,2461.65,1078.07
11023,260.48,Carreta_Sider,28.0,11.17,422.04,428.67,1999.88,839.41
11024,43.98,Truck,14.0,13.84,123.43,173.61,430.66,67.92
11025,342.2,Carreta_Bau,28.0,26.58,411.4,510.36,2753.91,1107.27
11026,12.86,Truck,14.0,10.25,65.55,72.19,216.1,27.65
11027,428.2,Carreta_Bau,28.0,12.93,506.56,609.59,3122.31,1348.53
11028,64.66,3/4,4.0,1.95,131.64,177.33,233.18,56.93
11029,197.05,Truck,14.0,2.55,547.61,576.47,1096.31,324.74
11030,4.87,VUC,3.0,1.31,17.01,26.35,28.5,1.73
11031,75.62,VUC,3.0,2.45,167.22,164.84,243.21,57.18
11032,138.3,Toco,6.0,3.55,385.2,375.05,601.79,144.57
11033,51.83,Truck,14.0,7.77,148.33,189.94,385.82,73.29
11034,406.58,Carreta_Bau,28.0,6.37,526.27,582.25,2874.95,1251.11
11035,48.57,Truck,14.0,13.04,164.96,179.4,444.55,78.16
11036,499.8,Carreta_Bau,28.0,10.94,682.89,682.91,3601.33,1560.13
11037,55.82,Toco,6.0,2.85,148.67,148.47,258.32,55.62
11038,50.99,3/4,4.0,1.72,107.18,118.89,192.99,43.53
11039,33.46,VUC,3.0,1.29,69.97,95.76,121.43,24.51
11040,29.62,Toco,6.0,3.96,108.32,109.29,169.06,34.1
11041,41.79,VUC,3.0,2.05,104.71,102.41,144.24,26.28
11042,365.72,Carreta_Sider,28.0,18.45,560.65,551.15,2868.13,1203.58
11043,155.6,VUC,3.0,0.62,284.83,334.28,465.35,93.67
11044,368.44,Carreta_Sider,28.0,27.27,627.93,578.59,3006.2,1227.2
11045,85.44,Truck,14.0,10.6,267.47,279.46,600.32,138.38
11046,16.32,3/4,4.0,3.6,46.01,47.76,102.56,17.37
11047,33.55,3/4,4.0,1.14,85.05,97.25,130.51,25.85
11048,144.57,Truck,14.0,13.19,469.97,413.89,960.62,243.33
11049,224.0,Carreta_Bau,28.0,21.38,301.48,365.65,1840.05,718.58
11050,21.5,Toco,6.0,3.45,69.67,48.62,117.19,20.82
11051,108.43,Toco,6.0,1.02,305.31,272.22,466.93,107.02
11052,42.87,3/4,4.0,1.46,124.23,100.34,166.78,34.8
11053,16.15,Toco,6.0,5.18,58.23,32.36,131.56,13.86
11054,73.23,VUC,3.0,1.42,131.32,179.37,217.1,43.48
11055,13.42,VUC,3.0,2.18,30.61,33.79,60.13,-3.67
11056,302.19,Carreta_Sider,28.0,21.59,406.5,472.01,2460.09,987.84
11057,231.58,Carreta_Sider,28.0,22.66,419.52,382.47,1966.24,768.9
11058,64.54,VUC,3.0,1.42,169.46,153.06,195.83,36.46
11059,28.36,VUC,3.0,2.77,83.61,91.34,114.45,24.34
11060,136.45,Truck,14.0,5.58,327.64,412.98,812.72,217.17
11061,226.34,Carreta_Sider,28.0,24.1,416.21,395.0,1957.47,752.22
11062,46.97,VUC,3.0,1.53,108.52,81.56,157.86,28.75
11063,22.2,VUC,3.0,1.05,32.3,56.67,82.18,17.3
11064,370.22,Carreta_Sider,28.0,12.37,562.68,555.17,2786.73,1195.84
11065,70.45,3/4,4.0,3.32,196.88,190.51,285.44,61.71
11066,217.86,Toco,6.0,4.04,511.87,563.19,939.76,244.15
11067,90.29,Toco,6.0,1.6,236.88,269.41,389.11,98.68
11068,155.81,Truck,14.0,3.58,415.9,447.5,887.04,246.52
11069,24.18,3/4,4.0,2.94,58.79,60.49,120.51,11.34
11070,90.74,Truck,14.0,4.95,260.07,283.37,559.91,145.87
11071,326.54,Carreta_Sider,28.0,9.17,411.99,509.06,2444.02,1050.96
11072,33.6,3/4,4.0,3.15,84.63,111.92,159.8,29.62
11073,54.76,Toco,6.0,2.55,164.34,125.36,240.54,54.58
11074,415.12,Carreta_Sider,28.0,5.83,532.41,593.95,3021.83,1324.72
11075,447.81,Carreta_Sider,28.0,14.31,569.79,653.15,3376.27,1457.16
11076,67.84,VUC,3.0,1.9,172.05,165.2,214.54,50.63
11077,22.13,VUC,3.0,1.98,68.63,66.52,90.01,13.13
11078,44.47,VUC,3.0,0.6,99.01,102.27,126.15,40.19
11079,295.64,Carreta_Sider,28.0,14.99,393.7,418.53,2308.85,968.45
11080,10.17,VUC,3.0,1.37,24.02,62.44,52.42,7.32
11081,67.43,3/4,4.0,2.13,153.26,174.63,241.46,58.37
11082,397.21,Carreta_Bau,28.0,5.19,615.24,543.41,2810.8,1231.91
11083,449.16,Carreta_Bau,28.0,11.24,620.35,617.03,3245.64,1398.12
11084,380.98,Carreta_Sider,28.0,19.51,507.59,570.64,2982.22,1246.25
11085,319.09,Carreta_Bau,28.0,7.2,528.83,474.48,2305.61,981.8
11086,120.47,Truck,14.0,13.51,350.47,349.96,832.34,200.09
11087,218.26,Truck,14.0,13.93,601.56,627.86,1359.08,361.14
11088,230.92,Carreta_Bau,28.0,12.78,309.77,379.26,1776.41,721.82
11089,41.91,Toco,6.0,4.37,96.34,115.83,222.51,45.76
11090,85.14,Toco,6.0,4.14,222.75,204.72,395.65,86.21
11091,28.93,VUC,3.0,0.88,64.11,60.7,103.01,25.08
11092,262.88,Carreta_Sider,28.0,13.44,345.59,420.46,2049.17,857.88
11093,88.05,3/4,4.0,3.93,258.08,190.37,343.21,74.16
11094,16.83,VUC,3.0,0.78,49.91,69.8,51.98,18.01
11095,59.23,VUC,3.0,1.92,150.82,151.26,203.26,40.08
11096,32.01,VUC,3.0,1.98,70.19,91.7,114.2,26.13
11097,20.54,Truck,14.0,4.09,87.33,83.35,162.09,26.24
11098,499.13,Carreta_Sider,28.0,16.94,724.61,686.08,3772.48,1627.65
11099,183.77,Truck,14.0,13.02,488.2,533.1,1153.82,309.7
11100,12.55,3/4,4.0,0.99,50.03,61.93,51.33,9.62
11101,63.66,Toco,6.0,1.87,150.64,164.02,286.79,67.21
11102,25.22,Truck,14.0,5.14,100.74,95.58,217.13,40.17
11103,325.16,Carreta_Bau,28.0,22.07,475.61,487.42,2567.77,1040.51
11104,516.27,Carreta_Bau,28.0,17.94,664.92,704.09,3805.9,1635.71
11105,56.13,3/4,4.0,2.31,150.82,139.35,219.0,55.41
11106,357.99,Carreta_Sider,28.0,23.05,416.39,540.83,2877.77,1178.42
11107,93.13,Toco,6.0,5.89,244.38,244.47,464.62,104.02
11108,32.75,VUC,3.0,0.95,73.4,75.19,101.17,24.21
11109,183.79,Toco,6.0,5.04,425.33,469.19,816.26,196.49
11110,7.18,Toco,6.0,2.79,27.21,24.25,57.14,6.03
11111,17.0,Toco,6.0,1.64,38.15,41.03,99.03,19.01
11112,14.86,VUC,3.0,1.1,37.79,37.9,51.55,16.93
11113,46.16,3/4,4.0,1.96,120.18,106.45,173.62,39.65
11114,503.08,Carreta_Bau,28.0,25.6,789.59,699.55,3833.16,1622.36
11115,237.92,Carreta_Bau,28.0,15.59,381.12,368.52,1859.78,754.02
11116,71.76,3/4,4.0,2.69,184.36,149.62,274.69,47.44
11117,30.98,VUC,3.0,0.53,74.28,96.13,104.11,19.81
11118,115.35,Toco,6.0,1.23,261.89,292.46,471.73,120.43
11119,17.27,3/4,4.0,3.79,51.11,24.93,101.06,22.48
11120,278.33,Carreta_Bau,28.0,24.15,463.67,450.6,2265.46,896.33
11121,197.28,VUC,3.0,1.7,385.92,410.58,587.53,130.85
11122,62.31,VUC,3.0,0.96,115.06,139.31,198.68,41.97
11123,443.02,Carreta_Sider,28.0,5.16,655.55,626.34,3213.26,1411.47
11124,31.41,VUC,3.0,2.94,85.4,91.28,118.07,24.8
11125,56.34,VUC,3.0,0.46,112.23,130.71,157.3,35.15
11126,88.97,VUC,3.0,1.06,168.84,174.09,279.07,62.75
11127,30.51,3/4,4.0,2.93,98.72,66.7,145.04,20.77
11128,188.48,Toco,6.0,5.68,445.46,462.81,820.63,214.33
11129,443.44,Carreta_Bau,28.0,6.99,549.9,602.39,3156.36,1370.94
11130,110.37,Truck,14.0,11.31,347.94,343.11,739.08,186.23
11131,489.89,Carreta_Bau,28.0,12.1,718.21,656.68,3536.93,1525.05
11132,50.64,Toco,6.0,4.37,142.4,134.53,250.82,56.84
11133,77.42,3/4,4.0,0.93,181.04,176.03,259.17,63.61
11134,112.93,Toco,6.0,5.31,259.53,289.31,522.55,124.65
11135,493.88,Carreta_Bau,28.0,21.03,767.13,692.5,3712.68,1565.38
11136,66.95,Toco,6.0,5.77,144.9,181.29,336.42,74.52
11137,72.38,VUC,3.0,1.73,178.77,175.77,231.79,47.08
11138,74.3,3/4,4.0,3.62,164.91,173.93,298.04,55.33
11139,53.13,VUC,3.0,1.83,118.61,121.35,176.89,28.39
11140,126.32,3/4,4.0,2.34,261.96,293.15,463.74,108.01
11141,52.78,3/4,4.0,0.92,122.14,135.64,195.74,45.91
11142,465.85,Carreta_Bau,28.0,23.58,567.97,661.57,3559.79,1492.38
11143,448.32,Carreta_Sider,28.0,14.01,701.17,639.45,3365.14,1454.83
11144,347.63,Carreta_Sider,28.0,18.48,422.76,563.16,2733.93,1138.53
11145,69.42,3/4,4.0,2.81,164.32,191.45,275.27,56.6
11146,67.49,VUC,3.0,2.43,150.94,143.49,214.68,42.99
11147,110.29,Toco,6.0,3.83,291.63,309.0,471.33,113.23
11148,358.99,Carreta_Bau,28.0,18.95,586.64,543.13,2736.26,1136.46
11149,64.98,Truck,14.0,8.3,220.64,190.79,457.34,106.11
11150,357.58,Carreta_Sider,28.0,18.81,495.6,508.53,2807.88,1177.96
11151,38.77,VUC,3.0,1.58,102.99,95.05,124.95,24.19
11152,331.81,Carreta_Sider,28.0,22.68,532.74,510.58,2682.18,1106.31
11153,79.4,3/4,4.0,3.36,201.35,158.54,301.32,78.04
11154,25.49,3/4,4.0,2.36,51.99,74.55,112.37,21.99
11155,18.17,Toco,6.0,1.65,71.35,63.81,95.78,17.32
11156,35.41,3/4,4.0,1.87,79.14,85.89,136.97,41.18
11157,27.1,VUC,3.0,2.59,71.31,91.01,111.72,21.4
11158,64.35,Truck,14.0,13.01,165.5,209.35,533.24,109.54
11159,25.02,3/4,4.0,1.51,77.19,65.56,95.0,17.37
11160,363.4,Carreta_Bau,28.0,26.6,578.38,540.75,2895.56,1169.41
11161,63.74,3/4,4.0,1.54,148.07,137.98,223.2,48.47
11162,506.45,Carreta_Sider,28.0,26.07,599.94,709.95,3955.47,1691.88
11163,518.09,Carreta_Bau,28.0,26.46,600.98,679.01,3958.27,1672.28
11164,50.7,3/4,4.0,2.32,101.13,134.11,210.27,41.47
11165,17.87,VUC,3.0,2.87,32.74,63.05,81.12,9.35
11166,316.21,Carreta_Bau,28.0,17.27,419.24,479.02,2438.02,995.18
11167,134.02,Truck,14.0,6.61,400.1,402.38,804.88,217.4
11168,27.51,Toco,6.0,5.03,83.97,87.58,171.87,31.19
11169,151.94,VUC,3.0,0.73,303.4,344.48,453.54,84.2
11170,51.48,VUC,3.0,1.0,116.91,115.49,153.04,27.73
11171,70.71,Toco,6.0,1.99,172.52,204.49,318.59,72.34
11172,401.15,Carreta_Sider,28.0,19.01,569.03,600.76,3112.18,1320.52
11173,40.24,VUC,3.0,2.26,109.59,76.1,135.46,23.31
11174,512.33,Carreta_Sider,28.0,24.13,678.26,736.23,3974.26,1688.31
11175,25.19,Toco,6.0,5.49,91.09,67.75,155.67,22.4
11176,280.32,Carreta_Bau,28.0,25.03,330.4,435.12,2308.25,909.46
11177,30.85,Truck,14.0,10.22,119.44,113.58,307.13,49.01
11178,12.66,Truck,14.0,12.99,53.91,86.06,246.48,15.92
11179,6.29,Toco,6.0,2.31,38.51,24.29,50.73,-1.61
11180,92.55,Toco,6.0,4.6,198.66,252.22,433.51,101.77
11181,136.67,Truck,14.0,3.01,395.36,381.56,784.61,219.37
11182,12.77,Toco,6.0,1.54,60.57,47.0,71.4,15.82
11183,15.36,3/4,4.0,1.37,36.25,42.62,74.93,26.49
11184,83.26,VUC,3.0,0.71,182.32,200.12,248.56,46.17
11185,64.38,3/4,4.0,3.88,143.09,149.64,260.48,54.02
11186,245.04,Carreta_Sider,28.0,15.3,320.0,379.2,1964.26,798.64
11187,43.68,3/4,4.0,3.68,103.14,107.98,186.06,35.61
11188,258.63,Carreta_Sider,28.0,15.54,456.7,408.79,2049.54,831.49
11189,63.06,VUC,3.0,2.23,133.04,145.57,204.5,43.4
11190,518.55,Carreta_Bau,28.0,11.86,592.59,719.98,3733.39,1618.62
11191,89.08,Toco,6.0,5.75,184.4,235.5,430.37,93.59
11192,13.04,3/4,4.0,0.72,56.73,48.92,62.24,6.34
11193,386.8,Carreta_Sider,28.0,20.8,564.96,573.52,3043.93,1280.48
11194,145.09,Toco,6.0,5.75,337.75,384.47,657.91,167.6
11195,238.26,Carreta_Sider,28.0,22.96,366.52,388.61,2026.97,781.99
11196,26.18,VUC,3.0,2.56,51.85,66.56,103.94,8.4
11197,82.29,3/4,4.0,1.62,206.68,211.41,298.89,73.61
11198,115.64,Truck,14.0,7.48,303.22,338.49,722.5,198.86
11199,75.04,3/4,4.0,1.06,205.28,179.27,264.47,74.17
11200,372.55,Carreta_Bau,28.0,13.16,478.28,534.1,2742.95,1161.24
11201,94.48,3/4,4.0,0.63,220.21,203.81,321.89,84.99
11202,32.57,Toco,6.0,4.87,92.39,111.08,193.7,35.84
11203,380.91,Carreta_Bau,28.0,26.88,524.64,553.13,3019.79,1219.04
11204,119.44,3/4,4.0,2.98,281.31,281.05,425.31,98.02
11205,89.98,VUC,3.0,2.52,168.26,206.23,281.15,54.67
11206,35.28,VUC,3.0,1.76,101.81,94.93,114.54,25.02
11207,69.07,VUC,3.0,0.94,152.39,136.97,217.39,36.79
11208,84.33,3/4,4.0,3.05,172.43,209.62,319.78,77.03
11209,19.54,3/4,4.0,1.62,47.55,72.65,88.06,18.79
11210,22.71,VUC,3.0,1.62,51.52,49.86,82.84,19.64
11211,237.6,Carreta_Bau,28.0,25.64,369.1,405.86,2013.04,761.19
11212,478.71,Carreta_Sider,28.0,13.08,606.74,680.21,3570.51,1552.18
11213,56.87,3/4,4.0,1.58,153.86,148.64,213.1,42.56
11214,80.79,Truck,14.0,2.48,210.62,259.87,472.19,132.39
11215,11.18,Toco,6.0,4.48,30.64,35.9,103.73,11.08
11216,81.43,VUC,3.0,1.0,190.04,165.83,245.25,50.8
11217,35.22,VUC,3.0,2.08,102.97,101.39,125.78,22.58
11218,40.97,3/4,4.0,1.85,116.29,102.41,161.75,25.82
11219,446.4,Carreta_Bau,28.0,22.95,576.61,611.34,3401.54,1434.43
11220,34.93,3/4,4.0,3.63,103.51,92.6,157.43,30.62
11221,86.94,Truck,14.0,4.9,311.82,265.66,541.4,146.22
11222,15.9,Truck,14.0,11.53,53.44,79.76,255.86,31.96
11223,339.04,Carreta_Bau,28.0,7.84,447.87,485.81,2454.15,1047.38
11224,300.96,Carreta_Bau,28.0,7.55,512.11,471.45,2165.36,931.43
11225,56.26,VUC,3.0,1.54,108.83,115.52,173.13,28.2
11226,516.96,Carreta_Bau,28.0,11.92,591.27,672.89,3723.86,1623.13
11227,17.48,3/4,4.0,3.96,28.93,35.94,97.8,16.81
11228,88.5,Truck,14.0,11.67,239.55,268.01,626.93,147.83
11229,401.93,Carreta_Sider,28.0,25.39,604.45,605.4,3216.46,1333.58
11230,76.61,Truck,14.0,3.72,230.28,234.55,468.12,118.12
11231,25.28,VUC,3.0,2.27,72.24,69.93,101.63,22.8
11232,31.1,Truck,14.0,9.29,96.43,106.82,291.81,61.12
11233,38.72,3/4,4.0,0.94,115.8,106.99,139.74,38.81
11234,499.87,Carreta_Sider,28.0,23.09,615.29,689.22,3867.91,1651.66
11235,40.89,Toco,6.0,5.25,126.54,124.18,233.63,47.14
11236,78.38,3/4,4.0,3.71,169.15,199.75,308.82,73.2
11237,55.37,Toco,6.0,5.69,190.13,144.89,300.42,61.92
11238,42.94,Truck,14.0,3.38,157.47,167.0,282.56,78.55
11239,69.47,VUC,3.0,2.7,133.02,129.68,219.85,51.64
11240,45.67,Toco,6.0,5.72,113.57,143.87,253.35,64.62
11241,125.42,Truck,14.0,10.32,348.54,391.12,818.56,207.9
11242,15.67,VUC,3.0,0.92,32.41,32.21,44.85,-2.18
11243,13.78,VUC,3.0,1.47,47.98,45.25,55.71,9.15
11244,33.66,3/4,4.0,0.91,100.59,77.89,127.24,26.08
11245,58.86,3/4,4.0,0.61,134.57,149.77,220.02,49.57
11246,16.27,VUC,3.0,2.8,50.55,43.82,73.99,19.57
11247,54.06,VUC,3.0,2.93,113.52,124.52,186.29,32.77
11248,28.53,VUC,3.0,2.79,40.55,63.86,123.69,14.52
11249,185.16,Truck,14.0,5.12,432.81,532.22,1059.88,295.74
11250,108.22,Truck,14.0,9.49,268.4,319.89,716.51,188.71
11251,67.28,VUC,3.0,1.72,149.85,159.65,213.91,40.84
11252,6.57,VUC,3.0,1.71,19.3,49.55,36.79,5.51
11253,46.68,VUC,3.0,1.54,106.52,140.18,153.69,39.07
11254,8.76,Toco,6.0,5.7,16.61,56.68,104.92,13.04
11255,34.08,VUC,3.0,2.47,68.15,83.11,139.6,10.9
11256,463.86,Carreta_Bau,28.0,24.36,633.19,667.47,3533.29,1486.21
11257,390.05,Carreta_Sider,28.0,5.02,544.24,566.69,2837.37,1238.61
11258,170.5,3/4,4.0,2.0,422.27,389.68,593.39,135.29
11259,5.42,Truck,14.0,9.22,35.79,72.31,154.99,6.52
11260,509.03,Carreta_Sider,28.0,19.88,767.58,731.96,3895.29,1658.14
11261,46.69,VUC,3.0,2.73,133.44,98.9,160.89,32.15
11262,73.8,3/4,4.0,1.17,128.01,192.75,265.61,61.62
11263,13.12,VUC,3.0,0.68,31.42,47.09,48.1,4.7
11264,501.21,Carreta_Sider,28.0,25.46,691.36,702.85,3925.67,1655.9
11265,70.91,VUC,3.0,1.74,171.92,159.28,221.02,52.47
11266,190.45,3/4,4.0,2.43,380.98,438.41,668.7,159.02
11267,57.16,3/4,4.0,3.63,131.86,107.94,233.12,54.91
11268,369.98,Carreta_Sider,28.0,22.05,428.21,537.19,2935.03,1219.87
11269,49.92,VUC,3.0,2.31,107.73,130.95,178.68,39.68
11270,58.55,VUC,3.0,0.92,101.76,122.33,173.39,39.89
11271,378.94,Carreta_Bau,28.0,18.99,550.99,557.75,2878.66,1203.36
11272,34.57,VUC,3.0,1.6,50.03,101.52,111.3,17.92
11273,68.64,Toco,6.0,4.02,158.74,160.06,330.2,81.46
11274,74.95,VUC,3.0,1.92,138.67,189.38,232.25,47.23
11275,74.82,VUC,3.0,0.52,156.44,163.21,230.84,42.8
11276,28.52,VUC,3.0,1.33,55.89,76.64,100.3,17.37
11277,63.51,3/4,4.0,2.16,127.01,184.5,236.57,53.53
11278,17.48,Truck,14.0,8.05,72.24,90.8,198.66,32.94
11279,96.71,Truck,14.0,3.28,316.47,290.64,567.5,145.54
11280,49.08,VUC,3.0,2.74,84.04,106.98,174.1,44.01
11281,4.24,VUC,3.0,1.3,10.12,15.15,27.03,5.01
11282,21.62,3/4,4.0,2.26,44.09,56.54,98.22,18.25
11283,61.49,Truck,14.0,10.0,183.57,219.33,459.9,103.54
11284,387.73,Carreta_Bau,28.0,21.31,471.84,570.06,2992.14,1228.92
11285,189.07,Truck,14.0,6.6,502.09,555.84,1102.17,307.8
11286,478.06,Carreta_Sider,28.0,7.27,712.51,664.99,3479.6,1532.6
11287,83.57,VUC,3.0,0.98,192.27,194.05,243.24,51.36
11288,8.46,Toco,6.0,1.74,31.25,13.41,55.6,11.66
11289,54.83,Toco,6.0,2.15,161.86,179.79,262.7,62.77
11290,61.95,VUC,3.0,1.99,126.75,136.5,197.95,36.3
11291,88.85,Toco,6.0,3.63,235.1,224.94,402.34,102.92
11292,451.37,Carreta_Sider,28.0,8.21,643.35,653.55,3318.35,1446.53
11293,63.62,Toco,6.0,4.38,167.73,192.83,317.59,79.26
11294,13.38,3/4,4.0,0.82,47.02,44.1,60.87,17.65
11295,17.35,VUC,3.0,2.77,33.1,68.02,81.93,13.39
11296,61.85,VUC,3.0,1.89,133.04,154.01,190.52,35.74
11297,23.62,VUC,3.0,1.96,57.81,66.97,84.61,14.66
11298,88.48,Toco,6.0,2.36,241.62,213.35,378.32,100.14
11299,479.75,Carreta_Bau,28.0,16.38,624.12,664.24,3531.61,1511.8
11300,87.78,Toco,6.0,3.07,271.75,235.3,391.13,97.17
11301,90.33,Toco,6.0,5.75,254.08,240.31,433.44,103.03
11302,30.66,VUC,3.0,0.64,78.27,69.99,98.03,18.69
11303,416.96,Carreta_Bau,28.0,15.12,472.42,599.34,3080.06,1308.82
11304,69.24,Toco,6.0,4.94,199.6,173.95,339.07,84.28
11305,165.08,Toco,6.0,3.68,394.07,441.79,710.94,182.09
11306,248.24,Carreta_Bau,28.0,17.65,300.29,397.01,1966.0,784.26
11307,64.33,3/4,4.0,3.7,162.59,148.67,261.14,51.73
11308,396.3,Carreta_Bau,28.0,13.14,569.45,558.78,2905.28,1247.24
11309,7.24,Toco,6.0,0.91,38.01,39.02,47.39,7.32
11310,232.41,Carreta_Sider,28.0,26.23,437.31,420.16,2039.15,778.13
11311,28.17,3/4,4.0,0.71,72.36,87.84,107.82,18.73
11312,396.76,Carreta_Sider,28.0,23.18,642.16,606.62,3148.74,1313.39
11313,22.82,VUC,3.0,0.81,70.49,58.32,77.81,11.98
11314,37.74,VUC,3.0,0.5,68.28,86.64,112.44,32.34
11315,90.73,Truck,14.0,6.32,240.89,305.25,576.62,149.08
11316,237.87,Carreta_Bau,28.0,24.76,399.87,392.5,2012.44,759.02
11317,80.95,Toco,6.0,1.09,205.18,209.27,341.51,90.6
11318,30.7,VUC,3.0,1.12,83.7,66.47,97.94,25.63
11319,170.54,Truck,14.0,5.42,507.83,504.41,993.35,274.03
11320,315.22,Carreta_Bau,28.0,6.46,425.52,447.49,2263.3,970.68
11321,52.23,VUC,3.0,0.69,103.7,121.99,153.48,21.81
11322,21.5,3/4,4.0,3.69,49.84,67.66,117.92,24.11
11323,29.25,Toco,6.0,4.45,85.05,101.24,170.48,23.31
11324,386.65,Carreta_Bau,28.0,11.61,555.94,525.58,2834.05,1208.38
11325,9.92,VUC,3.0,1.06,31.51,8.0,38.08,-2.35
11326,314.81,Carreta_Bau,28.0,5.22,513.34,454.9,2242.98,979.92
11327,62.48,3/4,4.0,1.82,160.34,152.88,231.2,59.31
11328,63.78,VUC,3.0,1.22,153.08,127.81,199.04,42.01
11329,80.3,Toco,6.0,5.58,189.96,199.91,396.18,94.26
11330,83.31,Toco,6.0,2.02,268.11,229.44,367.49,88.58
11331,367.79,Carreta_Bau,28.0,13.84,596.0,526.47,2725.24,1150.9
11332,18.57,Toco,6.0,4.38,50.9,78.05,136.55,11.97
11333,71.62,VUC,3.0,1.27,189.35,140.29,208.3,49.49
11334,281.17,Carreta_Bau,28.0,22.81,386.45,440.28,2265.87,894.44
11335,425.79,Carreta_Sider,28.0,21.48,622.84,645.66,3326.31,1415.61
11336,371.24,Carreta_Bau,28.0,5.04,462.39,521.59,2628.07,1138.95
11337,16.26,3/4,4.0,3.51,64.33,45.41,93.48,19.1
11338,38.01,VUC,3.0,1.38,97.21,103.5,118.01,30.6
11339,339.21,Carreta_Bau,28.0,6.48,528.92,507.33,2430.14,1042.26
11340,50.91,3/4,4.0,2.97,95.76,121.16,208.28,41.36
11341,8.5,Truck,14.0,10.99,44.25,47.53,193.33,12.91
11342,280.03,Carreta_Sider,28.0,5.89,414.25,445.17,2068.82,910.64
11343,18.27,VUC,3.0,1.35,44.84,54.44,64.83,10.41
11344,28.67,3/4,4.0,3.64,66.33,85.76,145.78,19.1
11345,322.68,Carreta_Bau,28.0,20.13,382.79,489.58,2520.91,1029.09
11346,15.61,VUC,3.0,1.81,31.95,44.41,61.95,4.79
11347,89.0,Toco,6.0,3.47,259.33,252.53,406.8,96.38
11348,30.24,3/4,4.0,2.67,94.42,103.36,132.48,23.52
11349,49.61,3/4,4.0,2.82,133.88,112.63,207.54,44.99
11350,94.68,Truck,14.0,2.92,284.93,299.62,554.43,148.66
11351,116.68,Toco,6.0,2.6,344.6,304.98,504.25,122.22
11352,378.36,Carreta_Sider,28.0,16.73,618.66,542.63,2929.83,1239.96
11353,55.56,3/4,4.0,3.08,167.47,127.52,216.11,49.11
11354,41.45,3/4,4.0,3.13,85.49,103.45,177.5,35.73
11355,181.87,Toco,6.0,3.99,424.63,481.29,794.69,188.96
11356,88.61,Truck,14.0,9.08,276.38,261.62,603.35,148.56
11357,24.25,Truck,14.0,6.48,70.77,69.38,215.18,37.03
11358,20.33,Toco,6.0,5.16,57.29,68.04,140.63,23.84
11359,460.56,Carreta_Bau,28.0,26.01,618.65,645.41,3541.12,1473.78
11360,52.72,Truck,14.0,12.17,185.53,194.58,459.68,89.03
11361,440.25,Carreta_Sider,28.0,24.95,602.38,647.2,3475.0,1461.9
11362,42.88,VUC,3.0,2.77,77.7,111.75,158.03,26.91
11363,76.53,Truck,14.0,4.5,213.47,232.59,465.59,118.82
11364,7.82,VUC,3.0,1.76,14.54,12.07,58.94,10.85
11365,60.21,VUC,3.0,1.81,128.66,154.92,183.37,34.95
11366,68.67,3/4,4.0,2.25,147.26,160.65,256.92,62.76
11367,92.44,Truck,14.0,12.2,288.36,299.11,670.85,158.93
11368,17.26,VUC,3.0,1.28,38.44,42.97,59.66,6.81
11369,26.41,Toco,6.0,1.72,87.8,92.97,133.98,31.95
11370,88.85,Truck,14.0,5.36,275.19,277.36,549.62,141.46
11371,61.39,VUC,3.0,0.81,130.14,140.07,187.91,41.87
11372,319.38,Carreta_Sider,28.0,13.83,376.23,493.52,2467.98,1031.18
11373,7.46,3/4,4.0,1.0,33.64,28.74,35.71,5.63
11374,455.03,Carreta_Sider,28.0,6.28,592.93,616.06,3323.01,1453.02
11375,380.09,Carreta_Sider,28.0,14.93,481.27,564.65,2907.29,1235.44
11376,11.04,VUC,3.0,1.98,33.25,51.92,66.52,9.02
11377,155.04,VUC,3.0,2.0,336.83,330.47,459.07,95.93
11378,409.83,Carreta_Sider,28.0,6.4,562.04,582.31,2991.99,1305.91
11379,518.22,Carreta_Sider,28.0,27.32,718.51,742.27,4068.33,1731.53
11380,75.48,VUC,3.0,0.76,191.13,180.84,217.19,45.45
11381,55.64,Toco,6.0,4.27,155.78,153.52,283.98,58.43
11382,55.45,3/4,4.0,3.62,126.91,119.75,227.58,43.73
11383,84.07,VUC,3.0,2.71,143.6,188.37,262.65,52.65
11384,112.42,3/4,4.0,2.34,295.08,271.2,398.85,90.28
11385,199.09,Truck,14.0,5.4,676.59,582.07,1136.09,325.49
11386,25.94,Toco,6.0,5.12,80.05,78.53,174.16,26.39
11387,349.04,Carreta_Bau,28.0,18.78,532.94,519.65,2676.73,1102.0
11388,18.6,Toco,6.0,4.93,89.76,64.07,135.2,19.48
11389,271.46,Carreta_Sider,28.0,13.72,340.03,424.94,2119.15,873.26
11390,59.86,3/4,4.0,3.71,151.06,146.54,242.37,47.54
11391,365.96,Carreta_Sider,28.0,26.32,479.94,560.1,2991.98,1224.56
11392,344.22,Carreta_Bau,28.0,21.75,506.21,516.93,2684.81,1093.36
11393,84.3,VUC,3.0,2.85,197.43,179.56,277.92,54.53
11394,28.14,Truck,14.0,7.5,93.77,109.19,252.15,56.92
11395,429.9,Carreta_Bau,28.0,8.83,598.36,602.24,3094.81,1337.25
11396,66.0,VUC,3.0,2.12,140.05,156.46,204.1,40.1
11397,17.87,VUC,3.0,2.12,59.5,56.73,80.1,1.61
11398,125.13,Truck,14.0,7.95,372.66,394.72,774.23,205.28
11399,19.64,VUC,3.0,1.11,52.29,62.49,83.69,8.61
11400,86.04,Toco,6.0,4.08,257.62,259.83,403.32,96.82
11401,14.73,VUC,3.0,0.91,53.03,57.13,42.28,5.92
11402,6.22,Truck,14.0,11.06,38.76,63.12,179.54,11.68
11403,282.26,Carreta_Sider,28.0,25.78,481.78,441.06,2386.16,945.47
11404,74.52,Truck,14.0,4.08,219.81,242.73,463.28,123.16
11405,36.99,3/4,4.0,3.39,80.17,111.41,167.31,25.28
11406,40.1,3/4,4.0,1.27,95.76,104.14,151.54,33.95
11407,460.52,Carreta_Bau,28.0,16.11,672.11,611.38,3395.26,1457.89
11408,76.79,Toco,6.0,5.64,217.85,177.91,387.71,77.58
11409,249.17,Carreta_Bau,28.0,6.17,381.43,382.52,1805.1,778.45
11410,309.11,Carreta_Sider,28.0,6.34,489.78,460.26,2285.66,987.63
11411,104.17,VUC,3.0,2.89,245.65,206.63,325.41,71.2
11412,190.27,Toco,6.0,1.71,514.64,490.63,789.3,201.48
11413,292.05,Carreta_Sider,28.0,12.34,489.21,437.97,2243.88,944.52
11414,264.56,Carreta_Sider,28.0,15.12,459.9,401.18,2088.52,855.89
11415,20.37,3/4,4.0,0.62,62.89,89.42,81.72,24.59
11416,398.73,Carreta_Sider,28.0,8.68,586.76,582.92,2938.48,1288.33
11417,63.18,3/4,4.0,3.42,165.81,151.7,254.41,65.2
11418,32.53,Truck,14.0,8.27,112.74,99.6,283.92,44.39
11419,355.05,Carreta_Sider,28.0,13.57,492.18,517.13,2708.86,1152.58
11420,469.12,Carreta_Sider,28.0,20.43,573.93,663.39,3614.25,1544.58
11421,458.28,Carreta_Bau,28.0,11.93,528.7,625.18,3318.05,1429.96
11422,13.49,VUC,3.0,1.57,43.17,36.08,64.36,10.49
11423,66.56,VUC,3.0,2.98,113.37,133.95,220.87,36.54
11424,33.0,Toco,6.0,4.85,99.19,90.28,197.97,43.69
11425,82.86,Toco,6.0,3.73,224.84,199.72,386.37,82.58
11426,87.63,VUC,3.0,1.79,164.88,165.03,268.33,57.53
11427,81.26,VUC,3.0,2.6,159.44,158.82,252.67,56.95
11428,33.33,VUC,3.0,1.98,85.09,73.04,111.65,18.49
11429,197.52,3/4,4.0,1.75,379.78,450.26,691.18,173.08
11430,25.53,3/4,4.0,2.02,65.97,79.47,112.81,12.44
11431,102.5,Truck,14.0,4.28,345.54,315.91,612.02,164.77
11432,85.24,3/4,4.0,3.86,222.21,215.75,327.05,65.51
11433,45.22,3/4,4.0,2.82,96.02,113.03,195.75,34.78
11434,68.4,Truck,14.0,6.84,230.88,226.85,455.37,108.77
11435,79.27,Toco,6.0,2.74,171.57,184.05,356.54,82.74
11436,458.15,Carreta_Bau,28.0,25.79,631.65,657.5,3533.52,1480.94
11437,29.27,3/4,4.0,1.83,73.71,80.56,111.6,18.8
11438,14.84,3/4,4.0,3.17,51.91,63.6,81.82,4.98
11439,234.88,Carreta_Sider,28.0,24.08,373.03,362.66,2017.79,775.89
11440,242.52,Carreta_Bau,28.0,25.85,392.28,413.91,2059.75,781.23
11441,60.86,3/4,4.0,1.87,166.01,128.51,223.49,53.82
11442,57.71,VUC,3.0,2.4,111.73,147.55,182.15,43.27
11443,28.59,3/4,4.0,1.71,53.03,67.71,106.57,13.3
11444,57.21,3/4,4.0,3.81,144.26,150.56,231.25,58.04
11445,75.92,Truck,14.0,2.23,251.35,233.29,435.36,117.01
11446,35.85,Truck,14.0,8.89,131.43,143.44,319.16,57.41
11447,162.32,Truck,14.0,8.17,482.54,482.21,986.33,265.56
11448,26.05,VUC,3.0,2.69,82.6,89.19,104.56,6.17
11449,389.53,Carreta_Bau,28.0,9.35,515.73,540.92,2812.71,1209.71
11450,69.98,Toco,6.0,1.35,167.11,175.75,307.74,79.43
11451,214.05,Toco,6.0,5.22,550.49,537.27,935.8,239.64
11452,75.51,3/4,4.0,1.79,185.08,192.6,268.15,61.08
11453,170.12,Toco,6.0,2.56,443.88,445.94,716.03,184.26
11454,308.94,Carreta_Sider,28.0,6.71,487.67,449.93,2293.5,989.46
11455,90.84,Toco,6.0,5.59,242.83,233.02,438.67,99.42
11456,17.43,VUC,3.0,2.06,38.96,53.08,76.89,13.71
11457,84.92,VUC,3.0,2.22,148.65,204.95,261.23,50.99
11458,73.62,Truck,14.0,12.79,195.29,228.54,565.82,117.97
11459,413.93,Carreta_Bau,28.0,24.28,473.03,576.32,3206.44,1326.69
11460,67.87,VUC,3.0,1.6,179.56,166.14,207.34,31.35
11461,209.58,Truck,14.0,4.0,649.67,583.06,1170.73,340.28
11462,32.49,3/4,4.0,2.89,93.56,96.65,138.31,28.21
11463,6.02,3/4,4.0,2.81,12.17,8.0,51.72,4.03
11464,50.19,3/4,4.0,0.76,111.15,125.13,190.39,45.61
11465,401.87,Carreta_Bau,28.0,25.61,645.02,579.15,3136.43,1294.9
11466,291.34,Carreta_Sider,28.0,12.18,432.25,441.87,2239.18,946.99
11467,30.01,3/4,4.0,2.06,82.03,103.08,138.33,33.27
11468,30.37,3/4,4.0,2.35,82.25,82.79,122.34,27.43
11469,266.6,Carreta_Bau,28.0,25.91,372.27,426.56,2224.35,854.68
11470,88.37,Toco,6.0,1.77,262.06,232.0,377.17,98.06
11471,247.8,Carreta_Bau,28.0,12.97,317.68,381.13,1896.96,773.21
11472,17.92,Truck,14.0,8.07,69.16,104.14,222.37,25.48
11473,89.02,Truck,14.0,13.9,235.26,277.14,674.24,147.57
11474,49.85,VUC,3.0,1.57,125.52,141.1,161.09,37.67
11475,80.28,VUC,3.0,1.47,153.42,165.89,239.6,54.99
11476,29.81,VUC,3.0,2.83,65.06,75.28,115.69,23.96
11477,61.69,Toco,6.0,4.27,144.4,165.59,298.79,68.15
11478,156.87,Toco,6.0,1.73,412.56,392.14,649.36,170.41
11479,54.65,3/4,4.0,1.2,140.18,134.36,184.72,48.62
11480,88.1,Toco,6.0,4.19,205.45,260.22,403.06,92.94
11481,20.32,Toco,6.0,3.28,67.91,88.1,122.91,24.98
11482,22.62,VUC,3.0,0.47,69.41,58.94,79.06,14.14
11483,90.36,Truck,14.0,7.44,301.45,260.18,581.58,145.3
11484,12.91,3/4,4.0,3.79,33.79,50.89,88.84,9.4
11485,236.37,Carreta_Sider,28.0,21.99,420.97,391.95,1987.5,776.89
11486,61.76,Toco,6.0,3.75,175.89,158.49,291.29,65.88
11487,468.68,Carreta_Sider,28.0,8.85,581.31,667.51,3427.62,1504.3
11488,9.51,3/4,4.0,1.74,59.13,19.25,67.45,11.33
11489,138.42,3/4,4.0,3.99,312.56,326.64,511.73,127.84
11490,11.01,3/4,4.0,2.84,56.43,47.62,71.2,12.26
11491,58.34,3/4,4.0,1.54,129.32,154.66,217.88,49.53
11492,502.28,Carreta_Bau,28.0,21.76,772.1,676.82,3785.66,1593.39
11493,140.69,3/4,4.0,0.91,294.33,351.23,481.11,129.04
11494,248.86,Carreta_Sider,28.0,13.02,389.05,407.35,1945.73,802.24
11495,54.17,Toco,6.0,2.07,149.9,151.66,259.51,54.68
11496,352.68,Carreta_Bau,28.0,25.52,525.62,508.47,2795.5,1140.82
11497,451.08,Carreta_Sider,28.0,21.7,525.41,640.44,3516.2,1481.47
11498,156.02,Truck,14.0,8.02,472.08,457.02,944.89,256.84
11499,56.15,VUC,3.0,1.49,126.24,127.19,180.04,33.54
11500,154.97,Toco,6.0,5.28,341.59,406.13,683.39,170.05
11501,362.06,Carreta_Sider,28.0,8.85,514.17,527.4,2708.71,1162.37
11502,219.42,3/4,4.0,0.85,474.86,522.42,744.62,176.25
11503,47.1,3/4,4.0,3.5,117.3,116.31,194.13,40.03
11504,71.55,VUC,3.0,2.63,159.01,162.72,237.08,51.82
11505,368.91,Carreta_Bau,28.0,9.99,487.36,543.45,2677.77,1148.89
11506,94.29,Truck,14.0,4.42,227.58,279.29,571.66,169.29
11507,443.75,Carreta_Sider,28.0,21.37,615.97,623.75,3442.78,1462.28
11508,29.1,VUC,3.0,0.82,79.37,65.86,94.4,12.35
11509,33.43,3/4,4.0,2.71,90.89,103.39,139.82,25.92
11510,127.67,VUC,3.0,2.24,247.19,275.71,384.01,73.03
11511,33.4,VUC,3.0,2.04,77.28,90.81,112.12,26.94
11512,73.46,VUC,3.0,1.54,144.94,144.72,232.83,54.98
11513,453.91,Carreta_Bau,28.0,23.63,593.59,618.45,3464.78,1458.74
11514,110.97,Toco,6.0,5.64,243.1,301.97,517.88,118.89
11515,477.0,Carreta_Bau,28.0,21.0,572.18,669.27,3587.05,1515.96
11516,35.67,Toco,6.0,3.04,105.51,94.26,189.9,42.28
11517,65.58,3/4,4.0,3.99,166.98,147.03,260.43,54.39
11518,509.64,Carreta_Sider,28.0,14.9,571.18,710.73,3819.32,1652.32
11519,44.58,VUC,3.0,0.75,59.83,102.75,131.0,23.19
11520,59.31,VUC,3.0,0.92,151.74,116.61,179.15,46.79
11521,79.44,3/4,4.0,1.78,210.21,191.08,294.54,64.56
11522,50.78,3/4,4.0,1.18,123.51,107.7,170.15,46.54
11523,378.67,Carreta_Bau,28.0,22.72,489.82,544.5,2931.41,1213.92
11524,513.31,Carreta_Sider,28.0,4.54,753.92,688.29,3700.75,1628.41
11525,444.35,Carreta_Sider,28.0,13.86,641.81,633.32,3344.9,1441.48
11526,47.24,Toco,6.0,5.38,130.52,128.54,265.61,47.26
11527,28.29,3/4,4.0,1.0,67.93,96.87,97.24,30.79
11528,50.95,Toco,6.0,3.84,164.7,149.48,262.99,51.0
11529,27.88,VUC,3.0,2.83,66.29,52.32,114.71,20.09
11530,80.76,3/4,4.0,0.84,207.42,207.11,280.94,64.59
11531,39.39,VUC,3.0,1.34,75.9,90.38,118.36,20.45
11532,15.75,VUC,3.0,0.55,32.39,54.76,49.19,15.26
11533,25.84,Truck,14.0,10.22,83.9,84.29,285.52,40.01
11534,113.86,Truck,14.0,7.07,308.94,352.31,707.41,176.2
11535,52.65,Toco,6.0,5.73,126.81,179.77,282.84,60.57
11536,87.38,Truck,14.0,10.33,279.22,281.77,603.3,140.64
11537,96.62,Toco,6.0,3.97,244.82,248.91,445.08,106.27
11538,103.84,VUC,3.0,2.77,221.1,242.46,326.15,72.23
11539,287.06,Carreta_Bau,28.0,7.29,436.09,421.13,2083.3,890.99
11540,31.35,VUC,3.0,2.45,99.93,84.27,116.3,24.83
11541,359.94,Carreta_Bau,28.0,21.57,409.69,561.94,2787.03,1142.07
11542,28.06,VUC,3.0,2.17,60.02,62.45,99.14,24.14
11543,41.0,Toco,6.0,4.15,129.86,128.29,207.34,43.35
11544,92.07,Truck,14.0,3.58,277.42,308.21,542.89,140.57
11545,80.91,VUC,3.0,2.53,155.17,192.96,247.36,40.43
11546,17.62,Truck,14.0,9.66,50.47,88.98,230.31,27.45
11547,59.85,VUC,3.0,2.42,146.25,108.42,193.47,34.97
11548,299.63,Carreta_Bau,28.0,25.05,475.02,451.98,2430.1,959.07
11549,76.06,VUC,3.0,1.83,189.95,180.84,237.31,50.55
11550,73.89,VUC,3.0,2.89,167.21,160.75,237.93,57.06
11551,48.48,3/4,4.0,0.97,124.46,115.88,167.98,35.82
11552,70.6,VUC,3.0,0.46,146.37,173.06,209.88,44.63
11553,57.11,3/4,4.0,1.72,132.98,151.74,224.46,45.2
11554,22.33,Truck,14.0,4.68,68.05,75.72,193.02,31.05
11555,9.1,VUC,3.0,1.86,25.22,42.12,55.36,0.77
11556,382.78,Carreta_Sider,28.0,10.87,542.53,545.49,2857.31,1242.05
11557,286.08,Carreta_Bau,28.0,20.58,333.53,422.08,2268.75,911.09
11558,37.62,3/4,4.0,3.81,107.55,105.29,169.32,31.66
11559,113.09,Truck,14.0,11.25,388.61,328.66,769.3,183.87
11560,191.12,3/4,4.0,2.03,468.02,422.56,670.4,161.83
11561,516.87,Carreta_Bau,28.0,27.65,781.56,704.2,3961.19,1666.67
11562,9.64,VUC,3.0,2.42,34.74,35.17,39.84,15.92
11563,241.99,Carreta_Sider,28.0,23.5,370.21,418.34,2054.23,801.91
11564,233.03,Carreta_Sider,28.0,9.07,322.42,376.1,1789.29,749.01
11565,159.94,Toco,6.0,4.4,356.77,395.7,699.88,175.91
11566,39.95,3/4,4.0,0.84,98.55,87.81,145.07,39.71
11567,79.43,VUC,3.0,1.05,165.13,153.1,243.1,50.17
11568,80.83,3/4,4.0,0.66,187.34,204.24,288.41,64.55
11569,7.1,Toco,6.0,4.5,40.36,25.52,79.12,8.6
11570,10.33,Truck,14.0,2.35,53.5,54.82,99.32,20.44
11571,64.96,Truck,14.0,7.45,228.63,182.82,461.1,111.83
11572,49.5,VUC,3.0,2.1,109.42,131.99,174.06,33.05
11573,17.59,VUC,3.0,1.23,55.49,47.96,61.22,12.32
11574,514.54,Carreta_Bau,28.0,12.94,789.93,676.0,3723.0,1617.83
11575,77.3,VUC,3.0,2.66,195.53,163.14,255.12,36.8
11576,23.7,Toco,6.0,5.5,79.97,82.23,163.99,26.69
11577,192.95,Toco,6.0,5.28,473.27,481.74,844.93,210.37
11578,369.9,Carreta_Bau,28.0,22.05,486.44,547.34,2855.65,1181.79
11579,112.87,VUC,3.0,1.16,218.02,261.29,329.89,73.38
11580,123.25,Truck,14.0,2.99,314.14,378.83,702.32,203.46
11581,399.62,Carreta_Sider,28.0,15.83,517.43,583.67,3047.74,1294.58
11582,11.11,VUC,3.0,2.81,45.48,56.01,64.01,3.68
11583,72.21,Toco,6.0,2.04,194.38,198.27,324.88,72.92
11584,59.34,Truck,14.0,4.59,191.63,187.94,381.28,92.57
11585,39.89,VUC,3.0,2.44,76.19,93.3,126.82,19.09
11586,364.95,Carreta_Sider,28.0,18.29,498.47,547.18,2847.54,1205.34
11587,67.04,VUC,3.0,1.48,138.64,155.71,209.94,47.15
11588,86.94,Truck,14.0,12.37,229.17,261.73,637.31,140.77
11589,7.11,3/4,4.0,2.58,32.63,47.67,49.41,6.13
11590,61.12,3/4,4.0,3.73,155.23,170.82,240.55,50.75
11591,23.85,3/4,4.0,1.85,70.62,103.0,107.9,20.88
11592,47.15,VUC,3.0,1.58,78.3,84.89,154.8,26.32
11593,384.07,Carreta_Bau,28.0,5.97,464.12,541.17,2727.79,1178.78
11594,42.58,Truck,14.0,6.48,150.19,133.65,308.45,66.28
11595,193.16,Toco,6.0,1.82,524.98,500.77,808.17,213.42
11596,513.58,Carreta_Sider,28.0,4.98,662.28,724.25,3703.76,1627.62
11597,39.49,3/4,4.0,1.47,123.74,103.45,153.02,38.58
11598,21.32,VUC,3.0,1.7,56.1,51.83,81.19,16.47
11599,332.31,Carreta_Bau,28.0,10.09,508.85,478.63,2446.13,1033.46
11600,77.04,VUC,3.0,0.73,177.38,167.05,228.73,52.21
11601,507.06,Carreta_Sider,28.0,14.95,798.84,715.18,3813.44,1649.45
11602,38.54,Toco,6.0,1.65,105.51,118.06,179.24,30.45
11603,164.77,Truck,14.0,3.12,390.37,502.65,926.14,261.79
11604,267.17,Carreta_Sider,28.0,27.05,406.3,439.3,2288.75,888.49
11605,84.73,VUC,3.0,1.66,189.92,199.03,254.75,61.5
11606,36.27,Truck,14.0,11.65,145.22,120.45,357.45,58.16
11607,237.67,Carreta_Bau,28.0,8.26,358.67,357.15,1760.25,736.67
11608,80.41,3/4,4.0,2.17,168.69,208.66,283.14,62.28
11609,53.55,Truck,14.0,3.17,159.08,178.57,342.66,85.44
11610,39.09,Toco,6.0,3.0,133.2,108.26,205.48,36.33
11611,68.07,Truck,14.0,11.93,182.59,208.96,516.74,118.48
11612,415.91,Carreta_Sider,28.0,25.45,651.07,608.71,3325.27,1379.46
11613,412.72,Carreta_Sider,28.0,16.55,512.13,603.88,3169.92,1340.22
11614,75.59,Toco,6.0,2.36,200.25,206.81,324.78,87.37
11615,301.78,Carreta_Bau,28.0,21.66,460.52,443.72,2391.18,956.62
11616,47.92,3/4,4.0,2.77,116.05,105.36,187.44,42.2
11617,42.71,VUC,3.0,1.65,89.0,102.38,146.92,19.92
11618,56.55,Toco,6.0,3.32,173.67,166.98,267.62,62.81
11619,101.86,Truck,14.0,7.97,249.99,300.7,651.99,171.77
11620,57.25,3/4,4.0,1.75,105.91,123.22,215.7,44.94
11621,42.72,3/4,4.0,2.36,118.54,111.79,181.07,30.37
11622,72.95,3/4,4.0,0.8,190.72,146.46,255.56,54.79
11623,169.46,Truck,14.0,8.89,498.88,495.2,1025.92,277.67
11624,40.37,VUC,3.0,1.72,97.33,104.12,132.82,35.53
11625,45.22,VUC,3.0,1.52,86.52,102.16,150.66,34.23
11626,116.36,Truck,14.0,5.96,320.45,328.22,697.59,194.4
11627,59.08,VUC,3.0,2.04,108.26,155.49,191.32,32.77
11628,93.8,Toco,6.0,3.37,256.0,250.25,415.67,107.29
11629,27.72,VUC,3.0,0.71,74.13,72.11,80.67,22.37
11630,25.11,3/4,4.0,1.87,85.79,84.2,93.94,22.69
11631,20.1,Toco,6.0,1.29,63.76,65.45,96.95,18.22
11632,454.98,Carreta_Bau,28.0,13.22,600.36,626.56,3324.14,1431.86
11633,218.15,Truck,14.0,8.44,676.74,652.75,1270.5,353.76
11634,145.12,VUC,3.0,1.45,355.96,298.9,433.9,95.87
11635,245.52,Carreta_Bau,28.0,12.33,388.49,401.36,1865.36,766.72
11636,66.74,3/4,4.0,1.56,158.95,148.27,235.84,51.08
11637,44.87,Truck,14.0,6.64,184.23,141.87,334.76,70.89
11638,127.85,Toco,6.0,1.25,379.12,336.03,544.8,145.76
11639,39.36,Truck,14.0,13.93,120.33,164.39,413.59,60.07
11640,511.01,Carreta_Bau,28.0,17.42,757.38,701.69,3764.58,1621.72
11641,228.88,Carreta_Sider,28.0,19.34,411.41,367.71,1904.5,755.05
11642,22.57,VUC,3.0,0.92,63.04,68.72,78.34,13.33
11643,85.09,Toco,6.0,5.61,218.88,219.71,429.98,91.6
11644,44.33,3/4,4.0,2.54,112.45,123.96,176.43,31.49
11645,59.3,VUC,3.0,1.51,129.48,138.49,193.79,44.32
11646,14.24,Toco,6.0,4.54,55.15,35.25,109.74,9.68
11647,13.83,3/4,4.0,1.63,53.05,51.73,60.84,-2.32
11648,491.55,Carreta_Bau,28.0,26.44,738.41,670.99,3780.91,1585.71
11649,385.16,Carreta_Bau,28.0,8.23,511.32,563.76,2769.33,1188.7
11650,335.6,Carreta_Sider,28.0,24.03,522.37,496.95,2731.51,1111.03
11651,10.13,VUC,3.0,2.91,48.6,32.52,65.21,-0.07
11652,37.43,VUC,3.0,1.7,76.89,76.53,120.27,21.09
11653,47.03,3/4,4.0,3.58,138.81,141.7,196.55,40.98
11654,26.26,VUC,3.0,0.63,94.67,44.47,79.41,17.84
11655,297.09,Carreta_Bau,28.0,18.97,444.27,488.08,2322.95,949.65
11656,35.82,VUC,3.0,1.36,76.8,81.17,120.33,22.82
11657,4.57,Toco,6.0,2.76,11.69,23.16,49.42,5.47
11658,387.14,Carreta_Bau,28.0,14.92,469.07,565.12,2890.31,1217.33
11659,35.95,VUC,3.0,1.97,80.37,86.46,124.57,27.79
11660,14.84,3/4,4.0,2.69,37.93,37.85,81.91,7.0
11661,15.68,3/4,4.0,1.55,59.17,40.04,80.33,10.97
11662,386.67,Carreta_Sider,28.0,13.34,599.99,559.63,2922.58,1252.82
11663,99.47,3/4,4.0,1.45,212.3,226.98,347.87,78.81
11664,4.41,VUC,3.0,2.06,29.01,33.69,37.69,9.83
11665,480.81,Carreta_Sider,28.0,6.63,565.13,671.88,3489.96,1537.66
11666,251.38,Carreta_Bau,28.0,14.28,430.84,403.93,1936.28,784.04
11667,245.14,Carreta_Sider,28.0,27.49,310.35,410.74,2160.69,819.72
11668,67.37,VUC,3.0,2.97,150.68,161.16,237.37,50.8
11669,88.75,Truck,14.0,8.26,236.11,265.94,594.52,141.59
11670,267.8,Carreta_Sider,28.0,10.09,406.96,409.92,2051.99,868.62
11671,60.56,VUC,3.0,1.94,147.67,130.24,197.77,40.29
11672,12.75,Truck,14.0,7.91,61.91,83.97,174.6,21.84
11673,386.25,Carreta_Sider,28.0,5.21,500.62,549.7,2825.47,1236.26
11674,94.06,Toco,6.0,5.94,259.61,245.68,448.23,105.65
11675,254.81,Carreta_Bau,28.0,11.99,356.59,401.93,1934.68,799.09
11676,253.88,Carreta_Sider,28.0,13.7,358.82,408.47,1993.99,823.66
11677,121.97,Toco,6.0,3.52,269.65,304.09,534.7,123.81
11678,92.78,Toco,6.0,5.39,254.98,232.92,445.75,104.73
11679,272.07,Carreta_Sider,28.0,23.22,470.17,453.48,2282.66,900.92
11680,46.61,3/4,4.0,1.3,119.35,102.59,181.92,37.07
11681,158.53,3/4,4.0,3.04,431.01,381.41,568.81,123.17
11682,458.63,Carreta_Sider,28.0,25.01,551.34,658.83,3613.3,1525.22
11683,237.17,Carreta_Sider,28.0,21.2,412.59,366.81,1997.04,776.72
11684,13.82,VUC,3.0,0.8,28.11,49.81,58.59,3.07
11685,69.59,Toco,6.0,3.65,172.88,202.32,315.57,69.63
11686,91.49,3/4,4.0,3.45,236.43,228.69,345.98,69.11
11687,74.86,VUC,3.0,0.95,143.5,159.45,218.27,49.6
11688,60.8,VUC,3.0,1.82,132.65,132.79,192.53,50.85
11689,59.59,VUC,3.0,2.16,141.15,129.18,186.01,35.64
11690,92.99,3/4,4.0,2.76,203.43,213.2,332.1,83.51
11691,503.37,Carreta_Sider,28.0,6.74,685.67,701.33,3651.46,1608.05
11692,385.92,Carreta_Sider,28.0,10.8,645.92,560.07,2883.31,1245.16
11693,10.65,Toco,6.0,3.72,26.95,40.25,92.95,11.27
11694,416.36,Carreta_Bau,28.0,9.17,515.75,571.7,2990.45,1298.76
11695,497.79,Carreta_Sider,28.0,12.14,710.97,698.46,3688.85,1602.79
11696,17.61,VUC,3.0,1.51,56.38,66.75,70.16,11.75
11697,79.6,3/4,4.0,0.65,204.1,193.71,278.7,71.58
11698,196.55,Truck,14.0,8.17,481.76,556.28,1175.27,324.93
11699,336.1,Carreta_Bau,28.0,27.88,488.75,511.01,2733.76,1087.98
11700,112.31,Truck,14.0,6.96,361.58,346.6,690.83,183.23
11701,137.82,Toco,6.0,2.3,368.68,367.09,583.46,146.23
11702,250.8,Carreta_Sider,28.0,10.22,326.36,410.11,1931.1,805.56
11703,17.21,VUC,3.0,1.76,41.24,50.24,63.32,3.28
11704,385.06,Carreta_Bau,28.0,15.05,573.43,590.01,2862.68,1214.82
11705,38.88,Toco,6.0,5.3,90.57,100.66,211.7,49.81
11706,448.47,Carreta_Bau,28.0,19.41,558.73,650.92,3355.95,1426.2
11707,29.62,Toco,6.0,2.93,76.54,100.32,164.91,32.1
11708,26.15,VUC,3.0,1.43,69.58,98.57,92.19,19.67
11709,203.97,Truck,14.0,8.61,509.44,576.04,1205.73,323.57
11710,6.34,VUC,3.0,1.1,15.46,47.13,28.13,1.48
11711,413.36,Carreta_Sider,28.0,14.26,542.91,622.04,3140.91,1341.5
11712,55.53,3/4,4.0,1.57,125.38,137.02,201.04,38.07
11713,190.32,Toco,6.0,3.53,486.55,474.88,817.63,207.69
11714,97.57,3/4,4.0,2.46,246.32,262.95,361.46,73.71
11715,40.51,VUC,3.0,2.61,97.87,85.25,154.21,29.88
11716,118.13,VUC,3.0,1.09,304.58,269.43,344.27,75.97
11717,54.19,VUC,3.0,2.76,132.95,145.88,176.41,34.5
11718,31.71,3/4,4.0,2.42,94.05,84.74,127.54,30.75
11719,343.86,Carreta_Bau,28.0,21.5,545.89,509.94,2684.74,1097.83
11720,306.29,Carreta_Sider,28.0,18.76,414.62,502.68,2454.83,1005.98
11721,89.67,Toco,6.0,5.13,214.46,237.3,431.37,100.4
11722,57.81,3/4,4.0,2.85,138.72,137.47,222.72,45.13
11723,209.93,3/4,4.0,0.64,419.27,443.58,721.07,181.64
11724,91.47,Truck,14.0,6.74,257.37,297.42,580.09,154.93
11725,35.85,Toco,6.0,5.69,102.42,105.04,210.06,41.93
11726,4.21,VUC,3.0,1.6,16.54,32.56,28.19,3.45
11727,75.1,VUC,3.0,2.56,133.36,165.59,239.06,52.7
11728,97.78,3/4,4.0,3.55,201.33,253.28,364.49,90.75
11729,79.29,3/4,4.0,1.73,172.06,211.34,294.53,76.23
11730,9.34,Toco,6.0,5.27,13.18,30.99,99.45,7.62
11731,336.4,Carreta_Bau,28.0,13.18,404.21,487.51,2493.96,1060.23
11732,60.91,VUC,3.0,0.51,131.65,145.25,185.07,37.71
11733,442.48,Carreta_Sider,28.0,20.73,637.98,660.73,3425.94,1447.68
11734,64.15,3/4,4.0,3.39,161.41,161.37,248.51,59.47
11735,124.13,Toco,6.0,3.2,282.12,327.34,547.17,141.84
11736,408.0,Carreta_Sider,28.0,8.33,632.66,591.32,3004.0,1313.01
11737,364.68,Carreta_Bau,28.0,18.84,447.51,520.76,2778.86,1156.33
11738,17.26,VUC,3.0,2.33,62.5,42.55,75.7,13.14
11739,54.28,3/4,4.0,2.83,152.12,134.82,213.09,49.89
11740,298.73,Carreta_Bau,28.0,12.67,472.96,464.13,2236.13,938.73
11741,26.13,Truck,14.0,6.48,98.51,124.95,214.97,48.58
11742,5.5,VUC,3.0,1.85,35.4,11.68,35.55,8.25
11743,82.89,3/4,4.0,1.26,178.22,209.84,304.26,66.36
11744,115.55,Toco,6.0,5.22,246.98,308.15,536.42,127.79
11745,487.52,Carreta_Bau,28.0,6.64,657.8,653.96,3447.05,1505.57
11746,297.91,Carreta_Bau,28.0,15.78,348.01,439.23,2281.62,940.16
11747,264.83,Carreta_Sider,28.0,24.65,447.53,439.44,2244.98,868.93
11748,48.74,VUC,3.0,1.8,111.07,104.84,153.9,40.95
11749,75.13,VUC,3.0,2.39,147.87,172.8,249.19,44.91
11750,69.78,Toco,6.0,2.12,189.69,176.29,311.34,72.26
11751,461.13,Carreta_Sider,28.0,14.8,627.42,640.63,3472.4,1499.04
11752,94.43,Truck,14.0,10.59,287.4,308.91,661.29,149.08
11753,454.37,Carreta_Bau,28.0,25.34,625.79,646.86,3483.77,1459.4
11754,404.09,Carreta_Sider,28.0,19.5,596.52,596.66,3134.99,1326.91
11755,43.85,3/4,4.0,1.43,105.15,106.11,168.89,44.97
11756,42.91,VUC,3.0,0.82,95.78,111.02,137.19,27.75
11757,29.64,3/4,4.0,3.46,74.27,80.68,150.43,23.54
11758,447.48,Carreta_Sider,28.0,17.39,573.67,653.85,3401.93,1456.46
11759,147.84,Truck,14.0,4.29,476.89,429.8,859.39,248.57
11760,418.39,Carreta_Bau,28.0,15.76,585.6,576.32,3095.46,1319.57
11761,60.89,VUC,3.0,0.77,96.61,127.05,186.3,38.75
11762,48.24,VUC,3.0,0.72,114.38,117.19,146.64,23.48
11763,70.32,Toco,6.0,5.59,173.34,180.79,359.33,80.59
11764,36.44,VUC,3.0,1.84,74.16,113.21,123.21,20.48
11765,15.91,3/4,4.0,1.45,57.87,32.13,77.9,20.69
11766,82.48,3/4,4.0,3.6,168.88,198.57,313.01,73.61
11767,234.41,Carreta_Bau,28.0,27.97,340.69,411.19,2032.02,758.43
11768,79.35,Toco,6.0,5.41,192.99,220.58,389.36,81.21
11769,35.94,VUC,3.0,2.36,97.63,82.28,139.9,22.84
11770,463.69,Carreta_Bau,28.0,27.1,523.6,673.19,3594.55,1495.31
11771,66.82,3/4,4.0,1.27,190.77,151.07,241.36,56.45
11772,252.35,Carreta_Sider,28.0,25.09,399.13,418.02,2164.04,827.79
11773,118.08,Toco,6.0,2.73,285.48,286.49,519.76,122.82
11774,271.11,Carreta_Sider,28.0,4.97,465.83,434.05,2002.49,860.61
11775,416.63,Carreta_Bau,28.0,4.97,529.69,585.73,2935.98,1286.76
11776,48.81,VUC,3.0,0.93,109.24,120.44,154.76,21.17
11777,307.9,Carreta_Sider,28.0,22.75,530.47,486.52,2514.5,1024.08
11778,73.25,VUC,3.0,2.74,136.47,165.14,237.31,54.11
11779,39.5,VUC,3.0,0.78,106.84,94.9,117.61,19.9
11780,52.74,Toco,6.0,5.21,137.05,155.47,281.59,70.61
11781,9.26,VUC,3.0,2.38,32.92,34.36,56.51,7.21
11782,419.54,Carreta_Bau,28.0,5.44,498.6,568.63,2962.25,1293.97
11783,19.92,Truck,14.0,10.8,84.73,55.32,248.06,35.9
11784,75.14,3/4,4.0,0.73,184.01,211.42,274.93,64.38
11785,38.72,Toco,6.0,2.24,103.68,105.23,191.4,42.15
11786,109.99,VUC,3.0,1.8,189.22,236.13,334.5,65.23
11787,7.19,VUC,3.0,2.77,16.66,44.2,55.61,2.52
11788,170.29,Truck,14.0,3.35,476.05,502.47,959.65,274.71
11789,334.53,Carreta_Sider,28.0,12.49,397.47,484.1,2547.36,1086.14
11790,19.25,VUC,3.0,1.92,66.52,36.36,76.75,19.59
11791,258.76,Carreta_Bau,28.0,21.82,357.14,427.13,2108.29,823.83
11792,41.46,Toco,6.0,5.57,94.26,132.25,227.48,46.35
11793,69.33,VUC,3.0,1.65,144.17,147.9,209.83,41.1
11794,384.07,Carreta_Bau,28.0,24.21,605.77,561.29,2989.82,1237.65
11795,504.09,Carreta_Sider,28.0,18.89,680.36,712.06,3843.89,1650.6
11796,37.08,3/4,4.0,1.29,90.1,101.53,139.95,28.05
11797,71.81,Toco,6.0,3.86,185.07,202.61,332.55,78.62
11798,82.08,3/4,4.0,1.67,172.13,192.79,293.86,60.63
11799,35.04,Toco,6.0,4.49,95.68,117.0,193.11,41.15
11800,375.44,Carreta_Sider,28.0,10.97,524.94,559.08,2806.08,1208.89
11801,76.83,VUC,3.0,1.12,207.58,182.34,240.59,62.54
11802,272.38,Carreta_Sider,28.0,26.7,403.53,458.52,2325.76,904.0
11803,15.55,3/4,4.0,3.69,49.15,62.59,103.59,12.12
11804,325.5,Carreta_Bau,28.0,14.95,409.86,477.08,2445.92,1029.67
11805,482.95,Carreta_Sider,28.0,22.42,761.16,689.11,3746.92,1598.29
11806,381.02,Carreta_Bau,28.0,27.57,588.92,550.69,3021.02,1235.95
11807,41.79,3/4,4.0,0.9,97.8,111.07,168.42,33.33
11808,12.88,3/4,4.0,2.66,38.96,34.15,63.09,5.25
11809,8.78,3/4,4.0,1.46,39.73,41.94,59.22,20.7
11810,9.87,Toco,6.0,4.98,32.97,62.75,101.2,13.46
11811,13.53,Toco,6.0,1.42,42.48,51.98,73.83,15.54
11812,80.05,VUC,3.0,2.46,193.59,170.14,259.66,56.1
11813,436.35,Carreta_Bau,28.0,8.97,659.81,611.37,3123.86,1349.93
11814,53.47,VUC,3.0,1.61,118.61,137.04,175.94,31.94
11815,223.15,Carreta_Bau,28.0,23.57,336.02,365.54,1890.99,709.77
11816,90.21,3/4,4.0,0.83,216.43,217.32,314.14,75.73
11817,411.34,Carreta_Sider,28.0,26.29,510.56,615.58,3301.48,1361.83
11818,52.96,VUC,3.0,1.0,122.85,117.23,175.73,36.86
11819,61.21,VUC,3.0,1.73,134.49,145.72,198.4,45.18
11820,20.79,3/4,4.0,3.1,40.76,40.37,100.79,23.57
11821,154.26,VUC,3.0,0.76,362.29,333.44,454.47,99.3
11822,53.19,VUC,3.0,2.0,120.53,147.41,170.71,35.26
11823,39.06,VUC,3.0,1.76,88.59,101.0,126.6,22.98
11824,88.76,Truck,14.0,9.07,274.01,277.04,603.01,147.93
11825,413.65,Carreta_Bau,28.0,19.97,650.37,573.66,3127.92,1315.07
11826,88.99,VUC,3.0,1.52,179.46,190.54,271.43,47.5
11827,22.06,Truck,14.0,5.66,86.7,92.05,202.3,32.62
11828,60.43,Truck,14.0,4.29,143.1,194.46,398.58,101.2
11829,469.66,Carreta_Bau,28.0,26.55,680.33,645.97,3625.38,1508.33
11830,62.07,3/4,4.0,1.96,152.62,157.52,221.81,46.67
11831,55.19,3/4,4.0,1.56,140.88,126.46,195.52,45.32
11832,477.6,Carreta_Sider,28.0,5.45,588.33,657.73,3473.04,1511.17
11833,15.31,VUC,3.0,2.37,57.52,57.49,66.19,13.59
11834,63.52,3/4,4.0,2.39,160.51,154.24,231.09,57.16
11835,76.72,VUC,3.0,0.94,189.17,160.74,223.79,53.2
11836,35.42,VUC,3.0,2.73,62.28,72.66,136.84,24.27
11837,50.82,Toco,6.0,5.66,130.72,136.9,276.45,52.12
11838,14.59,3/4,4.0,3.59,33.84,42.39,95.05,6.46
11839,144.55,3/4,4.0,2.51,301.99,349.57,513.52,125.75
11840,447.7,Carreta_Bau,28.0,13.08,588.29,621.44,3258.08,1407.33
11841,88.69,Toco,6.0,1.73,273.69,253.21,371.04,89.15
11842,13.97,VUC,3.0,1.41,27.66,25.11,50.76,2.65
11843,22.96,3/4,4.0,2.68,66.16,85.84,109.12,19.49
11844,141.72,Toco,6.0,2.06,289.54,364.43,593.29,152.55
11845,31.16,3/4,4.0,2.18,90.95,82.41,136.6,31.06
11846,298.32,Carreta_Sider,28.0,17.84,418.15,464.15,2365.28,978.94
11847,79.15,VUC,3.0,2.32,160.47,207.4,240.96,50.95
11848,385.07,Carreta_Sider,28.0,6.37,597.68,550.78,2821.23,1234.71
11849,67.76,VUC,3.0,2.66,123.82,181.68,227.99,42.5
11850,300.81,Carreta_Sider,28.0,15.05,416.12,479.28,2357.54,976.57
11851,4.64,VUC,3.0,1.93,8.22,8.0,25.0,7.23
11852,239.46,Carreta_Sider,28.0,26.58,322.34,395.27,2101.98,802.05
11853,20.7,3/4,4.0,1.17,61.07,64.31,85.73,22.19
11854,385.62,Carreta_Sider,28.0,25.25,628.54,580.97,3097.94,1279.53
11855,375.87,Carreta_Bau,28.0,23.35,432.08,545.79,2932.52,1204.12
11856,342.73,Carreta_Bau,28.0,27.86,506.9,511.45,2781.58,1103.4
11857,72.26,VUC,3.0,1.45,168.71,182.68,211.81,50.6
11858,40.75,VUC,3.0,0.77,87.48,98.09,123.38,22.7
11859,6.39,Toco,6.0,0.97,28.73,40.77,38.05,-3.21
11860,91.72,Truck,14.0,11.53,293.31,288.97,653.69,149.87
11861,17.76,Toco,6.0,1.6,55.05,63.09,103.51,14.67
11862,319.58,Carreta_Sider,28.0,11.48,538.92,515.55,2429.23,1017.91
11863,394.94,Carreta_Sider,28.0,27.7,638.37,601.66,3204.93,1315.04
11864,50.45,3/4,4.0,2.1,89.75,165.16,196.85,46.58
11865,266.29,Carreta_Sider,28.0,9.7,386.38,431.52,2026.75,858.32
11866,124.23,3/4,4.0,3.16,327.82,283.85,438.99,108.76
11867,323.42,Carreta_Sider,28.0,10.66,488.59,506.46,2447.69,1049.17
11868,26.6,Toco,6.0,3.61,94.73,84.66,158.84,26.04
11869,71.11,3/4,4.0,1.13,192.27,194.85,259.98,53.57
11870,402.47,Carreta_Sider,28.0,15.17,655.49,577.82,3058.79,1311.46
11871,74.68,VUC,3.0,0.73,189.82,143.28,226.45,48.76
11872,40.15,3/4,4.0,3.23,119.55,107.81,182.2,28.19
11873,222.14,Carreta_Sider,28.0,12.89,321.51,392.5,1778.31,718.19
11874,154.82,Toco,6.0,2.53,342.98,390.16,662.35,169.37
11875,482.53,Carreta_Bau,28.0,27.85,681.06,687.82,3736.64,1560.92
11876,462.09,Carreta_Bau,28.0,23.95,550.76,641.83,3521.67,1485.36
11877,63.92,VUC,3.0,1.86,133.52,157.41,195.97,37.74
11878,86.73,Truck,14.0,13.34,217.13,270.32,655.17,137.78
11879,78.15,3/4,4.0,1.32,224.97,193.02,265.27,60.79
11880,41.76,Truck,14.0,8.92,135.03,141.03,347.2,72.82
11881,44.17,VUC,3.0,2.82,114.63,93.95,166.94,34.11
11882,357.83,Carreta_Bau,28.0,17.76,420.06,496.95,2723.19,1132.08
11883,84.71,VUC,3.0,1.24,187.91,168.17,260.65,61.39
11884,429.31,Carreta_Sider,28.0,23.52,614.1,625.02,3382.36,1419.67
11885,7.13,VUC,3.0,0.8,16.45,33.32,27.98,1.93
11886,6.08,Truck,14.0,3.91,29.99,67.68,104.81,2.71
11887,22.73,VUC,3.0,2.31,57.15,52.82,98.81,14.37
11888,79.31,Truck,14.0,2.93,262.62,235.56,476.57,132.19
11889,506.74,Carreta_Sider,28.0,5.41,648.13,681.57,3666.94,1621.08
11890,17.94,VUC,3.0,1.42,40.96,61.59,63.8,16.79
11891,29.96,Toco,6.0,2.93,97.4,101.4,165.12,34.88
11892,336.94,Carreta_Sider,28.0,15.38,484.53,516.47,2605.41,1104.32
11893,61.25,VUC,3.0,2.34,144.73,143.91,201.42,34.91
11894,20.77,VUC,3.0,1.9,48.69,50.54,84.73,19.29
11895,31.58,VUC,3.0,2.27,88.33,97.23,116.93,21.87
11896,46.49,VUC,3.0,0.58,123.71,96.72,150.86,30.21
11897,198.78,Truck,14.0,5.86,638.79,572.57,1137.33,314.84
11898,24.76,VUC,3.0,2.91,75.64,50.51,103.79,17.95
11899,94.31,Toco,6.0,3.08,270.67,249.38,434.35,107.85
11900,18.87,VUC,3.0,1.02,40.01,40.39,72.06,1.29
11901,81.34,3/4,4.0,3.97,198.32,189.64,317.71,74.65
11902,46.78,3/4,4.0,2.0,139.6,103.32,185.77,28.09
11903,366.5,Carreta_Sider,28.0,15.6,473.87,531.91,2818.74,1185.98
11904,15.75,VUC,3.0,1.02,64.84,22.33,66.86,9.49
11905,14.78,3/4,4.0,2.83,64.45,54.74,87.97,20.55
11906,49.53,Toco,6.0,1.96,154.13,128.51,220.89,52.39
11907,36.17,Truck,14.0,9.36,120.95,153.16,323.83,61.79
11908,25.35,3/4,4.0,3.18,61.57,86.74,124.8,17.23
11909,483.7,Carreta_Bau,28.0,19.73,690.4,671.93,3613.7,1536.69
11910,388.31,Carreta_Bau,28.0,6.35,572.34,554.59,2768.22,1200.19
11911,91.26,Toco,6.0,1.31,283.04,254.37,392.37,105.22
11912,46.17,VUC,3.0,2.6,124.17,101.45,163.56,26.38
11913,106.15,Toco,6.0,5.51,275.19,279.48,493.22,114.3
11914,88.52,Toco,6.0,1.59,250.56,250.93,377.53,99.81
11915,18.92,Truck,14.0,6.57,67.74,95.86,191.14,29.5
11916,20.7,Truck,14.0,9.88,101.51,77.34,247.28,34.66
11917,484.78,Carreta_Sider,28.0,24.08,778.36,727.21,3780.92,1608.03
11918,415.31,Carreta_Bau,28.0,25.83,498.77,580.89,3244.61,1333.62
11919,58.24,Truck,14.0,10.41,196.39,161.06,448.59,85.86
11920,265.78,Carreta_Bau,28.0,7.71,437.37,431.14,1933.35,829.4
11921,28.56,3/4,4.0,3.21,88.05,90.83,145.96,25.13
11922,20.83,3/4,4.0,3.52,54.06,66.33,105.6,11.6
11923,12.62,Truck,14.0,6.28,35.13,73.41,162.49,24.37
11924,10.94,3/4,4.0,2.28,38.13,31.26,67.54,19.32
11925,72.54,VUC,3.0,0.87,156.05,136.84,212.65,51.72
11926,29.68,Truck,14.0,5.72,105.46,102.67,238.58,58.45
11927,93.04,VUC,3.0,2.67,199.22,194.76,293.38,54.63
11928,514.68,Carreta_Sider,28.0,6.31,689.81,696.5,3736.52,1644.41
11929,20.66,Toco,6.0,4.79,62.91,63.78,137.68,24.51
11930,36.25,VUC,3.0,0.7,83.13,78.43,111.56,22.21
11931,401.71,Carreta_Bau,28.0,11.16,536.37,560.3,2922.69,1252.88
11932,38.12,VUC,3.0,1.94,85.68,96.7,137.77,9.75
11933,445.81,Carreta_Bau,28.0,4.28,718.67,618.64,3131.37,1380.65
11934,495.85,Carreta_Sider,28.0,20.27,663.82,707.65,3794.98,1621.69
11935,111.82,Truck,14.0,5.86,377.29,301.88,677.13,185.63
11936,49.51,Truck,14.0,11.01,160.51,155.18,418.88,81.97
11937,83.23,VUC,3.0,2.94,175.72,170.58,258.82,54.48
11938,79.96,3/4,4.0,2.02,181.87,210.54,299.73,66.53
11939,4.91,VUC,3.0,0.53,6.0,10.44,25.0,4.07
11940,41.24,VUC,3.0,2.61,85.24,71.72,149.72,30.11
11941,79.34,Toco,6.0,2.3,204.26,223.52,352.4,89.98
11942,4.02,Truck,14.0,3.87,7.58,37.24,74.97,5.83
11943,52.56,3/4,4.0,3.59,135.43,169.43,211.01,39.39
11944,27.61,VUC,3.0,1.04,76.21,49.84,86.78,11.28
11945,424.13,Carreta_Bau,28.0,18.61,522.27,598.07,3175.76,1350.38
11946,259.2,Carreta_Sider,28.0,10.24,348.0,398.31,1988.01,833.04
11947,41.56,VUC,3.0,2.27,80.45,84.18,142.96,21.81
11948,464.36,Carreta_Bau,28.0,19.64,605.66,637.09,3466.83,1472.2
11949,42.25,VUC,3.0,1.75,83.55,84.31,136.33,26.64
11950,468.53,Carreta_Sider,28.0,17.41,606.41,670.42,3569.54,1524.51
11951,447.16,Carreta_Bau,28.0,9.61,616.02,618.43,3221.15,1391.77
11952,39.65,Truck,14.0,2.36,144.2,133.33,244.1,69.55
11953,426.16,Carreta_Bau,28.0,23.26,546.92,626.84,3285.22,1363.98
11954,432.57,Carreta_Bau,28.0,25.37,619.42,626.91,3342.13,1382.23
11955,221.03,Carreta_Sider,28.0,22.71,375.93,393.84,1890.55,734.47
11956,267.77,Carreta_Sider,28.0,21.05,411.29,437.52,2216.79,887.07
11957,85.17,3/4,4.0,2.2,216.63,209.82,304.6,77.96
11958,52.82,VUC,3.0,1.94,122.82,134.49,182.41,34.31
11959,143.9,Toco,6.0,4.43,312.67,357.83,633.05,169.45
11960,86.24,Toco,6.0,1.03,221.71,220.7,363.66,95.16
11961,70.13,Truck,14.0,7.14,181.09,223.8,465.71,129.15
11962,35.95,Toco,6.0,2.05,104.46,107.96,180.81,45.28
11963,48.91,3/4,4.0,1.84,126.97,104.83,193.4,47.21
11964,39.48,VUC,3.0,2.36,108.66,105.14,134.79,22.52
11965,448.0,Carreta_Bau,28.0,12.85,535.68,642.13,3263.51,1399.28
11966,79.4,Truck,14.0,10.9,213.47,271.49,579.17,131.89
11967,369.55,Carreta_Bau,28.0,27.33,569.37,539.41,2944.91,1192.17
11968,355.4,Carreta_Bau,28.0,26.18,485.19,543.27,2841.51,1142.09
11969,21.07,VUC,3.0,2.56,47.9,51.25,88.17,13.08
11970,89.21,3/4,4.0,3.5,221.57,216.51,336.38,76.0
11971,56.82,Toco,6.0,2.91,161.13,174.62,256.37,58.2
11972,199.58,3/4,4.0,3.09,475.02,478.97,696.29,174.53
11973,356.39,Carreta_Sider,28.0,20.07,526.77,532.46,2818.89,1167.15
11974,59.67,VUC,3.0,2.96,149.69,129.08,204.95,38.97
11975,51.03,VUC,3.0,1.92,97.02,138.79,172.49,26.78
11976,54.46,VUC,3.0,1.55,109.28,123.16,169.37,35.31
11977,64.76,VUC,3.0,2.59,129.43,104.47,203.04,43.24
11978,288.18,Carreta_Sider,28.0,22.04,433.98,466.71,2361.37,945.83
11979,517.99,Carreta_Sider,28.0,7.17,712.08,703.86,3781.97,1657.09
11980,63.61,3/4,4.0,2.63,167.87,153.99,237.67,53.73
11981,461.8,Carreta_Bau,28.0,18.3,646.13,652.38,3438.66,1461.42
11982,23.49,3/4,4.0,2.75,86.62,43.11,95.21,17.8
11983,318.54,Carreta_Bau,28.0,26.61,434.0,500.23,2583.64,1029.18
11984,57.0,VUC,3.0,1.99,115.15,108.89,182.26,36.89
11985,36.27,3/4,4.0,3.56,86.19,87.64,165.27,36.12
11986,438.59,Carreta_Sider,28.0,12.73,502.75,631.64,3283.47,1414.06
11987,61.97,VUC,3.0,0.6,137.93,122.11,175.22,37.94
11988,164.91,Toco,6.0,2.81,392.45,406.75,698.96,174.95
11989,138.1,Truck,14.0,8.44,332.1,417.72,853.8,226.39
11990,53.85,Truck,14.0,12.02,188.85,189.98,447.48,90.81
11991,20.35,Truck,14.0,9.62,55.08,84.41,235.68,27.57
11992,363.03,Carreta_Sider,28.0,14.72,531.89,548.91,2788.18,1182.58
11993,70.86,3/4,4.0,2.17,175.86,230.1,259.04,70.81
11994,45.59,Truck,14.0,13.96,146.19,140.89,440.48,77.19
11995,54.18,VUC,3.0,0.81,106.85,92.14,163.68,29.8
11996,403.88,Carreta_Sider,28.0,9.09,617.5,598.08,2981.95,1295.54
11997,65.21,VUC,3.0,2.04,151.57,130.42,206.73,40.46
11998,63.41,VUC,3.0,2.24,125.41,148.61,207.85,37.74
11999,117.55,Truck,14.0,6.8,367.85,362.78,734.74,194.76
12000,72.15,Toco,6.0,1.06,220.52,194.87,303.78,67.44
12001,180.41,Toco,6.0,3.56,513.5,466.42,774.22,197.54
12002,22.81,VUC,3.0,0.82,44.95,83.12,81.43,20.83
12003,323.34,Carreta_Bau,28.0,5.53,422.22,462.55,2318.82,1004.0
12004,121.7,Toco,6.0,2.66,338.19,335.82,522.35,136.31
12005,14.05,Toco,6.0,1.59,43.94,35.04,77.88,11.69
12006,275.22,Carreta_Bau,28.0,14.65,365.69,430.2,2113.75,873.06
12007,64.9,3/4,4.0,3.19,139.42,168.11,258.01,57.6
12008,25.47,VUC,3.0,0.57,39.47,63.43,87.51,23.09
12009,14.43,3/4,4.0,2.3,49.73,62.11,83.11,17.65
12010,299.88,Carreta_Sider,28.0,16.03,453.59,467.82,2359.34,978.64
12011,15.94,3/4,4.0,0.61,49.98,55.35,64.15,11.97
12012,32.46,3/4,4.0,3.11,86.1,79.32,140.72,39.68
12013,94.25,Truck,14.0,3.17,282.58,272.24,552.19,142.04
12014,18.31,Toco,6.0,5.65,62.98,52.93,142.77,19.44
12015,31.17,3/4,4.0,2.77,98.22,77.48,144.65,19.59
12016,87.79,Truck,14.0,5.53,225.36,252.4,549.07,142.58
12017,91.66,Truck,14.0,13.11,233.55,315.03,673.02,154.74
12018,24.82,VUC,3.0,1.47,69.34,59.44,81.26,12.63
12019,84.12,Toco,6.0,2.23,238.32,225.41,377.39,87.46
12020,16.64,VUC,3.0,1.43,24.72,30.89,59.01,4.01
12021,486.77,Carreta_Bau,28.0,18.76,721.61,701.95,3615.06,1546.59
12022,73.3,Toco,6.0,4.59,220.59,197.44,361.91,78.17
12023,5.18,VUC,3.0,2.14,13.7,15.74,44.66,5.46
12024,41.0,3/4,4.0,3.73,93.8,101.73,175.45,32.88
12025,26.51,VUC,3.0,2.89,49.79,65.36,101.1,18.62
12026,68.06,VUC,3.0,0.95,168.29,147.79,204.41,46.7
12027,229.16,Carreta_Sider,28.0,25.92,290.16,376.9,2005.84,764.34
12028,5.46,3/4,4.0,0.96,26.06,39.69,25.0,5.59
12029,46.31,VUC,3.0,2.89,122.39,93.31,159.64,29.85
12030,67.4,3/4,4.0,1.48,143.38,176.84,226.27,58.88
12031,8.25,3/4,4.0,1.5,37.81,15.58,52.06,3.9
12032,85.66,VUC,3.0,1.52,162.78,190.94,267.11,53.75
12033,36.87,VUC,3.0,0.91,83.81,73.73,125.62,25.01
12034,19.04,VUC,3.0,2.56,73.48,42.54,85.37,20.1
12035,24.52,Toco,6.0,1.54,91.69,85.73,117.86,23.08
12036,166.68,VUC,3.0,1.57,380.84,371.17,499.72,102.16
12037,98.19,3/4,4.0,3.68,226.37,261.12,367.41,86.39
12038,34.84,3/4,4.0,2.76,84.27,99.43,140.41,35.79
12039,22.05,3/4,4.0,2.66,63.5,65.65,104.09,22.86
12040,146.68,Truck,14.0,13.94,385.15,429.27,980.83,245.71
12041,50.46,VUC,3.0,0.51,132.0,90.64,146.2,37.73
12042,414.12,Carreta_Bau,28.0,11.81,641.24,590.57,3010.29,1285.98
12043,284.09,Carreta_Bau,28.0,7.18,360.92,424.01,2060.34,884.86
12044,179.46,Truck,14.0,4.3,550.8,524.19,1025.78,287.2
12045,491.54,Carreta_Sider,28.0,9.34,547.01,680.47,3610.41,1582.49
12046,61.6,VUC,3.0,2.05,156.45,129.53,215.85,44.8
12047,43.44,3/4,4.0,1.53,131.05,121.83,163.5,37.41
12048,42.86,Truck,14.0,10.0,108.26,173.74,371.75,70.97
12049,75.13,3/4,4.0,3.11,153.95,167.14,278.61,62.52
12050,31.39,3/4,4.0,1.97,79.68,59.69,132.51,34.96
12051,429.7,Carreta_Sider,28.0,16.96,642.95,618.19,3281.8,1404.47
12052,60.67,3/4,4.0,1.05,129.69,140.22,217.18,51.64
12053,85.26,3/4,4.0,3.16,180.53,223.04,333.5,80.77
12054,143.6,Truck,14.0,7.09,417.35,434.06,864.19,231.27
12055,24.16,3/4,4.0,3.44,72.98,97.6,112.63,19.58
12056,60.41,Toco,6.0,3.58,154.51,183.63,281.52,70.39
12057,209.31,Truck,14.0,10.39,575.43,614.48,1263.9,354.31
12058,90.27,Truck,14.0,6.37,245.26,280.09,572.69,146.74
12059,52.21,VUC,3.0,1.4,135.21,125.33,165.57,35.21
12060,92.9,Toco,6.0,3.13,219.98,235.03,406.96,92.66
12061,456.01,Carreta_Sider,28.0,19.34,638.05,661.42,3519.4,1502.37
12062,32.21,Toco,6.0,3.48,78.96,118.56,183.13,29.58
12063,55.35,VUC,3.0,2.5,102.77,118.27,186.73,33.34
12064,32.3,VUC,3.0,0.59,88.85,75.12,90.55,21.2
12065,4.34,VUC,3.0,2.75,15.62,31.94,53.62,-0.41
12066,389.28,Carreta_Sider,28.0,26.24,569.58,606.08,3150.92,1285.48
12067,94.76,3/4,4.0,1.43,234.12,215.82,335.94,73.19
12068,496.86,Carreta_Sider,28.0,6.6,793.54,693.01,3620.11,1587.74
12069,25.85,VUC,3.0,1.91,68.88,65.75,92.1,24.12
12070,92.55,Truck,14.0,2.86,234.05,277.39,534.86,155.1
12071,127.41,3/4,4.0,1.38,300.01,272.63,445.16,108.55
12072,63.43,VUC,3.0,1.74,129.4,132.68,190.5,41.48
12073,86.26,3/4,4.0,2.69,228.77,191.11,313.28,77.58
12074,424.55,Carreta_Bau,28.0,8.82,550.23,588.85,3050.62,1325.98
12075,92.02,3/4,4.0,3.77,220.18,215.65,353.93,80.31
12076,55.67,VUC,3.0,0.91,147.77,109.97,161.06,35.9
12077,127.47,Toco,6.0,1.68,334.87,327.6,536.53,137.11
12078,94.97,VUC,3.0,0.86,218.29,233.27,272.86,64.94
12079,73.83,VUC,3.0,2.82,178.72,155.98,238.99,41.51
12080,51.67,VUC,3.0,2.69,106.23,114.3,173.65,33.84
12081,63.6,VUC,3.0,0.53,149.34,139.47,195.56,41.85
12082,21.68,VUC,3.0,2.3,38.18,47.74,86.67,4.59
12083,238.08,Carreta_Sider,28.0,5.95,400.48,361.52,1777.97,764.1
12084,5.0,Toco,6.0,1.28,16.49,56.32,36.49,10.7
12085,414.03,Carreta_Sider,28.0,6.01,477.17,565.65,3009.58,1311.26
12086,27.37,3/4,4.0,3.42,65.3,54.17,131.01,21.53
12087,43.58,VUC,3.0,1.54,108.26,112.75,145.06,25.95
12088,24.75,VUC,3.0,1.87,51.12,35.21,93.25,11.47
12089,397.18,Carreta_Sider,28.0,4.93,620.16,581.2,2892.86,1260.58
12090,50.78,3/4,4.0,3.66,121.24,142.4,217.73,41.31
12091,63.87,VUC,3.0,2.95,133.53,133.73,229.56,44.99
12092,95.9,Toco,6.0,2.1,223.53,254.88,408.51,109.05
12093,63.68,VUC,3.0,2.12,127.57,143.19,206.93,43.91
12094,85.33,Truck,14.0,10.18,263.29,256.85,598.82,136.13
12095,180.83,Toco,6.0,5.83,528.93,456.98,802.34,204.9
12096,91.94,Truck,14.0,7.86,287.43,281.93,596.29,153.18
12097,85.05,Truck,14.0,4.93,239.79,255.63,528.99,122.55
12098,60.44,VUC,3.0,1.37,134.72,144.76,190.83,44.7
12099,22.72,3/4,4.0,2.77,45.24,65.2,101.7,20.07
12100,89.85,Truck,14.0,7.72,280.92,284.49,575.67,147.51
12101,425.89,Carreta_Sider,28.0,6.09,539.24,599.93,3102.21,1350.35
12102,19.91,3/4,4.0,3.35,58.69,70.51,101.46,25.22
12103,148.61,Toco,6.0,5.31,423.98,398.55,671.27,166.01
12104,233.71,Carreta_Bau,28.0,15.58,375.35,350.89,1829.83,740.49
12105,17.78,3/4,4.0,2.38,54.66,61.32,86.45,8.48
12106,173.15,Truck,14.0,7.95,557.2,500.25,1024.98,285.46
12107,142.37,Toco,6.0,3.6,335.12,363.22,611.1,157.53
12108,450.57,Carreta_Bau,28.0,6.64,590.26,622.87,3191.38,1393.01
12109,32.9,VUC,3.0,1.56,67.71,82.1,110.06,14.57
12110,56.2,VUC,3.0,1.59,153.39,124.9,173.08,35.64
12111,66.01,Truck,14.0,13.97,152.46,227.79,547.94,105.76
12112,5.21,3/4,4.0,0.77,16.86,29.48,25.0,0.83
12113,74.8,3/4,4.0,1.66,204.58,171.45,269.41,68.66
12114,19.93,Truck,14.0,8.0,82.44,99.46,215.69,33.0
12115,30.98,3/4,4.0,3.48,92.26,101.13,135.04,26.33
12116,121.07,3/4,4.0,2.17,250.67,285.36,432.79,96.63
12117,33.31,VUC,3.0,1.19,77.35,73.15,94.97,20.91
12118,34.25,Toco,6.0,3.63,102.98,93.7,179.2,36.52
12119,73.19,VUC,3.0,1.21,168.42,186.15,228.04,41.57
12120,7.73,3/4,4.0,2.46,25.04,31.2,40.37,12.0
12121,21.88,VUC,3.0,2.21,65.09,60.32,91.63,19.35
12122,6.03,VUC,3.0,1.8,34.53,31.39,30.07,0.0
12123,74.83,VUC,3.0,2.0,175.53,127.99,232.04,50.23
12124,93.52,Truck,14.0,2.56,294.03,270.86,552.03,140.12
12125,64.02,VUC,3.0,2.13,122.69,175.43,202.41,42.97
12126,57.7,3/4,4.0,3.9,147.0,106.75,249.44,53.99
12127,86.63,Toco,6.0,3.41,248.52,211.69,391.21,88.45
12128,27.2,VUC,3.0,2.5,59.3,63.12,105.1,17.78
12129,10.05,VUC,3.0,1.85,21.08,19.86,55.11,7.1
12130,50.41,VUC,3.0,2.25,110.54,106.28,172.55,47.11
12131,27.69,Toco,6.0,2.48,82.73,71.3,144.8,42.7
12132,322.82,Carreta_Bau,28.0,27.21,393.14,492.81,2622.93,1043.62
12133,389.38,Carreta_Bau,28.0,9.32,522.13,555.8,2802.9,1208.01
12134,119.48,Truck,14.0,3.99,380.74,362.66,688.69,193.23
12135,45.05,Toco,6.0,1.13,145.03,117.5,208.27,53.47
12136,45.52,3/4,4.0,2.44,111.85,131.27,192.25,30.32
12137,33.01,3/4,4.0,2.7,64.03,92.1,143.06,17.71
12138,364.21,Carreta_Bau,28.0,19.66,524.93,548.46,2779.55,1151.91
12139,236.98,Carreta_Bau,28.0,8.3,366.23,378.53,1750.2,739.46
12140,449.26,Carreta_Sider,28.0,19.7,689.02,644.13,3458.79,1479.01
12141,434.01,Carreta_Bau,28.0,8.13,643.07,597.59,3098.98,1349.0
12142,48.26,3/4,4.0,3.17,92.87,129.27,192.96,47.01
12143,432.41,Carreta_Bau,28.0,10.75,604.09,619.45,3130.87,1348.32
12144,264.43,Carreta_Bau,28.0,14.24,387.25,414.17,2028.24,829.77
12145,38.59,VUC,3.0,1.39,68.99,94.85,136.42,26.52
12146,444.58,Carreta_Bau,28.0,12.95,545.22,626.07,3239.48,1402.15
12147,14.29,VUC,3.0,2.29,44.26,17.93,67.82,11.32
12148,362.74,Carreta_Bau,28.0,27.95,546.87,522.05,2916.11,1172.14
12149,255.94,Carreta_Bau,28.0,16.75,410.04,408.57,2012.12,810.65
12150,82.87,VUC,3.0,1.47,169.29,169.37,245.14,60.0
12151,129.28,Toco,6.0,2.4,348.71,332.61,556.98,137.2
12152,67.82,Toco,6.0,4.08,158.91,186.94,325.95,71.88
12153,123.4,Toco,6.0,3.2,321.85,356.33,541.62,131.35
12154,201.85,Truck,14.0,11.3,541.09,590.76,1235.97,338.44
12155,7.76,3/4,4.0,2.66,40.21,8.0,68.31,2.72
12156,222.32,Carreta_Bau,28.0,14.0,321.11,366.58,1728.89,701.62
12157,14.54,VUC,3.0,2.88,25.41,58.01,67.7,2.18
12158,12.78,3/4,4.0,0.64,48.3,51.15,47.56,9.28
12159,9.62,VUC,3.0,2.21,46.53,39.65,50.44,5.94
12160,9.37,3/4,4.0,2.0,27.36,26.75,57.16,16.85
12161,18.3,3/4,4.0,1.01,58.21,50.3,71.94,20.08
12162,81.16,Toco,6.0,1.37,265.76,205.76,354.95,84.61
12163,79.37,Toco,6.0,4.21,227.78,205.25,373.32,84.25
12164,75.27,Truck,14.0,3.86,226.03,231.11,459.75,117.52
12165,489.2,Carreta_Bau,28.0,24.57,665.91,696.1,3714.96,1565.01
12166,59.94,VUC,3.0,1.24,126.37,175.92,197.3,46.16
12167,519.97,Carreta_Bau,28.0,12.38,569.47,706.28,3749.96,1624.2
12168,69.84,3/4,4.0,2.84,172.94,179.54,277.84,68.31
12169,71.2,Truck,14.0,4.72,244.8,189.71,445.01,115.27
12170,84.93,VUC,3.0,0.47,225.43,180.17,254.77,52.74
12171,70.64,Toco,6.0,3.17,167.97,214.71,321.97,77.01
12172,71.02,Truck,14.0,8.38,219.29,227.8,507.26,122.29
12173,77.17,3/4,4.0,2.12,186.51,186.2,290.97,61.02
12174,54.63,VUC,3.0,1.62,145.91,165.59,179.77,37.51
12175,23.39,VUC,3.0,2.15,54.97,77.98,86.2,14.93
12176,11.69,3/4,4.0,3.48,33.7,54.21,92.22,12.1
12177,42.13,Toco,6.0,2.76,131.13,122.19,218.69,44.44
12178,156.06,Toco,6.0,4.93,415.87,407.89,690.31,170.14
12179,12.34,VUC,3.0,0.61,41.41,67.53,44.78,10.37
12180,495.68,Carreta_Sider,28.0,15.63,725.77,729.05,3736.23,1606.78
12181,395.28,Carreta_Bau,28.0,13.15,597.04,554.16,2894.36,1246.55
12182,306.91,Carreta_Sider,28.0,15.29,464.82,451.93,2401.82,998.98
12183,500.74,Carreta_Bau,28.0,6.38,686.86,676.63,3543.33,1545.39
12184,19.41,VUC,3.0,0.8,30.23,62.9,61.98,14.07
12185,6.17,VUC,3.0,1.2,11.21,50.62,25.0,0.44
12186,31.32,3/4,4.0,1.53,87.77,83.98,125.95,26.67
12187,398.32,Carreta_Bau,28.0,13.37,513.38,560.54,2923.8,1250.11
12188,92.27,Toco,6.0,3.23,247.44,261.88,403.6,106.3
12189,38.48,Toco,6.0,2.03,101.1,100.64,184.94,42.62
12190,347.3,Carreta_Bau,28.0,18.94,459.82,509.83,2672.84,1096.66
12191,25.92,3/4,4.0,1.88,48.51,73.79,107.98,24.76
12192,40.71,3/4,4.0,0.8,125.09,104.79,155.66,37.39
12193,184.05,Truck,14.0,5.0,443.91,555.36,1060.59,288.97
12194,31.42,3/4,4.0,2.5,54.75,93.9,125.71,20.79
12195,65.32,3/4,4.0,2.66,155.88,154.22,246.4,65.75
12196,198.89,Toco,6.0,4.98,556.02,505.76,873.88,217.58
12197,61.74,3/4,4.0,1.43,135.73,192.08,221.0,50.17
12198,6.49,VUC,3.0,1.88,22.71,8.0,45.14,4.0
12199,50.53,VUC,3.0,1.66,126.03,90.3,160.32,29.16
12200,482.39,Carreta_Sider,28.0,24.39,576.56,675.25,3775.28,1590.08
12201,7.29,Toco,6.0,4.62,39.41,43.57,89.22,2.4
12202,186.39,VUC,3.0,0.79,318.56,410.43,539.83,114.19
12203,108.73,Truck,14.0,13.51,371.49,335.17,773.41,179.23
12204,65.64,3/4,4.0,1.81,200.91,153.95,227.67,51.44
12205,89.16,VUC,3.0,2.88,196.54,186.45,279.49,51.0
12206,86.58,Toco,6.0,2.35,265.66,207.39,377.84,90.28
12207,208.15,3/4,4.0,2.19,399.85,500.89,730.86,181.87
12208,22.72,VUC,3.0,1.85,68.87,56.89,76.35,11.25
12209,71.58,3/4,4.0,0.82,163.67,177.46,251.33,58.51
12210,76.17,3/4,4.0,3.03,199.21,198.12,292.65,72.52
12211,299.24,Carreta_Sider,28.0,6.69,353.41,475.9,2221.87,952.68
12212,82.66,VUC,3.0,0.87,163.86,178.76,245.93,67.43
12213,257.34,Carreta_Bau,28.0,11.11,341.02,388.06,1929.26,808.03
12214,27.62,3/4,4.0,3.87,79.5,78.8,136.22,24.35
12215,492.72,Carreta_Bau,28.0,27.36,608.3,688.95,3798.5,1589.66
12216,45.03,VUC,3.0,1.7,106.89,97.54,143.26,35.58
12217,24.16,Toco,6.0,3.62,67.58,62.1,128.63,22.82
12218,272.89,Carreta_Bau,28.0,9.24,399.46,422.2,2016.96,846.63
12219,472.85,Carreta_Sider,28.0,14.15,534.43,687.74,3557.29,1542.68
12220,6.21,3/4,4.0,3.95,40.06,56.17,60.23,3.52
12221,63.97,Toco,6.0,4.93,178.04,167.87,328.66,68.15
12222,43.26,Toco,6.0,4.46,119.6,151.92,233.53,44.14
12223,26.58,Toco,6.0,2.32,65.9,69.22,130.01,18.89
12224,81.09,VUC,3.0,2.4,151.77,181.9,253.55,57.76
12225,347.73,Carreta_Bau,28.0,27.2,466.88,538.49,2791.56,1122.18
12226,49.11,VUC,3.0,2.97,108.31,122.44,174.53,37.61
12227,317.75,Carreta_Sider,28.0,18.48,447.49,510.93,2517.25,1039.7
12228,94.51,3/4,4.0,1.15,202.29,211.12,338.78,76.72
12229,76.2,Truck,14.0,13.57,240.94,243.85,601.25,124.08
12230,163.08,Truck,14.0,8.54,516.73,479.73,980.07,270.52
12231,83.1,Truck,14.0,2.56,252.76,270.67,477.92,128.72
12232,210.19,VUC,3.0,0.66,374.24,439.98,612.06,133.96
12233,74.37,Truck,14.0,8.97,219.76,239.67,517.99,122.21
12234,463.55,Carreta_Sider,28.0,24.08,732.9,666.4,3631.75,1530.31
12235,426.48,Carreta_Sider,28.0,26.61,656.65,634.52,3415.25,1417.77
12236,285.15,Carreta_Sider,28.0,26.68,413.46,452.26,2422.02,949.63
12237,13.64,Truck,14.0,8.99,49.87,51.92,188.69,20.83
12238,9.92,3/4,4.0,3.94,16.44,32.89,64.93,18.09
12239,87.27,Truck,14.0,3.88,275.5,254.55,524.08,141.35
12240,16.58,3/4,4.0,0.92,48.28,49.47,62.71,12.8
12241,39.6,Toco,6.0,1.05,113.94,126.55,177.3,40.2
12242,59.5,VUC,3.0,2.42,128.61,116.84,196.23,37.53
12243,23.28,Toco,6.0,5.57,65.11,73.56,156.7,22.77
12244,24.5,Toco,6.0,5.18,76.4,112.37,176.64,22.94
12245,46.43,3/4,4.0,3.79,126.29,95.67,199.99,43.23
12246,36.84,VUC,3.0,1.85,79.2,73.04,122.26,31.39
12247,65.57,3/4,4.0,3.19,135.64,167.01,257.59,54.09
12248,481.33,Carreta_Bau,28.0,12.21,621.13,637.15,3486.61,1508.61
12249,10.83,Truck,14.0,11.22,60.45,60.28,208.39,14.61
12250,48.48,VUC,3.0,2.37,132.18,136.36,179.93,32.0
12251,19.86,VUC,3.0,1.56,43.57,44.89,64.63,6.15
12252,443.15,Carreta_Sider,28.0,5.24,668.66,612.39,3206.86,1407.33
12253,59.21,3/4,4.0,1.51,161.22,124.55,206.61,45.21
12254,14.58,Toco,6.0,5.41,63.34,45.56,125.81,15.41
12255,142.64,Toco,6.0,3.9,375.37,366.92,628.92,149.76
12256,21.98,3/4,4.0,1.98,45.06,94.93,95.13,7.36
12257,352.52,Carreta_Bau,28.0,26.75,574.27,526.17,2825.07,1129.97
12258,434.51,Carreta_Sider,28.0,12.92,571.62,620.63,3262.47,1405.73
12259,77.15,3/4,4.0,1.72,163.16,186.65,276.97,60.93
12260,25.4,VUC,3.0,2.41,48.42,53.43,102.29,13.61
12261,438.55,Carreta_Bau,28.0,12.66,687.84,577.85,3195.27,1375.19
12262,133.82,3/4,4.0,2.12,333.86,333.64,470.81,109.12
12263,71.07,3/4,4.0,3.06,173.28,183.33,270.61,60.55
12264,28.85,Truck,14.0,7.22,87.44,123.65,255.92,57.68
12265,25.39,VUC,3.0,1.27,79.7,68.07,95.22,14.24
12266,31.22,VUC,3.0,0.49,76.94,92.46,88.64,18.52
12267,190.46,Truck,14.0,12.34,459.98,541.09,1186.25,318.74
12268,84.16,VUC,3.0,1.79,208.64,186.34,261.27,49.96
12269,270.54,Carreta_Bau,28.0,24.46,388.23,438.84,2235.47,865.44
12270,201.94,3/4,4.0,2.7,526.59,483.58,710.94,171.82
12271,141.3,Toco,6.0,1.92,297.13,371.21,592.48,152.18
12272,40.14,VUC,3.0,1.38,89.63,100.93,124.45,20.92
12273,362.24,Carreta_Bau,28.0,14.13,421.32,527.94,2701.43,1141.08
12274,310.68,Carreta_Sider,28.0,21.81,410.74,466.13,2517.61,1032.11
12275,160.87,Truck,14.0,8.62,412.65,468.2,971.37,254.0
12276,26.18,VUC,3.0,2.07,85.67,59.92,104.58,18.86
12277,52.83,Toco,6.0,4.74,184.42,162.66,274.35,57.64
12278,39.09,3/4,4.0,1.53,118.38,109.89,142.05,31.3
12279,344.21,Carreta_Bau,28.0,25.19,528.7,538.34,2731.53,1108.14
12280,121.36,Truck,14.0,7.49,310.19,372.38,738.8,204.8
12281,75.91,3/4,4.0,2.85,179.33,182.47,283.6,66.19
12282,94.13,Toco,6.0,2.01,215.37,267.85,409.68,105.62
12283,51.92,3/4,4.0,1.39,111.4,113.66,197.59,43.27
12284,257.79,Carreta_Sider,28.0,21.69,458.93,420.19,2147.68,851.61
12285,45.11,Toco,6.0,2.69,101.63,117.06,208.24,45.92
12286,35.22,VUC,3.0,2.68,96.39,70.3,128.69,23.2
12287,431.82,Carreta_Bau,28.0,20.02,665.81,596.43,3269.01,1372.19
12288,473.27,Carreta_Bau,28.0,20.04,526.05,650.07,3540.63,1505.99
12289,92.57,Truck,14.0,6.63,326.47,287.33,592.59,142.14
12290,47.98,VUC,3.0,2.75,115.65,107.3,171.89,25.81
12291,199.22,Truck,14.0,13.34,603.1,591.79,1255.51,338.7
12292,460.29,Carreta_Sider,28.0,10.34,710.64,653.31,3407.62,1489.01
12293,20.2,VUC,3.0,1.76,59.04,21.78,82.52,4.31
12294,92.2,Toco,6.0,5.53,273.16,250.34,432.03,99.33
12295,91.44,Truck,14.0,3.31,310.18,268.02,550.22,142.79
12296,43.65,Truck,14.0,5.64,118.15,124.74,301.43,71.9
12297,474.0,Carreta_Bau,28.0,26.92,679.5,671.88,3658.9,1528.68
12298,35.68,3/4,4.0,2.25,93.3,96.56,145.81,33.65
12299,65.92,3/4,4.0,3.84,123.56,166.17,261.7,50.41
12300,352.92,Carreta_Sider,28.0,13.25,477.13,536.37,2682.69,1145.01
12301,512.43,Carreta_Bau,28.0,16.75,564.2,690.94,3766.01,1617.34
12302,199.62,Toco,6.0,3.22,506.0,495.41,853.79,212.66
12303,79.43,VUC,3.0,1.62,142.61,175.24,244.26,53.05
12304,49.37,VUC,3.0,2.79,100.66,108.62,170.24,31.08
12305,34.1,Truck,14.0,10.37,109.98,163.68,333.45,55.77
12306,31.43,3/4,4.0,3.82,95.04,85.29,147.25,33.93
12307,33.72,Toco,6.0,2.58,95.23,101.89,169.07,36.67
12308,14.74,Toco,6.0,5.97,58.72,45.99,132.22,26.13
12309,74.85,3/4,4.0,3.01,184.41,168.06,301.99,52.5
12310,124.31,Toco,6.0,1.57,312.66,299.46,519.77,132.53
12311,453.46,Carreta_Bau,28.0,14.03,586.05,624.11,3323.83,1419.08
12312,13.55,VUC,3.0,1.08,35.44,36.55,40.61,3.94
12313,40.25,VUC,3.0,1.05,76.12,109.47,121.23,22.2
12314,79.98,VUC,3.0,2.82,187.64,173.32,257.69,57.0
12315,40.77,Truck,14.0,13.52,152.99,141.09,404.61,66.12
12316,30.82,Toco,6.0,0.97,78.04,96.21,138.74,26.97
12317,90.29,Toco,6.0,1.6,230.85,237.47,387.12,99.62
12318,303.65,Carreta_Bau,28.0,10.81,482.39,465.9,2241.84,941.67
12319,15.52,VUC,3.0,2.61,44.68,64.34,81.97,18.48
12320,242.24,Carreta_Bau,28.0,18.74,396.75,390.22,1935.07,762.05
12321,84.52,Truck,14.0,8.83,232.06,249.48,578.58,137.16
12322,9.65,VUC,3.0,1.98,40.72,29.59,54.3,15.84
12323,41.63,VUC,3.0,2.87,122.16,100.84,144.81,25.67
12324,61.49,VUC,3.0,1.15,120.24,118.4,186.59,41.12
12325,37.67,Truck,14.0,3.57,122.8,123.75,255.75,59.88
12326,118.47,3/4,4.0,2.67,240.68,257.39,439.06,101.03
12327,52.65,VUC,3.0,2.92,125.06,126.35,180.55,30.46
12328,22.56,VUC,3.0,2.26,38.47,42.78,113.31,16.89
12329,55.78,VUC,3.0,2.72,113.08,122.21,194.58,43.1
12330,16.24,VUC,3.0,2.74,36.8,43.56,79.36,0.91
12331,76.44,3/4,4.0,1.35,175.84,166.05,278.82,59.33
12332,57.12,VUC,3.0,2.2,141.11,129.73,176.42,34.21
12333,122.47,Truck,14.0,12.36,407.66,357.2,833.53,199.32
12334,47.86,Toco,6.0,1.42,126.27,155.53,205.46,54.18
12335,8.97,Truck,14.0,9.85,55.41,72.82,189.14,11.74
12336,133.55,3/4,4.0,1.52,280.38,327.56,462.3,112.41
12337,173.05,VUC,3.0,2.55,373.46,369.23,516.69,120.22
12338,49.48,VUC,3.0,1.02,109.54,117.47,164.99,22.33
12339,55.28,Truck,14.0,6.54,179.02,177.17,386.28,91.38
12340,28.18,Toco,6.0,4.35,79.65,96.5,157.78,30.26
12341,65.66,Truck,14.0,8.71,235.96,233.58,477.55,107.02
12342,10.99,VUC,3.0,0.76,26.53,19.96,33.34,2.39
12343,507.42,Carreta_Bau,28.0,9.56,748.48,691.7,3633.68,1577.43
12344,22.99,Toco,6.0,5.42,71.0,53.27,159.87,25.41
12345,214.6,Toco,6.0,5.94,550.65,541.41,934.31,237.79
12346,71.12,3/4,4.0,2.96,182.35,172.78,278.2,64.39
12347,442.25,Carreta_Bau,28.0,4.43,572.14,610.06,3114.87,1356.2
12348,103.25,VUC,3.0,2.35,226.26,233.42,306.92,60.04
12349,17.4,VUC,3.0,2.09,43.4,66.09,72.77,1.21
12350,26.34,Toco,6.0,3.0,84.65,63.73,146.19,29.19
12351,63.23,VUC,3.0,1.03,116.57,153.12,194.31,43.79
12352,231.77,Carreta_Bau,28.0,8.14,409.79,392.35,1716.19,713.36
12353,70.32,Toco,6.0,1.33,189.87,184.58,308.94,68.51
12354,8.69,3/4,4.0,2.77,44.53,27.93,65.24,16.86
12355,15.52,3/4,4.0,1.75,37.76,52.21,73.37,19.45
12356,480.13,Carreta_Bau,28.0,16.53,599.59,660.97,3536.36,1522.94
12357,44.6,VUC,3.0,1.79,125.53,101.48,148.43,30.39
12358,57.94,Truck,14.0,9.33,195.37,211.18,434.42,98.73
12359,173.64,Toco,6.0,3.93,439.31,479.54,745.11,188.05
12360,45.29,VUC,3.0,1.77,98.15,101.38,141.91,21.96
12361,215.71,Toco,6.0,1.69,526.63,579.89,896.02,223.46
12362,62.88,Toco,6.0,1.04,190.1,167.65,265.48,66.73
12363,72.8,3/4,4.0,2.56,184.39,188.91,272.9,66.61
12364,446.27,Carreta_Sider,28.0,14.27,673.87,623.31,3370.57,1447.9
12365,146.59,3/4,4.0,1.99,328.82,329.32,513.48,126.84
12366,117.6,3/4,4.0,2.06,225.82,272.83,419.37,98.96
12367,90.41,VUC,3.0,0.74,211.25,209.36,265.94,58.41
12368,35.84,VUC,3.0,0.91,71.39,88.87,122.01,26.48
12369,18.84,3/4,4.0,2.85,48.94,35.73,107.24,22.76
12370,28.03,Truck,14.0,8.21,96.45,88.14,260.11,47.27
12371,17.48,Truck,14.0,9.35,70.58,54.44,226.88,38.42
12372,39.88,VUC,3.0,0.78,98.05,98.6,137.39,23.95
12373,83.4,VUC,3.0,2.53,140.34,186.7,258.61,60.94
12374,35.58,VUC,3.0,1.4,65.2,87.55,124.04,25.59
12375,17.54,Toco,6.0,4.03,51.34,65.54,109.44,10.01
12376,51.56,VUC,3.0,1.64,104.9,108.07,165.9,40.08
12377,505.54,Carreta_Bau,28.0,15.35,618.43,693.31,3693.58,1588.02
12378,94.27,Toco,6.0,4.87,283.0,272.7,430.69,102.56
12379,21.12,VUC,3.0,0.73,45.63,63.63,76.94,17.65
12380,267.04,Carreta_Sider,28.0,5.98,424.8,401.42,1985.06,848.23
12381,374.6,Carreta_Bau,28.0,6.61,495.86,526.4,2669.57,1158.36
12382,74.79,VUC,3.0,2.99,168.96,158.56,248.99,52.43
12383,78.93,Truck,14.0,13.13,228.69,265.85,609.87,127.62
12384,40.52,VUC,3.0,2.24,80.99,81.7,129.22,25.07
12385,60.38,Toco,6.0,3.18,130.87,170.67,263.73,63.65
12386,149.02,3/4,4.0,0.89,393.83,341.48,511.38,128.65
12387,188.58,Truck,14.0,11.87,466.84,546.06,1167.64,320.96
12388,43.35,VUC,3.0,0.93,86.52,104.26,143.82,21.88
12389,290.49,Carreta_Sider,28.0,10.69,475.92,447.11,2210.19,936.39
12390,27.87,3/4,4.0,3.46,53.71,89.72,135.8,21.42
12391,42.78,3/4,4.0,1.47,86.26,104.0,160.34,36.01
12392,381.94,Carreta_Sider,28.0,24.3,602.68,557.42,3050.95,1274.59
12393,12.67,Truck,14.0,11.45,38.79,64.57,225.78,22.9
12394,68.33,Toco,6.0,5.17,208.22,192.86,331.84,72.64
12395,79.46,VUC,3.0,2.17,143.48,184.83,241.99,44.56
12396,219.63,Toco,6.0,2.7,537.15,555.3,916.5,241.83
12397,31.97,VUC,3.0,2.12,57.75,90.7,107.33,18.37
12398,55.55,VUC,3.0,2.56,141.4,108.8,185.75,32.32
12399,25.13,VUC,3.0,2.36,67.92,78.77,95.64,17.84
12400,15.6,Truck,14.0,12.36,70.94,84.58,256.0,28.85
12401,64.39,3/4,4.0,3.94,169.09,154.59,251.61,54.08
12402,470.97,Carreta_Sider,28.0,20.63,641.85,689.2,3629.82,1544.41
12403,426.99,Carreta_Sider,28.0,26.29,606.31,634.01,3407.05,1427.63
12404,329.41,Carreta_Sider,28.0,10.67,509.32,514.01,2488.01,1064.78
12405,290.16,Carreta_Bau,28.0,27.37,474.75,446.99,2406.41,941.83
12406,16.2,Toco,6.0,5.54,53.05,52.42,135.0,16.17
12407,75.16,VUC,3.0,0.56,149.9,174.05,215.88,42.97
12408,28.73,Truck,14.0,9.13,105.87,110.63,279.5,44.51
12409,78.48,Truck,14.0,8.09,224.27,226.78,528.13,120.68
12410,358.31,Carreta_Bau,28.0,23.61,448.77,557.68,2820.43,1146.46
12411,405.96,Carreta_Sider,28.0,7.21,528.83,607.45,2980.16,1295.15
12412,152.35,Toco,6.0,3.59,354.55,396.49,662.0,165.32
12413,37.53,3/4,4.0,2.3,66.04,90.19,144.55,32.08
12414,37.56,VUC,3.0,1.46,76.0,80.56,120.09,24.42
12415,72.3,Toco,6.0,5.96,168.61,205.23,368.21,77.51
12416,50.43,Truck,14.0,8.52,130.86,189.5,386.66,76.65
12417,22.29,VUC,3.0,1.5,80.4,95.62,80.24,7.02
12418,81.39,Truck,14.0,12.29,251.44,255.21,593.73,136.35
12419,34.95,Truck,14.0,3.75,121.21,116.86,238.06,56.79
12420,457.37,Carreta_Sider,28.0,11.04,710.82,645.2,3392.21,1467.84
12421,13.35,VUC,3.0,1.16,23.22,45.74,59.69,15.6
12422,41.86,VUC,3.0,2.83,90.63,87.76,138.88,31.6
12423,303.0,Carreta_Sider,28.0,25.15,482.58,462.83,2511.13,1000.78
12424,56.23,VUC,3.0,2.0,140.43,125.27,170.53,37.58
12425,492.52,Carreta_Sider,28.0,11.81,588.01,694.16,3654.76,1590.02
12426,501.11,Carreta_Bau,28.0,15.34,784.2,709.84,3671.7,1579.94
12427,59.5,3/4,4.0,2.54,137.99,133.66,231.5,51.51
12428,108.05,VUC,3.0,1.83,230.1,250.45,332.48,72.8
12429,258.4,Carreta_Sider,28.0,10.29,311.35,410.5,1974.09,839.3
12430,318.64,Carreta_Sider,28.0,7.31,418.52,476.56,2367.55,1020.93
12431,324.33,Carreta_Sider,28.0,25.8,456.78,486.17,2673.6,1080.79
12432,444.52,Carreta_Sider,28.0,19.45,709.54,647.39,3427.29,1465.92
12433,80.04,Truck,14.0,3.83,265.25,251.12,488.8,125.85
12434,53.27,Toco,6.0,5.95,180.49,184.94,287.43,54.6
12435,154.97,Toco,6.0,3.0,437.65,396.12,670.53,170.96
12436,359.56,Carreta_Bau,28.0,21.64,563.27,552.26,2788.64,1141.4
12437,24.36,VUC,3.0,0.9,45.12,58.16,82.48,11.34
12438,495.6,Carreta_Sider,28.0,26.4,759.46,705.97,3907.93,1656.98
12439,27.81,3/4,4.0,0.87,85.81,53.68,108.64,14.51
12440,518.59,Carreta_Sider,28.0,26.95,715.25,754.68,4061.65,1729.41
12441,99.29,Toco,6.0,4.61,280.63,266.63,455.78,101.85
12442,13.18,3/4,4.0,1.37,38.86,44.99,67.04,13.08
12443,70.97,3/4,4.0,1.22,143.4,169.19,260.21,68.42
12444,13.64,Toco,6.0,5.17,39.4,58.66,118.73,10.0
12445,59.13,3/4,4.0,0.74,161.89,136.7,199.17,38.51
12446,58.32,VUC,3.0,0.74,130.0,138.24,169.8,38.48
12447,75.48,VUC,3.0,2.17,151.05,154.76,240.76,45.69
12448,10.79,Truck,14.0,3.02,51.51,52.19,109.3,16.35
12449,22.46,VUC,3.0,1.83,67.03,66.14,91.32,16.26
12450,86.77,Toco,6.0,3.83,261.57,253.05,385.53,97.41
12451,508.34,Carreta_Bau,28.0,4.63,693.09,685.99,3572.32,1568.68
12452,146.94,Truck,14.0,6.59,499.69,453.93,887.23,238.58
12453,323.2,Carreta_Bau,28.0,4.88,498.17,470.19,2285.98,998.25
12454,199.71,3/4,4.0,3.89,474.55,448.07,714.53,172.38
12455,352.72,Carreta_Bau,28.0,9.32,491.82,537.78,2566.78,1095.64
12456,56.07,3/4,4.0,2.95,128.92,139.87,213.15,47.93
12457,45.65,Truck,14.0,10.12,131.6,171.0,380.21,78.14
12458,72.04,Toco,6.0,4.84,203.11,189.46,355.02,76.07
12459,86.13,3/4,4.0,1.74,233.77,214.57,306.21,73.54
12460,27.93,3/4,4.0,1.23,55.62,82.53,106.99,21.03
12461,110.74,Truck,14.0,8.41,332.14,336.94,709.78,177.6
12462,196.29,Truck,14.0,10.36,540.47,605.19,1185.1,329.17
12463,86.03,Toco,6.0,4.75,236.91,238.34,399.99,96.48
12464,13.89,VUC,3.0,0.57,47.03,35.56,50.83,10.61
12465,92.97,Toco,6.0,4.74,242.82,271.37,441.08,97.52
12466,222.74,Carreta_Bau,28.0,6.88,377.6,331.36,1641.46,688.14
12467,484.13,Carreta_Sider,28.0,16.69,621.12,664.98,3673.36,1582.55
12468,19.0,3/4,4.0,2.49,64.61,71.14,95.65,18.02
12469,28.23,3/4,4.0,1.03,75.58,81.41,120.37,36.33
12470,12.79,VUC,3.0,2.91,28.62,32.55,69.66,9.49
12471,77.13,VUC,3.0,2.08,139.89,176.93,244.95,46.49
12472,343.04,Carreta_Sider,28.0,9.53,516.67,525.94,2569.65,1100.47
12473,395.99,Carreta_Bau,28.0,5.41,604.77,539.77,2802.69,1217.49
12474,93.57,VUC,3.0,2.43,235.25,204.19,288.98,57.6
12475,31.02,VUC,3.0,2.6,66.03,77.86,111.81,20.73
12476,33.63,3/4,4.0,0.91,88.53,94.44,121.67,25.63
12477,29.39,Truck,14.0,5.16,115.2,116.66,244.3,54.14
12478,18.09,Toco,6.0,4.18,94.21,37.83,136.64,24.19
12479,75.66,VUC,3.0,1.52,175.03,175.52,231.01,52.66
12480,382.31,Carreta_Sider,28.0,12.35,545.55,533.63,2880.6,1234.89
12481,9.53,VUC,3.0,1.53,16.02,31.93,30.82,10.66
12482,92.07,Truck,14.0,8.11,251.71,269.96,597.97,155.64
12483,88.39,Toco,6.0,1.84,185.96,238.45,377.36,102.5
12484,14.78,3/4,4.0,1.92,46.7,58.33,69.65,9.76
12485,261.72,Carreta_Bau,28.0,5.86,408.6,401.37,1889.02,808.33
12486,52.19,3/4,4.0,0.62,101.25,122.03,186.14,39.44
12487,100.96,Toco,6.0,5.87,247.93,251.53,486.49,125.43
12488,140.48,Toco,6.0,1.18,397.34,362.33,582.0,148.24
12489,94.35,Toco,6.0,1.12,200.03,244.09,408.64,106.56
12490,81.59,VUC,3.0,2.72,198.06,185.8,265.39,54.12
12491,289.99,Carreta_Bau,28.0,27.43,387.63,451.72,2410.36,940.85
12492,69.08,Truck,14.0,12.15,176.62,244.68,534.42,114.76
12493,6.04,Truck,14.0,3.76,26.97,42.14,92.35,14.31
12494,495.05,Carreta_Sider,28.0,19.42,589.52,714.36,3785.63,1625.68
12495,200.72,Truck,14.0,10.39,481.53,582.14,1226.36,339.79
12496,10.22,Truck,14.0,11.28,47.85,70.77,214.32,18.46
12497,76.26,3/4,4.0,0.98,157.79,193.57,274.32,59.84
12498,38.26,Toco,6.0,2.89,114.85,104.17,187.82,43.92
12499,391.79,Carreta_Bau,28.0,10.77,575.08,534.12,2857.29,1222.58
12500,64.83,Toco,6.0,4.24,133.74,197.7,306.53,66.02
12501,71.27,3/4,4.0,1.77,185.37,168.43,256.42,61.89
12502,446.3,Carreta_Bau,28.0,16.31,676.69,614.88,3304.72,1405.71
12503,480.38,Carreta_Sider,28.0,19.11,739.28,679.61,3667.04,1573.98
12504,219.73,VUC,3.0,2.66,499.22,450.97,650.16,143.69
12505,42.42,VUC,3.0,2.8,109.48,109.67,146.42,17.64
12506,17.05,VUC,3.0,2.22,46.04,48.26,76.07,8.88
12507,490.8,Carreta_Sider,28.0,7.92,687.85,684.47,3585.93,1576.88
12508,353.39,Carreta_Bau,28.0,25.36,538.77,543.96,2812.08,1135.45
12509,39.19,VUC,3.0,0.97,90.48,94.27,135.87,15.26
12510,311.07,Carreta_Bau,28.0,5.47,387.07,479.01,2227.58,959.48
12511,83.27,Truck,14.0,7.3,278.48,259.19,543.28,138.1
12512,34.13,3/4,4.0,2.93,73.02,71.68,150.99,27.73
12513,9.7,Truck,14.0,3.88,52.28,39.35,103.99,14.25
12514,91.28,Toco,6.0,2.43,204.18,233.05,400.37,95.94
12515,65.94,3/4,4.0,0.87,183.59,163.43,249.15,57.88
12516,425.82,Carreta_Sider,28.0,18.91,651.11,640.5,3285.52,1391.58
12517,53.22,VUC,3.0,2.26,109.43,125.21,179.1,37.22
12518,79.45,3/4,4.0,2.37,198.72,189.73,293.04,66.13
12519,41.42,VUC,3.0,1.58,122.59,93.62,133.52,32.76
12520,93.65,VUC,3.0,2.61,264.08,213.36,299.4,58.67
12521,82.04,Truck,14.0,7.09,241.6,261.66,529.0,128.01
12522,29.53,VUC,3.0,1.58,68.69,84.66,101.21,21.98
12523,37.77,VUC,3.0,1.92,72.47,80.78,120.57,26.78
12524,196.45,Truck,14.0,10.48,470.3,608.86,1205.26,326.39
12525,440.35,Carreta_Sider,28.0,22.69,533.06,636.09,3453.94,1458.78
12526,29.09,3/4,4.0,0.74,51.58,71.07,103.47,19.11
12527,371.23,Carreta_Bau,28.0,24.46,417.51,564.14,2901.71,1187.66
12528,434.73,Carreta_Bau,28.0,14.94,504.72,621.69,3206.6,1374.97
12529,458.68,Carreta_Sider,28.0,25.76,714.98,657.36,3624.87,1526.77
12530,357.37,Carreta_Sider,28.0,16.96,553.89,545.62,2789.47,1164.35
12531,110.61,3/4,4.0,2.22,235.5,256.02,405.92,84.9
12532,221.54,Carreta_Bau,28.0,8.85,288.58,363.16,1661.01,682.29
12533,468.16,Carreta_Bau,28.0,15.38,623.94,651.28,3435.44,1470.16
12534,64.0,Toco,6.0,3.41,194.17,212.84,299.84,66.69
12535,361.46,Carreta_Sider,28.0,25.49,472.47,570.78,2937.42,1202.32
12536,62.18,3/4,4.0,3.62,168.36,170.55,252.93,46.93
12537,473.27,Carreta_Bau,28.0,15.78,621.39,665.05,3475.18,1489.64
12538,51.55,VUC,3.0,2.66,110.39,101.91,167.98,27.34
12539,91.89,Truck,14.0,12.27,277.54,291.19,673.56,150.71
12540,46.98,Toco,6.0,5.74,144.22,131.43,261.4,64.08
12541,75.32,VUC,3.0,1.37,146.7,166.49,233.38,53.92
12542,63.89,3/4,4.0,1.32,126.49,158.81,225.16,56.29
12543,51.15,3/4,4.0,3.81,110.49,107.28,224.81,41.73
12544,7.83,VUC,3.0,1.94,31.96,25.3,51.04,-0.34
12545,63.83,3/4,4.0,2.19,174.31,159.89,240.16,53.63
12546,62.48,VUC,3.0,1.5,130.04,153.93,196.73,32.13
12547,258.42,Carreta_Sider,28.0,6.22,398.5,396.9,1928.26,828.11
12548,15.36,VUC,3.0,0.97,33.0,32.95,56.37,8.72
12549,76.43,3/4,4.0,1.59,146.61,173.64,279.16,64.03
12550,46.5,VUC,3.0,1.86,99.88,104.03,156.08,21.58
12551,33.5,VUC,3.0,1.77,80.11,65.98,114.47,21.75
12552,78.98,3/4,4.0,2.45,211.14,210.52,285.81,65.95
12553,309.51,Carreta_Bau,28.0,6.02,487.42,466.54,2221.96,951.4
12554,461.6,Carreta_Bau,28.0,4.43,538.81,667.13,3248.91,1422.37
12555,35.25,Toco,6.0,3.26,122.28,99.19,187.72,36.23
12556,418.86,Carreta_Sider,28.0,8.8,513.0,611.78,3100.14,1345.76
12557,60.59,Toco,6.0,5.45,173.42,153.66,321.85,70.18
12558,60.23,Toco,6.0,3.1,131.93,188.28,287.22,59.78
12559,8.81,3/4,4.0,1.8,36.06,32.67,52.44,7.95
12560,42.48,VUC,3.0,1.84,91.95,99.05,144.19,27.75
12561,24.27,3/4,4.0,2.74,64.68,88.58,109.66,26.94
12562,255.44,Carreta_Sider,28.0,6.15,416.41,421.29,1909.69,819.44
12563,104.62,Toco,6.0,4.68,282.31,264.1,489.96,113.25
12564,22.16,Toco,6.0,1.6,72.94,71.77,118.61,21.51
12565,63.6,3/4,4.0,1.91,161.34,177.34,239.57,54.39
12566,5.04,Truck,14.0,6.35,51.77,35.92,114.12,2.56
12567,92.19,Toco,6.0,3.8,248.87,250.88,418.02,95.61
12568,39.98,3/4,4.0,2.94,124.08,113.29,167.27,31.89
12569,469.14,Carreta_Bau,28.0,23.26,557.73,678.24,3560.83,1490.29
12570,429.2,Carreta_Sider,28.0,16.75,628.91,629.99,3279.93,1395.56
12571,31.19,VUC,3.0,0.85,66.33,72.98,81.52,18.01
12572,87.72,Toco,6.0,4.45,214.45,208.73,406.58,109.98
12573,285.89,Carreta_Bau,28.0,15.6,463.74,448.49,2194.01,897.89
12574,327.15,Carreta_Bau,28.0,18.22,476.81,491.54,2531.6,1040.07
12575,48.29,Toco,6.0,3.16,161.88,163.36,235.02,51.32
12576,59.9,VUC,3.0,1.51,119.69,143.76,188.39,40.46
12577,181.83,Toco,6.0,4.48,423.38,458.88,786.18,194.06
12578,270.14,Carreta_Sider,28.0,16.67,411.67,415.41,2166.76,873.61
12579,67.32,Truck,14.0,12.43,216.81,218.05,526.57,118.92
12580,164.36,Toco,6.0,4.69,411.59,429.27,736.64,174.02
12581,83.3,VUC,3.0,1.66,192.49,185.24,251.57,60.78
12582,184.49,Toco,6.0,1.99,501.27,453.59,779.56,195.71
12583,15.81,3/4,4.0,0.66,61.9,11.42,62.87,8.96
12584,11.43,3/4,4.0,1.3,42.49,27.73,51.13,6.97
12585,94.43,3/4,4.0,1.56,233.98,191.42,342.08,87.26
12586,4.81,VUC,3.0,0.75,6.69,8.51,32.2,-0.47
12587,68.45,Toco,6.0,4.31,158.55,192.26,329.13,73.06
12588,59.61,VUC,3.0,1.28,122.66,155.19,184.77,42.78
12589,54.28,VUC,3.0,0.53,149.35,89.26,159.86,36.38
12590,75.51,VUC,3.0,1.56,143.76,153.38,234.58,58.66
12591,454.71,Carreta_Sider,28.0,22.87,719.4,663.61,3544.46,1508.36
12592,249.05,Carreta_Sider,28.0,12.29,415.18,396.74,1925.49,801.69
12593,441.26,Carreta_Sider,28.0,25.68,531.23,648.0,3488.91,1472.97
12594,94.32,Toco,6.0,5.25,269.86,258.39,445.29,94.62
12595,8.27,Toco,6.0,5.44,49.29,36.69,93.65,13.01
12596,296.41,Carreta_Sider,28.0,20.09,417.56,484.76,2391.75,970.61
12597,59.92,Toco,6.0,5.01,146.65,202.61,301.07,69.05
12598,69.23,VUC,3.0,1.44,136.64,139.83,209.39,53.98
12599,125.08,Truck,14.0,10.35,299.84,391.78,807.37,198.04
12600,248.65,Carreta_Sider,28.0,9.53,452.8,429.14,1907.87,803.86
12601,31.84,Toco,6.0,1.94,106.04,117.49,156.19,38.28
12602,162.27,3/4,4.0,3.81,401.28,368.33,598.36,143.97
12603,85.25,Truck,14.0,8.63,248.82,261.7,575.61,134.78
12604,389.77,Carreta_Sider,28.0,5.91,603.68,538.31,2836.04,1242.88
12605,45.59,Truck,14.0,4.45,155.19,144.06,301.94,68.59
12606,18.97,VUC,3.0,1.63,56.37,44.32,73.47,14.29
12607,81.75,Truck,14.0,12.17,216.32,266.7,606.92,129.38
12608,89.81,Truck,14.0,12.76,219.17,267.44,653.08,147.47
12609,482.34,Carreta_Sider,28.0,6.9,638.65,673.76,3508.68,1544.99
12610,13.06,VUC,3.0,0.61,52.61,41.99,41.83,4.53
12611,419.31,Carreta_Sider,28.0,7.1,602.36,592.04,3071.17,1338.94
12612,425.84,Carreta_Bau,28.0,20.18,539.15,616.7,3220.89,1350.44
12613,72.4,Toco,6.0,3.62,144.28,191.63,330.9,80.06
12614,461.29,Carreta_Sider,28.0,21.76,630.01,669.04,3582.28,1520.13
12615,23.57,3/4,4.0,2.62,67.93,50.89,111.23,16.42
12616,4.61,Truck,14.0,3.24,26.16,26.17,74.3,4.23
12617,27.72,VUC,3.0,1.11,72.82,82.89,87.84,18.36
12618,425.08,Carreta_Sider,28.0,12.09,648.65,587.15,3185.53,1368.4
12619,336.64,Carreta_Bau,28.0,21.04,467.86,513.96,2632.02,1072.82
12620,398.57,Carreta_Sider,28.0,18.41,481.89,581.86,3084.24,1305.19
12621,271.78,Carreta_Sider,28.0,26.73,398.08,418.62,2318.9,905.92
12622,125.08,Truck,14.0,3.83,366.33,366.25,729.53,198.22
12623,81.8,VUC,3.0,2.84,194.83,191.89,257.5,56.62
12624,394.87,Carreta_Bau,28.0,9.44,481.27,589.53,2843.93,1233.52
12625,16.85,Toco,6.0,2.65,77.52,87.17,97.6,21.4
12626,15.89,Toco,6.0,1.08,57.07,44.51,83.15,17.91
12627,71.25,3/4,4.0,1.61,134.12,185.34,252.66,52.7
12628,40.98,3/4,4.0,1.28,123.76,100.45,153.45,42.63
12629,17.51,3/4,4.0,1.34,61.96,46.09,62.5,14.94
12630,24.93,VUC,3.0,1.91,47.75,78.39,96.7,17.61
12631,76.31,VUC,3.0,2.44,190.21,173.22,254.31,46.1
12632,60.72,VUC,3.0,2.35,148.04,141.24,193.59,38.34
12633,401.71,Carreta_Sider,28.0,23.93,538.95,573.37,3197.44,1336.17
12634,190.08,VUC,3.0,2.31,340.95,389.64,566.39,127.21
12635,73.24,VUC,3.0,2.94,179.01,151.54,242.55,46.52
12636,12.9,Toco,6.0,0.99,60.71,57.33,66.55,21.32
12637,45.69,VUC,3.0,2.97,97.29,117.94,161.72,24.96
12638,76.54,3/4,4.0,1.99,200.87,210.47,274.75,56.23
12639,500.43,Carreta_Bau,28.0,15.57,544.02,672.15,3655.62,1567.59
12640,28.19,VUC,3.0,1.92,65.42,95.62,109.24,22.12
12641,117.32,Toco,6.0,0.94,359.13,302.3,479.65,120.86
12642,407.78,Carreta_Bau,28.0,8.52,646.6,572.25,2928.04,1265.73
12643,19.4,Toco,6.0,3.17,68.96,66.09,117.69,26.49
12644,506.6,Carreta_Sider,28.0,22.51,654.39,722.41,3911.47,1674.41
12645,38.74,VUC,3.0,2.67,92.41,102.97,144.78,19.37
12646,226.39,Carreta_Sider,28.0,7.72,360.97,386.06,1717.8,733.05
12647,482.8,Carreta_Sider,28.0,10.46,736.62,673.48,3569.42,1553.45
12648,446.24,Carreta_Bau,28.0,18.66,690.75,627.85,3350.67,1415.14
12649,411.25,Carreta_Bau,28.0,12.79,486.47,566.89,3010.41,1285.13
12650,500.36,Carreta_Sider,28.0,11.29,606.29,708.0,3687.37,1608.69
12651,372.97,Carreta_Bau,28.0,13.32,573.24,539.94,2755.87,1171.18
12652,34.34,VUC,3.0,2.24,85.52,72.96,121.54,15.04
12653,305.32,Carreta_Sider,28.0,8.93,418.48,448.48,2295.53,979.75
12654,382.16,Carreta_Sider,28.0,5.67,468.78,555.61,2778.79,1226.36
12655,20.88,Toco,6.0,0.92,60.28,87.94,101.9,25.88
12656,270.03,Carreta_Bau,28.0,16.73,371.69,443.91,2098.96,854.13
12657,90.81,Truck,14.0,5.08,230.01,260.21,563.65,141.11
12658,47.96,VUC,3.0,1.88,117.49,124.57,154.63,30.55
12659,59.33,Toco,6.0,5.39,164.47,178.68,312.41,61.67
12660,15.02,VUC,3.0,1.2,55.58,62.86,47.22,16.75
12661,233.08,Carreta_Bau,28.0,8.57,347.56,376.94,1732.26,721.58
12662,59.51,Toco,6.0,0.91,177.95,159.61,249.82,59.12
12663,54.53,VUC,3.0,2.95,109.16,136.8,185.48,34.71
12664,88.81,Toco,6.0,3.54,237.71,202.02,421.23,92.64
12665,41.52,VUC,3.0,2.5,102.12,84.89,140.29,28.21
12666,129.95,3/4,4.0,3.52,293.1,293.81,474.05,121.29
12667,255.65,Carreta_Bau,28.0,27.89,343.68,409.43,2169.33,826.37
12668,75.17,3/4,4.0,3.52,131.54,163.09,290.96,60.28
12669,31.68,3/4,4.0,1.6,56.27,78.4,124.75,25.81
12670,56.68,Toco,6.0,3.78,144.57,151.83,271.5,55.41
12671,88.35,Toco,6.0,5.81,194.01,235.31,439.87,112.52
12672,60.88,VUC,3.0,2.07,123.72,142.09,204.39,48.31
12673,68.72,3/4,4.0,3.21,168.49,152.27,261.56,65.3
12674,83.71,VUC,3.0,2.76,191.6,179.13,274.95,58.52
12675,88.21,Toco,6.0,4.03,229.69,235.76,403.85,95.53
12676,22.95,Toco,6.0,4.43,72.45,51.55,139.53,24.45
12677,21.82,Truck,14.0,9.1,63.75,89.41,237.3,34.72
12678,436.36,Carreta_Sider,28.0,12.26,637.57,627.38,3254.94,1422.53
12679,496.81,Carreta_Sider,28.0,10.12,678.01,703.69,3665.35,1597.93
12680,54.09,VUC,3.0,2.07,84.79,105.72,171.83,32.1
12681,509.44,Carreta_Sider,28.0,27.55,674.09,726.43,4020.01,1698.95
12682,182.77,VUC,3.0,2.79,413.64,405.92,553.22,122.23
12683,94.59,3/4,4.0,1.31,238.29,201.45,330.85,61.68
12684,48.6,VUC,3.0,2.6,119.85,113.27,164.5,33.67
12685,34.11,Toco,6.0,1.01,108.6,80.81,165.64,23.46
12686,337.86,Carreta_Bau,28.0,18.23,453.31,495.44,2588.92,1078.09
12687,52.89,Truck,14.0,13.17,189.03,169.89,461.98,79.66
12688,339.69,Carreta_Sider,28.0,27.03,565.04,532.82,2812.1,1127.98
12689,9.86,3/4,4.0,2.65,48.22,34.53,67.91,-1.18
12690,20.13,3/4,4.0,2.74,58.41,43.66,93.1,26.19
12691,169.82,Toco,6.0,2.89,377.43,457.35,724.11,183.4
12692,17.55,Toco,6.0,4.59,39.11,66.91,115.86,30.41
12693,342.19,Carreta_Bau,28.0,10.05,508.67,511.1,2499.54,1076.1
12694,249.17,Carreta_Bau,28.0,5.01,345.6,370.02,1798.09,774.37
12695,495.52,Carreta_Bau,28.0,24.08,750.29,684.37,3762.08,1582.31
12696,6.54,VUC,3.0,0.6,28.84,39.69,25.0,4.93
12697,203.46,Toco,6.0,4.29,535.35,509.13,872.08,229.63
12698,69.72,Truck,14.0,7.3,185.19,221.73,475.72,115.55
12699,33.62,Toco,6.0,1.12,111.6,100.08,161.47,33.85
12700,449.86,Carreta_Sider,28.0,8.0,667.38,602.42,3300.0,1443.11
12701,476.16,Carreta_Sider,28.0,6.6,564.59,664.2,3462.76,1523.36
12702,19.34,Truck,14.0,4.65,64.99,73.38,177.05,23.78
12703,50.61,Toco,6.0,4.14,160.21,142.7,256.86,52.51
12704,407.75,Carreta_Sider,28.0,17.78,519.16,586.46,3143.52,1336.61
12705,186.24,3/4,4.0,2.07,437.54,411.72,653.71,161.83
12706,33.43,Truck,14.0,12.13,108.24,114.54,345.64,56.78
12707,205.66,Truck,14.0,11.06,659.13,596.2,1246.53,338.31
12708,39.76,VUC,3.0,2.19,77.41,103.41,137.0,24.77
12709,32.71,Truck,14.0,9.23,109.41,113.01,309.22,49.95
12710,507.73,Carreta_Sider,28.0,20.77,685.81,719.62,3905.07,1670.01
12711,127.23,3/4,4.0,1.37,315.27,301.07,435.51,110.72
12712,4.36,VUC,3.0,1.11,13.32,13.99,36.4,14.9
12713,66.64,VUC,3.0,1.21,172.2,162.9,201.87,36.3
12714,14.07,VUC,3.0,2.34,41.1,37.12,66.58,15.47
12715,144.76,3/4,4.0,2.07,281.78,329.83,520.62,124.3
12716,23.94,VUC,3.0,2.9,60.05,78.52,98.23,7.7
12717,21.32,3/4,4.0,0.74,61.09,64.63,80.65,17.19
12718,510.89,Carreta_Sider,28.0,13.32,569.75,679.66,3799.55,1654.33
12719,34.15,3/4,4.0,1.13,87.96,54.23,129.43,28.47
12720,18.58,VUC,3.0,2.53,29.01,74.07,83.45,17.34
12721,35.57,VUC,3.0,1.67,75.8,87.1,115.99,32.66
12722,425.18,Carreta_Sider,28.0,18.96,642.43,616.06,3292.52,1400.21
12723,26.14,VUC,3.0,1.97,76.85,35.77,91.93,17.91
12724,9.57,3/4,4.0,0.87,32.32,34.66,47.54,9.57
12725,83.22,3/4,4.0,3.26,169.68,187.25,317.04,81.97
12726,412.21,Carreta_Bau,28.0,23.76,610.02,589.25,3191.54,1315.96
12727,163.09,3/4,4.0,2.67,387.17,368.65,572.42,145.3
12728,31.81,Toco,6.0,2.33,89.68,93.4,162.54,28.44
12729,12.67,Toco,6.0,4.59,39.25,55.18,123.59,6.29
12730,302.8,Carreta_Sider,28.0,20.88,455.73,481.61,2440.34,999.65
12731,51.46,3/4,4.0,3.7,146.1,130.97,209.81,36.25
12732,15.22,VUC,3.0,0.75,40.84,45.08,66.78,7.61
12733,74.35,3/4,4.0,3.69,160.34,157.71,291.35,71.21
12734,9.6,3/4,4.0,3.62,27.76,37.71,75.22,3.73
12735,46.28,VUC,3.0,1.21,109.76,110.46,144.07,38.37
12736,89.89,3/4,4.0,3.04,217.15,215.53,347.41,65.78
12737,18.47,Truck,14.0,5.24,87.44,98.16,162.93,35.06
12738,22.32,VUC,3.0,1.05,41.6,54.64,84.39,7.21
12739,452.32,Carreta_Sider,28.0,19.47,698.72,632.59,3472.59,1483.28
12740,58.64,Truck,14.0,2.7,181.6,186.82,347.68,94.8
12741,93.17,Toco,6.0,1.39,258.51,239.04,390.19,97.78
12742,234.77,Carreta_Bau,28.0,19.91,329.2,360.76,1907.41,745.31
12743,39.11,VUC,3.0,2.88,112.71,89.87,139.26,18.39
12744,176.93,VUC,3.0,0.54,408.29,395.63,507.16,117.96
12745,63.03,Toco,6.0,1.02,200.53,167.82,265.44,60.71
12746,99.65,Truck,14.0,2.99,285.94,316.24,574.66,153.31
12747,17.86,VUC,3.0,0.45,45.87,58.87,51.98,10.69
12748,62.37,Truck,14.0,13.15,189.75,240.63,517.21,100.61
12749,26.99,Toco,6.0,3.32,64.77,92.8,146.46,33.47
12750,59.81,VUC,3.0,2.21,163.86,137.11,178.04,36.05
12751,12.07,VUC,3.0,1.51,28.54,38.9,51.56,7.7
12752,359.58,Carreta_Sider,28.0,27.93,455.87,556.1,2966.11,1201.04
12753,219.87,Truck,14.0,7.81,645.15,636.08,1282.35,363.89
12754,51.77,3/4,4.0,3.79,132.06,125.53,209.58,42.23
12755,462.06,Carreta_Bau,28.0,19.66,531.77,652.44,3466.19,1460.3
12756,215.5,Toco,6.0,5.73,602.84,541.59,934.64,235.19
12757,159.42,Truck,14.0,7.99,525.84,445.71,961.07,266.2
12758,503.19,Carreta_Sider,28.0,25.12,672.37,699.75,3928.64,1672.11
12759,505.03,Carreta_Bau,28.0,12.15,764.91,709.85,3651.67,1578.59
12760,25.6,VUC,3.0,2.14,55.55,61.38,100.85,16.86
12761,386.14,Carreta_Bau,28.0,18.89,525.72,568.52,2931.12,1224.07
12762,489.56,Carreta_Bau,28.0,15.79,727.16,663.31,3597.56,1547.62
12763,66.04,VUC,3.0,1.73,120.0,160.89,200.4,44.05
12764,72.04,Truck,14.0,4.12,228.24,230.91,456.49,114.44
12765,81.18,3/4,4.0,3.68,199.13,225.72,295.06,74.83
12766,163.78,Toco,6.0,3.22,383.56,439.93,712.71,183.39
12767,94.31,Truck,14.0,3.9,321.29,297.3,557.25,146.9
12768,290.64,Carreta_Bau,28.0,20.96,400.09,442.18,2309.56,921.76
12769,181.77,3/4,4.0,3.07,343.0,404.18,654.22,167.92
12770,298.48,Carreta_Sider,28.0,5.27,410.21,452.28,2200.41,953.96
12771,45.8,VUC,3.0,1.3,110.47,106.91,148.19,37.48
12772,431.25,Carreta_Bau,28.0,18.11,610.25,602.99,3232.39,1370.82
12773,454.09,Carreta_Sider,28.0,23.75,673.36,668.31,3551.38,1505.48
12774,65.02,3/4,4.0,1.66,125.51,161.44,229.4,43.96
12775,96.77,Toco,6.0,2.43,273.21,256.65,424.78,97.97
12776,5.68,VUC,3.0,2.33,33.05,46.5,41.14,6.94
12777,260.54,Carreta_Bau,28.0,9.42,328.27,404.2,1929.76,806.16
12778,86.36,VUC,3.0,2.73,194.31,171.9,284.9,55.73
12779,60.03,Toco,6.0,4.93,153.42,183.14,311.34,70.69
12780,42.34,VUC,3.0,2.73,109.61,103.57,145.41,28.36
12781,43.52,VUC,3.0,1.35,99.11,98.19,142.66,29.7
12782,72.98,VUC,3.0,0.87,167.41,148.69,208.82,52.97
12783,517.48,Carreta_Sider,28.0,18.12,815.19,744.07,3910.76,1700.79
12784,79.85,Truck,14.0,4.36,242.38,270.87,485.11,128.24
12785,77.52,VUC,3.0,1.13,173.91,162.14,234.12,55.52
12786,345.46,Carreta_Sider,28.0,13.73,464.69,522.56,2639.13,1115.41
12787,220.88,Carreta_Bau,28.0,15.21,325.37,369.58,1745.44,696.78
12788,50.46,Toco,6.0,2.54,98.79,118.9,236.59,57.16
12789,260.32,Carreta_Sider,28.0,10.98,418.69,414.32,2011.19,838.77
12790,37.77,3/4,4.0,1.44,116.11,75.32,148.0,30.53
12791,232.09,Carreta_Bau,28.0,20.63,309.89,382.43,1894.18,733.57
12792,90.04,VUC,3.0,1.23,218.61,228.97,277.0,57.02
12793,285.23,Carreta_Sider,28.0,20.73,413.4,435.19,2317.93,930.34
12794,283.91,Carreta_Bau,28.0,21.88,455.31,470.07,2277.9,905.86
12795,310.42,Carreta_Bau,28.0,21.2,489.0,498.33,2443.09,990.09
12796,61.71,Toco,6.0,5.56,154.83,173.42,327.16,72.12
12797,292.42,Carreta_Bau,28.0,26.92,495.24,467.1,2417.81,937.45
12798,53.47,VUC,3.0,0.82,141.1,118.08,158.4,35.39
12799,314.35,Carreta_Bau,28.0,11.83,424.09,460.91,2331.45,985.92
12800,106.9,Truck,14.0,11.47,310.57,332.3,751.24,177.09
12801,118.13,3/4,4.0,3.26,296.8,268.67,425.62,103.84
12802,58.45,Toco,6.0,1.26,188.58,168.55,250.63,63.5
12803,61.32,Truck,14.0,13.55,231.45,205.6,511.47,89.51
12804,68.89,VUC,3.0,2.63,125.15,140.04,218.4,40.35
12805,54.34,VUC,3.0,2.74,124.38,135.17,178.86,46.25
12806,83.66,Truck,14.0,4.53,307.03,268.25,512.67,138.03
12807,82.23,3/4,4.0,2.3,186.39,214.77,305.72,66.75
12808,252.74,Carreta_Bau,28.0,14.68,393.0,392.75,1942.62,796.94
12809,44.25,Toco,6.0,2.74,135.14,142.66,210.54,51.29
12810,19.34,Toco,6.0,2.06,57.88,97.03,100.12,28.43
12811,56.48,VUC,3.0,0.81,102.1,128.63,163.78,33.64
12812,471.1,Carreta_Bau,28.0,24.92,553.64,664.5,3611.63,1510.6
12813,431.1,Carreta_Sider,28.0,16.82,627.76,632.47,3287.62,1404.42
12814,60.49,VUC,3.0,1.98,158.54,106.93,185.89,36.13
12815,51.63,VUC,3.0,1.12,85.89,99.35,166.3,29.7
12816,85.04,Toco,6.0,5.67,213.27,223.05,422.57,95.29
12817,12.46,3/4,4.0,3.78,58.66,40.6,87.51,8.69
12818,30.16,3/4,4.0,2.88,79.24,85.48,128.61,25.49
12819,82.79,Toco,6.0,2.53,244.75,226.25,365.71,98.49
12820,141.82,3/4,4.0,1.39,359.14,311.43,488.25,113.93
12821,89.49,Truck,14.0,9.18,279.87,294.78,604.77,148.64
12822,305.3,Carreta_Bau,28.0,24.02,462.09,475.71,2459.87,973.42
12823,42.76,3/4,4.0,3.89,104.2,113.57,188.62,41.74
12824,351.95,Carreta_Sider,28.0,5.82,512.95,524.72,2580.65,1128.06
12825,299.51,Carreta_Sider,28.0,12.15,460.65,453.82,2293.41,963.68
12826,391.47,Carreta_Sider,28.0,13.51,487.91,569.1,2968.88,1265.35
12827,21.53,Toco,6.0,2.78,73.24,57.47,124.64,26.57
12828,42.25,VUC,3.0,2.15,115.06,69.13,132.71,25.95
12829,518.84,Carreta_Bau,28.0,17.22,742.98,705.09,3801.79,1647.94
12830,136.0,Toco,6.0,5.45,310.13,379.55,615.89,144.57
12831,45.51,3/4,4.0,1.36,117.69,108.87,175.87,43.46
12832,51.28,VUC,3.0,1.47,95.68,96.2,170.72,43.92
12833,28.97,VUC,3.0,1.83,98.66,80.43,108.3,20.58
12834,314.1,Carreta_Sider,28.0,23.64,448.79,486.41,2571.36,1036.35
12835,312.76,Carreta_Bau,28.0,23.79,392.67,485.46,2512.22,998.66
12836,334.01,Carreta_Bau,28.0,24.65,524.19,514.1,2657.12,1071.73
12837,165.96,3/4,4.0,2.37,353.32,377.89,581.68,144.31
12838,32.45,VUC,3.0,1.07,93.74,84.93,96.18,13.08
12839,63.66,Truck,14.0,10.74,182.73,207.98,486.18,103.66
12840,60.58,VUC,3.0,2.88,159.36,110.6,199.49,40.38
12841,366.3,Carreta_Sider,28.0,10.99,609.38,532.65,2761.25,1188.79
12842,64.25,VUC,3.0,0.96,138.04,132.62,203.69,49.91
12843,38.33,3/4,4.0,0.68,84.13,79.32,139.27,31.09
12844,34.62,Toco,6.0,4.3,102.4,94.12,196.24,32.37
12845,35.99,3/4,4.0,2.45,99.73,105.91,145.46,31.3
12846,90.56,Toco,6.0,1.59,265.77,241.03,372.27,97.48
12847,39.97,VUC,3.0,0.96,79.07,68.48,120.82,31.19
12848,59.16,VUC,3.0,2.14,105.89,119.1,197.61,36.03
12849,113.84,3/4,4.0,2.08,288.37,269.26,408.94,91.32
12850,51.58,VUC,3.0,1.04,129.96,118.27,157.1,32.59
12851,83.74,VUC,3.0,1.99,153.02,180.44,265.97,52.28
12852,37.59,VUC,3.0,0.58,85.68,99.89,112.36,21.74
12853,409.98,Carreta_Sider,28.0,4.59,593.38,590.37,2966.97,1299.8
12854,43.51,3/4,4.0,1.49,105.25,104.48,169.01,30.2
12855,376.84,Carreta_Bau,28.0,11.09,547.59,528.78,2747.61,1179.73
12856,235.43,Carreta_Bau,28.0,6.68,367.82,368.29,1729.86,729.66
12857,515.32,Carreta_Bau,28.0,6.93,686.9,664.06,3630.71,1591.05
12858,80.69,Truck,14.0,4.1,241.71,253.4,488.55,133.83
12859,447.23,Carreta_Sider,28.0,21.45,527.89,629.92,3480.63,1464.31
12860,18.65,VUC,3.0,2.51,32.06,68.83,84.61,10.1
12861,58.08,VUC,3.0,0.91,124.11,107.59,175.47,37.74
12862,40.39,Truck,14.0,9.92,135.67,148.09,354.42,72.07
12863,93.71,3/4,4.0,1.39,197.99,195.98,332.25,75.67
12864,69.65,3/4,4.0,3.59,165.33,163.13,265.61,65.81
12865,4.96,Toco,6.0,2.27,24.88,37.16,47.04,2.07
12866,80.39,Truck,14.0,3.64,255.64,260.92,486.62,133.1
12867,67.99,3/4,4.0,2.09,161.35,179.41,255.9,65.91
12868,55.05,Toco,6.0,1.69,141.08,163.53,245.57,53.78
12869,324.3,Carreta_Sider,28.0,8.92,406.93,499.45,2423.01,1041.83
12870,25.49,VUC,3.0,1.31,63.64,77.37,79.32,18.92
12871,515.97,Carreta_Sider,28.0,19.93,814.42,718.86,3942.85,1688.5
12872,17.59,Truck,14.0,3.49,59.52,67.93,151.57,30.37
12873,61.18,Toco,6.0,2.35,142.26,178.8,284.4,62.92
12874,44.03,VUC,3.0,2.64,92.42,119.24,148.18,24.53
12875,82.41,3/4,4.0,1.53,171.98,196.5,295.73,67.01
12876,27.88,VUC,3.0,0.88,78.66,61.83,86.05,15.11
12877,62.01,3/4,4.0,2.41,175.74,145.98,236.41,56.69
12878,26.64,VUC,3.0,0.53,60.04,54.93,102.66,16.69
12879,61.9,3/4,4.0,3.33,157.21,160.97,252.14,64.85
12880,8.4,3/4,4.0,1.36,37.62,49.95,40.33,4.35
12881,39.65,3/4,4.0,1.05,99.43,110.04,145.18,35.39
12882,19.71,3/4,4.0,3.35,52.79,60.49,102.81,16.22
12883,59.14,VUC,3.0,2.6,147.61,161.46,198.61,32.19
12884,32.82,VUC,3.0,2.32,53.91,80.53,109.75,29.24
12885,74.21,3/4,4.0,1.4,199.7,199.74,268.22,62.73
12886,14.43,3/4,4.0,2.39,59.93,33.23,62.73,8.35
12887,54.62,Truck,14.0,13.63,195.38,189.41,470.28,93.34
12888,447.79,Carreta_Bau,28.0,15.57,542.57,610.94,3315.15,1416.49
12889,58.02,VUC,3.0,2.87,107.69,119.91,195.34,33.79
12890,6.01,3/4,4.0,2.9,46.11,18.92,63.32,5.39
12891,7.27,Truck,14.0,12.16,59.68,54.09,201.47,17.29
12892,153.64,Truck,14.0,4.39,450.62,445.87,872.4,248.14
12893,32.05,Toco,6.0,5.63,124.48,71.9,192.49,38.32
12894,59.43,VUC,3.0,2.63,103.12,129.48,216.44,37.46
12895,346.2,Carreta_Sider,28.0,22.88,435.57,521.29,2777.56,1136.13
12896,91.6,Truck,14.0,13.3,311.5,264.44,685.77,151.72
12897,341.86,Carreta_Sider,28.0,22.98,535.6,531.39,2759.94,1127.08
12898,12.26,VUC,3.0,1.92,30.11,47.65,57.47,7.35
12899,372.5,Carreta_Sider,28.0,19.64,581.33,565.78,2917.19,1220.01
12900,67.99,Toco,6.0,5.09,188.78,212.3,332.23,75.87
12901,67.04,3/4,4.0,3.15,145.47,150.3,265.05,55.84
12902,494.82,Carreta_Bau,28.0,18.28,595.43,666.66,3673.36,1572.36
12903,64.92,VUC,3.0,1.98,172.56,145.85,208.69,44.92
12904,304.11,Carreta_Bau,28.0,25.15,461.16,469.42,2469.73,972.9
12905,50.97,3/4,4.0,0.63,134.95,130.34,177.98,48.47
12906,127.89,Truck,14.0,10.64,426.15,398.63,844.78,207.66
12907,298.72,Carreta_Sider,28.0,17.66,366.84,464.16,2373.45,970.96
12908,91.98,3/4,4.0,3.45,217.85,236.09,361.66,84.6
12909,429.81,Carreta_Bau,28.0,9.09,648.29,586.26,3080.51,1333.49
12910,49.66,VUC,3.0,1.79,117.86,107.81,161.59,32.38
12911,247.41,Carreta_Bau,28.0,7.24,319.99,369.88,1819.54,759.87
12912,80.29,3/4,4.0,2.84,193.85,147.41,303.13,66.81
12913,27.89,Truck,14.0,11.19,94.67,85.01,306.72,45.6
12914,106.52,Toco,6.0,4.08,282.99,294.48,475.37,114.45
12915,77.37,Truck,14.0,8.7,250.29,259.9,531.09,124.23
12916,94.69,Truck,14.0,6.19,244.24,272.23,587.56,153.78
12917,86.82,3/4,4.0,2.78,199.22,222.66,322.84,79.11
12918,223.88,Carreta_Sider,28.0,25.61,279.89,355.12,1966.2,739.22
12919,31.67,3/4,4.0,3.05,81.32,72.96,138.3,14.52
12920,384.91,Carreta_Bau,28.0,4.75,449.73,534.67,2726.75,1192.12
12921,131.55,Truck,14.0,8.15,337.57,409.28,809.27,211.82
12922,81.0,Truck,14.0,10.86,245.09,282.09,568.9,131.07
12923,12.67,Toco,6.0,3.47,40.12,45.01,90.64,11.04
12924,254.79,Carreta_Sider,28.0,18.27,357.82,415.66,2085.37,827.37
12925,65.67,Truck,14.0,12.95,202.49,231.02,533.78,107.54
12926,35.14,Toco,6.0,5.36,103.47,139.69,202.92,37.48
12927,151.58,Toco,6.0,1.31,422.28,406.76,635.89,163.42
12928,63.94,Truck,14.0,8.18,207.72,189.66,454.01,101.83
12929,41.51,VUC,3.0,2.04,99.84,110.65,143.87,14.58
12930,297.27,Carreta_Sider,28.0,24.48,475.51,465.26,2472.64,978.83
12931,4.82,VUC,3.0,1.13,27.84,42.13,28.53,8.63
12932,25.05,VUC,3.0,0.81,47.42,72.64,82.6,11.58
12933,7.86,3/4,4.0,2.63,20.83,19.88,66.84,9.43
12934,155.14,Truck,14.0,7.66,480.37,475.09,939.37,249.6
12935,141.34,Toco,6.0,2.21,374.33,373.11,602.35,155.75
12936,42.88,Truck,14.0,13.32,147.7,159.08,414.14,72.11
12937,80.45,Truck,14.0,5.88,261.81,250.68,509.42,123.06
12938,71.16,Toco,6.0,1.18,194.68,185.68,297.88,69.74
12939,75.79,Toco,6.0,1.2,233.26,213.01,329.29,73.09
12940,77.46,3/4,4.0,1.28,164.17,218.52,284.08,69.3
12941,391.56,Carreta_Bau,28.0,6.98,513.11,577.67,2799.37,1205.83
12942,37.85,3/4,4.0,1.94,108.34,97.66,153.69,30.09
12943,162.15,Truck,14.0,3.06,533.68,445.43,910.0,259.16
12944,50.05,3/4,4.0,2.51,106.94,120.1,193.29,43.7
12945,50.27,VUC,3.0,1.49,121.06,117.99,152.13,29.79
12946,14.3,Toco,6.0,3.95,62.79,59.89,105.05,7.73
12947,58.43,3/4,4.0,3.96,173.7,160.16,248.51,44.72
12948,160.79,Toco,6.0,5.96,351.15,426.79,720.38,173.63
12949,346.82,Carreta_Bau,28.0,14.13,414.44,517.41,2588.91,1076.59
12950,113.53,Truck,14.0,6.47,389.62,333.91,702.22,186.51
12951,69.54,VUC,3.0,2.19,168.96,148.64,230.73,47.53
12952,109.02,3/4,4.0,1.85,245.49,243.03,376.76,86.52
12953,59.6,3/4,4.0,3.25,139.7,153.21,234.53,57.78
12954,278.36,Carreta_Bau,28.0,18.52,373.31,445.49,2180.86,882.16
12955,71.88,3/4,4.0,1.28,194.69,190.28,251.39,64.31
12956,14.82,Toco,6.0,3.02,46.69,21.27,95.33,19.91
12957,73.29,Toco,6.0,5.3,236.38,208.22,349.52,80.36
12958,22.94,VUC,3.0,1.86,67.94,45.6,84.09,4.61
12959,83.79,Toco,6.0,4.52,203.33,234.91,395.25,92.95
12960,250.17,Carreta_Bau,28.0,21.09,358.19,389.36,2025.09,800.13
12961,326.46,Carreta_Bau,28.0,15.68,520.86,495.67,2469.52,1025.9
12962,517.23,Carreta_Bau,28.0,11.23,646.23,690.77,3715.35,1616.32
12963,26.29,VUC,3.0,1.97,79.69,58.37,97.99,16.8
12964,48.77,VUC,3.0,0.74,104.16,123.61,138.13,25.92
12965,48.34,3/4,4.0,2.63,116.92,116.35,197.34,40.7
12966,28.47,Toco,6.0,1.42,73.98,102.01,140.23,27.77
12967,36.92,Truck,14.0,12.83,130.06,146.78,370.11,63.42
12968,20.89,VUC,3.0,2.35,63.88,54.8,96.9,10.61
12969,55.88,Toco,6.0,1.82,164.78,149.69,253.7,56.18
12970,87.09,Toco,6.0,4.9,214.54,252.94,415.1,87.74
12971,32.81,Toco,6.0,4.6,94.66,113.44,193.98,47.07
12972,279.75,Carreta_Sider,28.0,21.54,418.94,472.99,2290.69,919.62
12973,50.23,Truck,14.0,6.09,141.41,142.05,351.81,75.78
12974,339.82,Carreta_Bau,28.0,16.64,446.57,497.81,2582.43,1076.43
12975,82.43,VUC,3.0,1.94,150.79,175.82,251.7,54.02
12976,485.68,Carreta_Bau,28.0,13.17,594.66,672.83,3524.41,1525.87
12977,300.35,Carreta_Bau,28.0,17.54,385.52,444.22,2325.42,953.77
12978,426.98,Carreta_Sider,28.0,10.01,485.02,599.25,3167.43,1379.32
12979,328.18,Carreta_Sider,28.0,25.02,514.8,512.03,2693.51,1083.87
12980,365.81,Carreta_Bau,28.0,27.06,474.25,518.21,2918.43,1181.15
12981,45.18,VUC,3.0,1.28,106.23,77.2,142.67,20.83
12982,79.64,3/4,4.0,1.76,144.49,191.27,293.62,65.5
12983,44.62,Truck,14.0,4.67,139.11,186.7,319.82,75.26
12984,44.06,VUC,3.0,2.66,98.32,105.69,157.41,24.29
12985,18.31,3/4,4.0,1.16,44.33,51.03,84.75,26.43
12986,15.37,Truck,14.0,11.61,49.53,81.2,239.44,25.58
12987,59.65,3/4,4.0,3.43,132.01,157.93,235.47,42.38
12988,79.29,3/4,4.0,1.68,157.82,190.25,280.93,70.18
12989,16.32,Truck,14.0,11.34,78.89,68.04,237.59,38.14
12990,86.82,Toco,6.0,3.21,210.88,210.98,389.71,82.91
12991,491.31,Carreta_Bau,28.0,12.49,562.87,684.0,3561.28,1542.17
12992,95.3,VUC,3.0,2.73,210.75,202.61,308.85,57.37
12993,36.66,VUC,3.0,1.61,84.85,94.77,119.62,23.19
12994,42.7,VUC,3.0,0.59,91.05,114.62,127.97,20.24
12995,85.4,Toco,6.0,4.14,232.41,225.96,396.9,97.65
12996,85.56,3/4,4.0,2.84,190.02,186.35,321.38,71.56
12997,477.9,Carreta_Bau,28.0,19.3,534.5,660.6,3568.18,1523.68
12998,51.76,VUC,3.0,1.37,111.36,116.73,160.88,27.82
12999,306.52,Carreta_Sider,28.0,20.35,424.39,487.07,2466.47,1006.61
13000,29.19,3/4,4.0,1.59,87.57,72.75,126.08,12.94
13001,352.87,Carreta_Sider,28.0,15.25,499.04,520.13,2715.99,1160.85
13002,19.65,VUC,3.0,1.0,63.91,47.43,64.52,22.02
13003,28.71,VUC,3.0,2.01,70.25,77.33,103.99,29.41
13004,286.27,Carreta_Bau,28.0,23.49,425.92,461.1,2317.04,924.74
13005,75.04,VUC,3.0,0.7,150.81,198.86,213.24,44.22
13006,205.89,Truck,14.0,2.42,583.95,622.97,1139.61,328.46
13007,33.54,3/4,4.0,3.19,82.13,89.8,152.36,30.28
13008,67.21,Toco,6.0,2.55,176.33,174.29,317.67,74.24
13009,21.76,3/4,4.0,1.7,64.16,55.62,90.11,12.82
13010,123.05,Truck,14.0,8.82,402.63,353.2,784.71,196.04
13011,47.54,Toco,6.0,3.38,136.15,138.58,235.69,44.92
13012,496.68,Carreta_Sider,28.0,7.09,615.68,675.99,3624.98,1586.18
13013,360.15,Carreta_Bau,28.0,22.3,468.92,516.5,2799.98,1149.35
13014,466.23,Carreta_Sider,28.0,8.4,650.33,640.65,3427.34,1492.8
13015,36.04,Truck,14.0,11.93,141.52,145.4,366.51,61.11
13016,218.59,Truck,14.0,11.2,695.47,638.51,1333.13,355.04
13017,213.15,Toco,6.0,1.75,620.81,522.22,896.21,223.45
13018,49.83,Toco,6.0,4.77,117.81,156.01,261.8,51.02
13019,55.87,3/4,4.0,2.85,133.39,157.64,224.31,51.87
13020,94.18,3/4,4.0,3.94,243.42,220.49,358.91,82.78
13021,85.89,Toco,6.0,4.53,206.5,220.83,389.2,95.96
13022,237.71,Carreta_Sider,28.0,13.49,311.67,378.77,1881.93,765.76
13023,67.32,VUC,3.0,2.03,159.34,155.01,213.75,43.64
13024,17.99,3/4,4.0,2.85,56.74,69.63,99.87,11.51
13025,87.63,3/4,4.0,3.14,257.75,214.07,335.85,71.54
13026,85.23,Toco,6.0,3.29,215.41,210.27,379.21,94.28
13027,84.69,VUC,3.0,2.56,202.04,202.21,285.38,51.96
13028,193.19,Truck,14.0,5.51,588.97,562.57,1114.09,311.92
13029,47.59,3/4,4.0,3.88,124.51,120.63,196.5,39.95
13030,19.53,Truck,14.0,5.79,108.54,86.85,178.6,25.75
13031,306.64,Carreta_Bau,28.0,5.09,490.53,466.12,2176.55,942.57
13032,72.65,VUC,3.0,0.96,153.74,145.52,223.88,43.1
13033,39.35,VUC,3.0,2.81,102.55,75.79,140.36,23.86
13034,35.36,Toco,6.0,4.93,107.36,107.69,198.48,29.94
13035,492.9,Carreta_Sider,28.0,14.66,783.44,692.91,3692.17,1597.76
13036,467.33,Carreta_Sider,28.0,25.74,651.61,689.19,3683.86,1557.85
13037,39.56,Truck,14.0,5.03,129.76,153.55,287.37,66.04
13038,54.88,Toco,6.0,2.09,175.89,146.75,238.92,56.83
13039,34.35,VUC,3.0,0.78,78.04,87.42,101.08,15.73
13040,305.42,Carreta_Sider,28.0,14.73,453.35,478.7,2378.67,992.94
13041,66.78,3/4,4.0,2.35,159.24,172.58,247.56,61.53
13042,243.22,Carreta_Sider,28.0,7.65,437.92,368.62,1841.72,786.29
13043,354.97,Carreta_Bau,28.0,6.93,552.33,516.13,2542.06,1096.12
13044,62.94,VUC,3.0,1.45,131.58,130.25,206.4,34.85
13045,355.21,Carreta_Bau,28.0,9.74,446.33,519.94,2586.03,1108.41
13046,385.6,Carreta_Bau,28.0,17.87,610.32,539.74,2918.41,1222.91
13047,50.31,3/4,4.0,2.38,121.39,129.07,199.94,42.78
13048,322.63,Carreta_Sider,28.0,8.07,419.09,481.11,2407.13,1030.68
13049,106.37,3/4,4.0,0.65,284.08,281.28,361.63,81.53
13050,8.91,3/4,4.0,2.79,33.69,24.11,70.1,10.98
13051,127.32,VUC,3.0,2.42,227.52,260.99,391.5,87.24
13052,89.23,3/4,4.0,2.26,220.92,235.05,319.43,73.85
13053,508.85,Carreta_Sider,28.0,17.9,660.81,727.84,3843.21,1672.91
13054,412.15,Carreta_Sider,28.0,27.09,544.56,616.49,3319.27,1374.82
13055,41.46,Toco,6.0,4.82,116.97,115.93,237.08,44.76
13056,44.9,VUC,3.0,1.3,107.59,88.1,137.31,22.65
13057,45.5,Truck,14.0,12.22,120.54,152.94,406.01,67.15
13058,37.22,VUC,3.0,1.85,91.1,81.34,125.02,21.37
13059,65.39,VUC,3.0,1.78,151.52,136.71,213.77,43.83
13060,5.27,Toco,6.0,4.43,9.61,26.4,63.98,17.45
13061,83.49,3/4,4.0,2.06,217.85,193.21,299.98,70.92
13062,13.32,3/4,4.0,3.59,43.23,60.0,80.05,14.47
13063,94.97,Toco,6.0,1.75,266.49,231.65,411.96,97.33
13064,498.0,Carreta_Bau,28.0,14.24,586.81,685.94,3625.66,1566.29
13065,61.16,VUC,3.0,0.62,106.08,140.86,180.71,38.78
13066,10.03,VUC,3.0,2.25,24.93,32.52,52.76,1.77
13067,55.18,VUC,3.0,1.14,160.1,134.53,176.0,41.68
13068,34.15,Toco,6.0,3.07,96.43,109.22,183.97,36.29
13069,239.3,Carreta_Bau,28.0,25.3,391.05,397.59,2030.01,774.96
13070,90.73,VUC,3.0,0.93,167.67,213.38,273.89,57.35
13071,72.75,VUC,3.0,0.46,112.48,126.41,223.56,43.86
13072,322.35,Carreta_Bau,28.0,17.96,505.49,513.42,2472.48,1017.1
13073,231.83,Carreta_Bau,28.0,14.61,378.58,391.22,1811.24,727.47
13074,481.3,Carreta_Bau,28.0,5.51,549.8,676.38,3407.67,1492.62
13075,217.29,Toco,6.0,2.41,450.2,539.19,898.96,229.16
13076,389.87,Carreta_Bau,28.0,9.89,614.08,552.49,2820.69,1217.64
13077,50.14,Truck,14.0,5.2,142.66,169.29,335.62,79.43
13078,43.11,Toco,6.0,4.93,117.12,121.73,237.21,50.44
13079,94.62,VUC,3.0,1.23,237.05,208.78,293.55,61.14
13080,64.73,Toco,6.0,3.4,186.35,182.26,307.87,63.61
13081,50.77,Toco,6.0,2.25,164.1,126.67,233.3,55.34
13082,40.21,Toco,6.0,5.75,123.27,131.01,237.44,55.48
13083,169.4,VUC,3.0,2.42,339.47,369.72,508.14,111.65
13084,139.73,Truck,14.0,7.14,375.93,406.43,847.82,232.16
13085,161.14,Truck,14.0,10.75,461.42,460.94,1014.1,267.82
13086,33.54,3/4,4.0,1.67,81.35,91.94,144.08,32.13
13087,68.19,Truck,14.0,3.08,243.08,201.87,416.23,105.57
13088,57.5,3/4,4.0,2.06,113.72,147.72,218.55,48.0
13089,81.18,VUC,3.0,1.89,167.81,168.49,266.02,56.63
13090,320.02,Carreta_Bau,28.0,12.51,456.61,495.39,2369.76,1000.48
13091,453.93,Carreta_Bau,28.0,13.76,554.05,620.18,3317.13,1430.67
13092,519.69,Carreta_Sider,28.0,21.2,603.71,720.2,3978.9,1706.37
13093,359.64,Carreta_Bau,28.0,25.51,562.81,535.74,2849.47,1157.16
13094,321.78,Carreta_Sider,28.0,25.48,512.26,482.1,2659.48,1067.66
13095,54.37,3/4,4.0,2.56,106.99,125.28,218.57,59.49
13096,56.99,VUC,3.0,2.06,158.44,106.95,182.3,34.84
13097,47.44,3/4,4.0,2.41,118.92,124.87,191.65,42.41
13098,73.4,Truck,14.0,6.52,211.55,244.26,477.77,109.26
13099,41.76,3/4,4.0,3.11,103.88,103.84,167.91,30.0
13100,81.53,VUC,3.0,0.73,152.37,197.07,242.49,52.82
13101,429.43,Carreta_Bau,28.0,25.48,511.33,603.72,3327.18,1379.96
13102,33.76,VUC,3.0,1.17,62.22,75.34,119.84,20.2
13103,122.09,3/4,4.0,1.34,279.55,299.35,439.74,100.5
13104,438.99,Carreta_Sider,28.0,10.72,506.12,635.51,3255.98,1413.66
13105,417.31,Carreta_Bau,28.0,23.52,625.25,605.62,3202.85,1328.39
13106,320.06,Carreta_Bau,28.0,10.6,474.41,487.96,2346.91,997.92
13107,67.03,VUC,3.0,2.0,151.46,149.95,208.22,42.12
13108,104.77,3/4,4.0,1.77,255.67,252.92,373.72,93.52
13109,85.26,3/4,4.0,2.83,196.55,196.66,317.04,77.06
13110,180.93,Truck,14.0,9.14,609.2,559.78,1085.56,282.92
13111,73.99,VUC,3.0,2.99,158.84,159.43,256.18,44.94
13112,35.18,3/4,4.0,1.66,80.66,91.13,142.39,38.58
13113,252.13,Carreta_Sider,28.0,12.53,406.55,409.87,1979.57,820.06
13114,495.02,Carreta_Sider,28.0,8.93,620.24,699.07,3618.6,1591.61
13115,68.28,Toco,6.0,3.27,216.64,196.76,325.51,71.52
13116,366.36,Carreta_Sider,28.0,24.13,500.57,517.46,2947.51,1217.41
13117,22.84,3/4,4.0,1.32,64.12,91.21,90.66,11.52
13118,311.79,Carreta_Sider,28.0,27.08,392.19,517.26,2610.82,1036.3
13119,9.29,3/4,4.0,0.64,29.72,53.48,36.66,9.42
13120,76.02,3/4,4.0,3.34,194.07,188.15,292.76,68.5
13121,77.53,VUC,3.0,2.21,145.13,189.83,252.02,51.28
13122,6.09,3/4,4.0,3.68,9.75,34.82,50.67,7.24
13123,90.25,Toco,6.0,3.56,238.81,245.13,419.35,98.96
13124,44.58,VUC,3.0,2.19,139.4,114.57,154.29,27.27
13125,86.38,Toco,6.0,1.15,193.9,237.89,366.6,98.45
13126,75.72,VUC,3.0,1.46,159.15,182.43,238.77,57.57
13127,85.96,Toco,6.0,4.83,227.32,202.12,410.0,94.36
13128,79.84,3/4,4.0,0.97,216.15,191.53,277.55,60.55
13129,302.58,Carreta_Sider,28.0,22.82,431.1,461.41,2473.25,998.56
13130,426.49,Carreta_Sider,28.0,11.54,538.86,624.64,3193.07,1377.1
13131,92.63,Truck,14.0,6.3,300.48,271.75,574.03,139.26
13132,232.54,Carreta_Sider,28.0,19.61,372.85,387.99,1933.6,769.97
13133,61.25,VUC,3.0,0.65,129.45,151.0,174.32,35.28
13134,24.68,VUC,3.0,2.04,71.64,82.2,96.56,11.79
13135,135.17,VUC,3.0,2.78,248.44,303.34,415.9,86.77
13136,382.74,Carreta_Sider,28.0,6.43,562.16,565.31,2797.45,1219.88
13137,234.83,Carreta_Bau,28.0,10.22,407.3,357.38,1761.05,732.2
13138,39.45,3/4,4.0,0.65,111.66,88.67,142.63,36.61
13139,233.38,Carreta_Sider,28.0,16.53,367.37,370.56,1896.19,767.56
13140,72.42,VUC,3.0,2.31,143.75,147.18,219.82,50.93
13141,18.28,Toco,6.0,5.62,48.69,69.37,138.84,15.56
13142,88.62,3/4,4.0,1.85,206.21,226.96,320.17,74.14
13143,288.25,Carreta_Sider,28.0,7.74,406.31,458.57,2164.45,923.57
13144,22.68,VUC,3.0,0.52,58.14,32.82,77.85,15.74
13145,198.16,Toco,6.0,2.56,493.36,504.68,832.15,215.84
13146,486.72,Carreta_Bau,28.0,16.39,565.54,666.66,3587.45,1537.02
13147,454.96,Carreta_Bau,28.0,25.64,629.67,612.74,3503.98,1463.44
13148,516.21,Carreta_Sider,28.0,9.35,671.05,726.79,3765.12,1663.19
13149,504.93,Carreta_Sider,28.0,22.79,591.99,728.47,3913.74,1667.54
13150,83.71,Toco,6.0,3.35,242.44,216.93,383.64,95.62
13151,48.02,3/4,4.0,3.55,108.11,119.79,203.58,45.54
13152,80.5,VUC,3.0,2.65,177.79,180.83,259.3,59.82
13153,91.2,Toco,6.0,5.27,238.36,251.27,436.31,101.9
13154,42.42,VUC,3.0,1.47,113.38,90.75,137.93,34.29
13155,67.39,Truck,14.0,6.22,208.08,202.25,445.7,107.8
13156,24.63,3/4,4.0,1.3,82.71,55.23,94.76,22.32
13157,76.87,Toco,6.0,2.06,224.9,228.49,338.84,86.2
13158,78.61,Truck,14.0,9.43,231.16,265.73,544.56,124.17
13159,228.64,Carreta_Sider,28.0,27.09,392.11,381.32,2017.19,760.06
13160,30.87,VUC,3.0,2.0,80.84,64.01,112.35,16.57
13161,256.75,Carreta_Sider,28.0,14.01,437.99,399.18,2028.4,832.75
13162,391.76,Carreta_Sider,28.0,9.97,609.64,548.17,2911.38,1257.74
13163,6.2,3/4,4.0,2.82,26.23,57.99,49.73,5.83
13164,101.73,VUC,3.0,0.99,209.98,210.81,291.06,63.93
13165,43.24,3/4,4.0,0.92,104.31,122.12,149.02,34.55
13166,517.4,Carreta_Sider,28.0,6.43,782.25,708.92,3746.61,1653.02
13167,19.47,Toco,6.0,5.24,71.58,66.64,149.79,18.1
13168,78.49,3/4,4.0,1.9,223.26,186.39,274.44,61.89
13169,27.76,Truck,14.0,13.29,75.21,116.58,335.52,40.39
13170,89.88,Truck,14.0,8.01,272.67,275.96,589.66,137.95
13171,99.61,Truck,14.0,10.33,345.38,318.41,678.98,160.95
13172,320.88,Carreta_Sider,28.0,23.88,500.02,517.59,2631.49,1065.19
13173,379.2,Carreta_Bau,28.0,25.01,494.15,548.58,2976.87,1217.55
13174,483.51,Carreta_Bau,28.0,8.07,530.96,660.63,3448.24,1500.27
13175,368.76,Carreta_Bau,28.0,9.36,595.81,504.25,2682.35,1145.25
13176,92.43,Truck,14.0,3.89,294.32,274.45,561.29,158.14
13177,348.71,Carreta_Sider,28.0,14.8,569.53,523.69,2677.5,1134.1
13178,86.7,Truck,14.0,3.94,222.4,263.09,509.68,136.46
13179,58.56,3/4,4.0,2.81,140.92,145.38,228.25,44.76
13180,28.34,Toco,6.0,2.75,96.73,96.52,150.64,39.14
13181,222.65,Carreta_Bau,28.0,27.14,362.09,390.09,1925.96,711.57
13182,77.46,VUC,3.0,2.53,152.58,142.7,249.63,46.48
13183,67.85,3/4,4.0,3.06,144.67,170.29,246.34,54.22
13184,92.92,Toco,6.0,4.41,210.04,244.51,440.7,101.7
13185,38.33,VUC,3.0,0.55,53.0,84.1,120.37,25.8
13186,9.35,Truck,14.0,3.1,42.07,69.67,93.43,15.31
13187,346.14,Carreta_Bau,28.0,14.48,490.1,482.06,2590.66,1086.66
13188,413.62,Carreta_Sider,28.0,25.97,662.1,612.73,3312.45,1368.42
13189,94.85,Truck,14.0,3.22,321.78,308.07,560.7,161.21
13190,80.28,VUC,3.0,1.52,145.54,178.49,246.76,52.61
13191,24.16,Toco,6.0,4.95,69.24,67.64,164.97,29.46
13192,70.03,VUC,3.0,1.27,121.26,153.26,206.28,41.14
13193,4.06,VUC,3.0,2.82,8.12,47.03,42.48,1.17
13194,314.13,Carreta_Sider,28.0,26.45,476.51,513.09,2628.69,1051.46
13195,426.35,Carreta_Sider,28.0,5.56,551.33,598.15,3099.61,1347.98
13196,54.76,VUC,3.0,2.02,125.98,147.03,180.46,39.14
13197,37.02,Toco,6.0,1.64,96.31,118.62,165.98,38.27
13198,38.7,VUC,3.0,1.57,78.71,56.69,142.34,26.83
13199,26.25,Toco,6.0,5.48,83.49,85.06,175.79,37.4
13200,124.59,Truck,14.0,2.97,321.56,395.94,705.6,196.97
13201,237.54,Carreta_Bau,28.0,26.51,424.23,394.06,2037.65,752.14
13202,502.92,Carreta_Sider,28.0,27.87,731.39,742.56,3963.85,1673.35
13203,232.46,Carreta_Bau,28.0,20.15,324.11,362.45,1900.54,739.68
13204,359.29,Carreta_Sider,28.0,12.68,511.14,515.23,2732.45,1170.76
13205,315.95,Carreta_Sider,28.0,10.17,398.3,495.57,2398.04,1014.99
13206,29.01,Toco,6.0,3.11,99.25,103.15,157.79,39.15
13207,45.37,Truck,14.0,4.24,137.85,150.88,305.31,61.36
13208,26.58,3/4,4.0,0.67,57.6,86.51,86.23,19.5
13209,46.45,3/4,4.0,0.81,127.33,110.25,164.31,43.74
13210,56.54,3/4,4.0,2.86,164.16,126.69,218.23,53.07
13211,68.71,VUC,3.0,0.5,181.66,158.51,202.23,33.26
13212,493.07,Carreta_Bau,28.0,11.37,725.29,668.18,3548.32,1536.3
13213,164.18,Toco,6.0,4.35,372.61,429.28,723.64,179.2
13214,65.62,3/4,4.0,1.19,146.97,164.24,231.57,51.45
13215,26.02,Toco,6.0,2.59,71.88,78.78,141.36,33.88
13216,222.24,Carreta_Sider,28.0,4.95,303.38,390.37,1654.52,707.55
13217,7.57,VUC,3.0,0.74,25.51,13.37,27.29,-2.46
13218,79.77,VUC,3.0,1.03,162.55,178.24,235.25,52.78
13219,83.38,3/4,4.0,1.03,186.76,199.37,294.63,72.0
13220,93.08,Truck,14.0,7.72,322.89,291.46,613.55,146.19
13221,91.33,Truck,14.0,3.61,291.86,279.12,538.57,142.08
13222,461.51,Carreta_Sider,28.0,11.46,696.01,667.96,3429.39,1485.9
13223,378.14,Carreta_Bau,28.0,21.42,546.24,555.98,2916.72,1213.1
13224,325.8,Carreta_Sider,28.0,19.76,531.38,493.07,2594.53,1069.28
13225,61.68,Toco,6.0,2.85,169.79,156.67,274.21,55.56
13226,262.83,Carreta_Bau,28.0,26.36,465.33,414.38,2204.52,840.9
13227,269.81,Carreta_Sider,28.0,22.94,446.88,428.6,2239.33,895.26
13228,85.38,Truck,14.0,9.33,275.05,276.88,575.44,138.25
13229,492.34,Carreta_Bau,28.0,14.6,744.39,673.76,3584.58,1542.48
13230,44.77,VUC,3.0,0.6,97.03,109.61,135.02,26.2
13231,75.65,Toco,6.0,3.01,171.55,186.12,337.8,86.73
13232,90.94,Truck,14.0,8.59,271.8,277.65,595.51,159.86
13233,76.46,VUC,3.0,2.98,123.22,177.55,253.97,49.94
13234,41.83,3/4,4.0,3.84,88.51,125.19,184.89,38.72
13235,38.38,Truck,14.0,3.44,144.05,110.32,262.95,61.03
13236,30.53,VUC,3.0,2.95,67.8,98.55,115.51,21.14
13237,380.21,Carreta_Sider,28.0,22.16,442.67,589.47,3014.86,1249.91
13238,37.4,3/4,4.0,2.92,89.71,114.27,164.64,39.24
13239,78.67,Truck,14.0,12.85,235.3,270.2,590.05,128.85
13240,67.84,VUC,3.0,1.28,136.11,146.52,204.08,37.64
13241,489.87,Carreta_Bau,28.0,13.7,614.23,659.9,3569.51,1534.12
13242,26.74,VUC,3.0,2.67,60.81,69.79,106.38,20.79
13243,508.18,Carreta_Sider,28.0,6.67,649.88,707.23,3692.05,1620.15
13244,68.75,Truck,14.0,10.54,223.03,213.66,512.61,121.12
13245,38.52,3/4,4.0,3.35,91.81,111.11,176.13,36.37
13246,54.76,Truck,14.0,12.63,162.19,205.5,467.36,95.51
13247,37.7,Toco,6.0,2.02,107.48,124.18,179.56,38.29
13248,327.48,Carreta_Bau,28.0,20.37,505.92,492.73,2550.25,1039.3
13249,354.2,Carreta_Bau,28.0,6.24,527.38,473.11,2520.57,1094.92
13250,51.47,3/4,4.0,3.53,119.04,110.26,216.95,38.5
13251,373.96,Carreta_Sider,28.0,15.67,447.69,552.9,2867.34,1219.89
13252,70.41,3/4,4.0,2.72,139.38,182.13,259.53,64.68
13253,70.53,3/4,4.0,3.49,176.21,154.13,265.71,57.4
13254,72.54,VUC,3.0,1.74,182.59,163.12,216.56,49.99
13255,39.58,3/4,4.0,2.33,114.61,114.34,145.33,34.86
13256,451.65,Carreta_Sider,28.0,15.26,692.77,644.51,3407.68,1474.8
13257,66.84,Toco,6.0,3.96,190.97,175.93,316.75,81.18
13258,25.72,Truck,14.0,10.64,80.44,82.14,290.94,46.4
13259,47.45,Truck,14.0,11.68,134.13,175.23,415.29,78.44
13260,57.06,Truck,14.0,2.45,193.73,173.08,348.24,97.13
13261,66.47,VUC,3.0,1.34,159.37,172.09,213.41,42.55
13262,375.11,Carreta_Bau,28.0,14.49,466.88,542.46,2769.9,1178.28
13263,86.99,3/4,4.0,0.94,230.81,213.8,306.88,69.29
13264,31.73,3/4,4.0,3.16,99.67,99.29,145.26,27.74
13265,80.92,VUC,3.0,1.78,189.36,173.88,256.22,56.98
13266,32.31,3/4,4.0,0.61,90.38,93.61,106.38,21.58
13267,54.22,Truck,14.0,9.61,165.49,172.0,418.54,83.0
13268,143.73,Truck,14.0,6.13,412.55,415.21,848.8,226.96
13269,495.53,Carreta_Bau,28.0,21.5,637.16,673.94,3710.56,1586.11
13270,79.36,Toco,6.0,1.82,175.75,206.71,360.86,86.84
13271,375.9,Carreta_Bau,28.0,4.23,428.21,559.21,2650.87,1164.26
13272,69.81,Toco,6.0,1.34,176.18,177.16,308.16,71.69
13273,464.71,Carreta_Bau,28.0,14.68,546.44,651.83,3409.55,1455.84
13274,275.51,Carreta_Sider,28.0,22.0,417.21,442.38,2265.29,916.55
13275,296.75,Carreta_Bau,28.0,18.57,497.6,438.68,2308.98,937.43
13276,387.76,Carreta_Bau,28.0,4.56,589.77,555.4,2740.21,1197.6
13277,82.52,VUC,3.0,1.96,179.58,175.35,259.93,46.5
13278,78.15,3/4,4.0,2.24,188.94,183.69,290.44,67.14
13279,29.15,VUC,3.0,2.48,79.8,88.56,122.38,18.15
13280,94.36,Toco,6.0,2.21,288.65,246.94,416.73,94.15
13281,424.97,Carreta_Bau,28.0,21.31,664.72,608.46,3236.92,1364.81
13282,89.27,Toco,6.0,4.12,249.09,239.33,418.64,93.15
13283,43.15,3/4,4.0,2.72,115.31,111.31,185.21,32.15
13284,8.3,VUC,3.0,1.48,33.39,11.42,36.7,2.03
13285,31.62,Toco,6.0,0.97,68.04,108.01,133.5,22.63
13286,128.34,Truck,14.0,4.33,309.18,385.09,746.03,204.9
13287,268.12,Carreta_Bau,28.0,24.29,379.42,440.02,2195.86,857.06
13288,80.09,3/4,4.0,2.7,145.64,196.23,293.55,73.3
13289,90.53,Toco,6.0,3.85,259.06,257.36,414.85,100.3
13290,79.68,Toco,6.0,3.58,182.12,217.88,363.45,80.32
13291,40.1,Toco,6.0,1.29,145.76,136.2,185.51,39.38
13292,422.19,Carreta_Sider,28.0,12.47,551.4,594.87,3168.18,1376.21
13293,9.14,VUC,3.0,2.03,33.83,20.96,51.36,1.34
13294,51.1,3/4,4.0,1.03,109.02,154.03,176.76,46.67
13295,38.25,Toco,6.0,5.6,95.11,127.64,218.34,39.01
13296,516.7,Carreta_Bau,28.0,5.93,730.2,719.98,3627.81,1590.95
13297,99.95,3/4,4.0,2.91,244.69,247.45,372.56,82.83
13298,15.19,Truck,14.0,5.68,37.2,64.76,173.91,31.94
13299,13.63,VUC,3.0,2.65,40.57,67.86,69.83,1.56
13300,17.93,3/4,4.0,3.41,57.53,31.74,101.65,18.74
13301,207.54,Truck,14.0,6.07,581.71,614.95,1192.01,342.54
13302,22.73,3/4,4.0,2.17,67.73,31.3,100.46,16.49
13303,72.59,VUC,3.0,2.9,180.68,183.87,247.84,52.6
13304,292.56,Carreta_Bau,28.0,18.67,341.83,435.5,2285.8,932.21
13305,189.75,3/4,4.0,0.62,483.18,432.27,649.72,153.01
13306,38.74,VUC,3.0,2.43,111.12,79.48,146.21,20.44
13307,43.76,3/4,4.0,1.83,115.14,121.57,175.78,36.1
13308,58.45,VUC,3.0,1.15,130.6,129.89,180.52,37.61
13309,91.37,3/4,4.0,3.43,243.55,239.6,346.85,76.93
13310,72.84,3/4,4.0,3.89,153.9,170.29,287.04,66.04
13311,106.44,3/4,4.0,0.81,279.55,235.19,371.49,84.47
13312,324.31,Carreta_Bau,28.0,13.49,516.28,473.85,2423.24,1013.18
13313,62.76,VUC,3.0,1.16,153.14,164.25,194.97,39.83
13314,71.69,VUC,3.0,2.74,166.81,175.41,241.91,48.03
13315,69.46,Toco,6.0,5.33,211.58,208.47,336.08,83.38
13316,66.81,VUC,3.0,2.75,159.35,143.1,209.29,45.97
13317,370.99,Carreta_Bau,28.0,5.22,582.34,507.16,2632.84,1147.72
13318,49.17,VUC,3.0,0.58,111.07,132.99,152.78,29.11
13319,55.58,VUC,3.0,1.86,122.05,107.81,181.37,34.05
13320,46.0,VUC,3.0,0.88,100.9,106.86,134.32,25.84
13321,39.94,3/4,4.0,0.98,110.59,94.89,152.95,34.15
13322,28.64,Toco,6.0,2.23,108.12,90.66,157.27,31.47
13323,271.83,Carreta_Sider,28.0,21.08,440.12,416.16,2228.81,895.43
13324,252.2,Carreta_Bau,28.0,20.19,403.11,417.19,2027.21,801.48
13325,36.32,3/4,4.0,3.27,95.84,117.1,160.04,31.03
13326,513.88,Carreta_Sider,28.0,5.69,702.1,723.44,3719.81,1646.74
13327,43.0,VUC,3.0,2.4,85.04,86.14,157.38,29.31
13328,297.95,Carreta_Sider,28.0,15.88,458.65,470.84,2341.75,973.4
13329,56.72,VUC,3.0,1.25,119.28,126.6,174.49,38.39
13330,49.49,Toco,6.0,4.01,161.82,142.15,246.08,53.18
13331,434.18,Carreta_Bau,28.0,23.23,585.98,641.51,3315.71,1392.85
13332,13.82,VUC,3.0,0.71,23.76,34.6,57.77,8.79
13333,34.94,VUC,3.0,2.51,101.93,94.8,131.9,16.5
13334,38.23,VUC,3.0,1.9,85.8,67.13,129.9,21.7
13335,68.33,Toco,6.0,4.06,180.07,189.37,327.53,84.63
13336,34.29,Toco,6.0,5.38,101.04,119.19,204.53,43.78
13337,4.72,VUC,3.0,2.26,22.45,21.04,27.44,1.56
13338,217.05,Toco,6.0,3.88,632.75,561.18,917.73,240.12
13339,11.67,VUC,3.0,1.31,27.27,25.34,47.28,8.52
13340,49.23,Toco,6.0,3.5,116.46,134.56,241.34,62.21
13341,21.15,VUC,3.0,2.58,46.29,55.19,89.23,13.14
13342,447.83,Carreta_Bau,28.0,27.9,625.5,632.27,3504.39,1448.66
13343,49.01,3/4,4.0,3.17,117.49,138.58,199.36,38.11
13344,56.25,Toco,6.0,4.93,144.42,174.85,283.59,61.3
13345,88.94,VUC,3.0,2.23,157.44,204.83,278.95,43.9
13346,445.07,Carreta_Sider,28.0,22.45,643.22,610.75,3467.98,1470.71
13347,208.77,Toco,6.0,2.14,455.27,526.4,874.42,228.92
13348,63.66,VUC,3.0,1.53,152.75,155.21,194.33,49.14
13349,373.74,Carreta_Sider,28.0,17.43,610.82,553.7,2898.79,1223.66
13350,6.82,VUC,3.0,1.85,37.43,24.01,39.26,2.56
13351,38.65,3/4,4.0,2.63,88.02,115.65,159.4,28.84
13352,76.2,3/4,4.0,3.91,183.49,200.8,305.12,63.77
13353,27.71,3/4,4.0,3.51,59.94,87.38,138.62,15.93
13354,88.17,Truck,14.0,11.95,276.61,257.07,649.79,145.18
13355,52.14,3/4,4.0,3.42,133.42,117.49,219.14,38.82
13356,12.41,VUC,3.0,2.47,38.82,44.57,61.57,5.09
13357,25.99,3/4,4.0,2.91,77.44,45.56,116.99,21.22
13358,86.47,Toco,6.0,2.21,198.56,254.23,381.12,94.45
13359,384.86,Carreta_Sider,28.0,24.57,491.83,579.68,3095.35,1267.88
13360,283.11,Carreta_Sider,28.0,10.86,390.34,431.84,2168.51,910.83
13361,94.22,Truck,14.0,10.73,295.27,285.98,647.15,159.14
13362,82.53,VUC,3.0,0.73,195.82,198.46,247.82,58.91
13363,33.18,VUC,3.0,1.85,51.88,63.53,117.0,20.96
13364,73.96,VUC,3.0,1.26,199.54,137.42,232.44,58.0
13365,24.22,3/4,4.0,3.0,39.76,56.92,118.16,24.26
13366,38.99,VUC,3.0,2.63,120.13,97.82,142.43,25.75
13367,423.86,Carreta_Sider,28.0,4.57,544.29,623.99,3064.32,1354.45
13368,225.43,Carreta_Sider,28.0,6.92,370.4,386.65,1708.05,718.1
13369,67.44,3/4,4.0,3.75,156.25,161.29,260.75,53.17
13370,92.17,Toco,6.0,2.12,268.8,249.13,401.54,103.47
13371,300.82,Carreta_Sider,28.0,21.59,382.22,479.79,2443.15,994.08
13372,43.97,3/4,4.0,3.36,122.34,118.07,182.59,43.09
13373,515.81,Carreta_Bau,28.0,21.83,670.88,682.85,3866.75,1651.92
13374,49.12,Truck,14.0,2.48,171.63,155.8,304.43,88.49
13375,24.04,3/4,4.0,3.1,73.67,81.57,101.2,13.37
13376,40.69,Toco,6.0,5.8,137.34,148.34,235.18,43.43
13377,9.73,VUC,3.0,1.39,36.59,38.33,41.37,4.76
13378,170.94,3/4,4.0,3.01,375.22,411.85,616.01,152.33
13379,82.13,Toco,6.0,2.31,180.1,233.08,354.31,90.09
13380,157.81,Truck,14.0,13.97,397.07,468.41,1050.6,270.12
13381,6.12,3/4,4.0,1.31,36.51,10.65,42.67,6.53
13382,155.43,Toco,6.0,2.46,412.74,416.27,659.12,167.12
13383,519.2,Carreta_Sider,28.0,8.2,756.8,743.46,3788.2,1667.62
13384,66.2,Toco,6.0,5.77,189.18,178.78,335.25,74.83
13385,28.86,Truck,14.0,8.9,84.13,126.49,278.98,49.29
13386,162.96,Truck,14.0,5.04,480.31,480.97,938.82,266.3
13387,47.33,VUC,3.0,0.79,112.75,90.12,144.36,31.98
13388,175.85,3/4,4.0,3.57,443.78,408.58,623.76,156.83
13389,29.62,Truck,14.0,2.85,110.96,98.32,208.95,47.63
13390,40.41,3/4,4.0,2.79,103.46,112.79,169.14,35.37
13391,53.76,Toco,6.0,4.01,115.22,158.22,264.17,53.71
13392,390.28,Carreta_Bau,28.0,22.57,448.37,557.94,3013.03,1252.84
13393,417.79,Carreta_Sider,28.0,20.43,613.34,593.22,3248.96,1382.21
13394,62.32,3/4,4.0,3.44,149.92,149.36,251.0,44.73
13395,319.0,Carreta_Bau,28.0,5.11,384.81,487.44,2267.47,986.81
13396,512.63,Carreta_Bau,28.0,14.44,601.34,681.64,3735.58,1611.17
13397,89.57,Truck,14.0,3.06,233.08,283.25,528.59,142.45
13398,34.23,VUC,3.0,1.48,102.15,91.43,111.73,24.99
13399,111.54,Toco,6.0,3.76,236.12,286.24,502.04,121.37
13400,358.85,Carreta_Sider,28.0,18.33,502.02,527.68,2808.44,1176.74
13401,57.22,Toco,6.0,5.62,163.27,170.87,294.33,61.66
13402,352.75,Carreta_Bau,28.0,26.14,548.61,527.88,2822.35,1143.68
13403,86.06,Truck,14.0,5.79,291.21,258.72,525.74,138.18
13404,231.53,Carreta_Sider,28.0,20.84,328.98,398.85,1953.72,758.08
13405,477.26,Carreta_Sider,28.0,21.16,540.05,705.36,3682.91,1573.27
13406,329.97,Carreta_Bau,28.0,26.98,480.52,520.5,2677.67,1060.42
13407,30.41,VUC,3.0,0.66,74.14,76.47,105.05,20.28
13408,82.72,3/4,4.0,2.7,195.05,153.13,305.97,78.81
13409,91.14,3/4,4.0,1.98,230.66,215.24,326.49,76.73
13410,81.12,VUC,3.0,1.34,221.39,165.03,248.89,44.87
13411,199.69,Toco,6.0,4.05,449.85,507.34,851.34,216.09
13412,55.86,VUC,3.0,1.16,128.1,122.28,170.88,39.5
13413,69.71,Toco,6.0,1.08,188.62,184.97,296.4,74.52
13414,47.78,Toco,6.0,4.87,135.26,153.81,245.79,56.12
13415,58.35,Truck,14.0,3.13,181.75,183.19,358.19,90.27
13416,92.68,VUC,3.0,1.29,227.74,198.94,284.17,56.88
13417,132.55,Truck,14.0,9.18,364.4,405.03,839.88,220.84
13418,140.53,3/4,4.0,2.72,380.54,314.0,501.49,127.99
13419,26.85,Toco,6.0,4.3,97.92,82.22,162.14,27.47
13420,476.36,Carreta_Sider,28.0,27.87,748.99,670.74,3781.6,1590.34
13421,201.38,Toco,6.0,2.95,550.47,522.11,841.13,223.19
13422,76.12,3/4,4.0,1.07,191.22,187.82,262.58,64.08
13423,480.48,Carreta_Bau,28.0,7.48,555.94,682.67,3418.5,1492.14
13424,50.07,Truck,14.0,8.17,162.27,145.16,388.32,78.18
13425,20.1,3/4,4.0,1.9,56.3,74.39,84.54,16.97
13426,62.56,3/4,4.0,3.7,128.28,131.98,260.12,51.04
13427,76.11,Toco,6.0,3.51,200.06,193.01,343.96,74.29
13428,146.05,Truck,14.0,7.48,473.09,404.13,881.49,233.73
13429,513.17,Carreta_Sider,28.0,24.72,795.78,730.33,3992.03,1704.35
13430,449.17,Carreta_Sider,28.0,23.15,648.4,655.71,3515.12,1487.83
13431,55.76,Toco,6.0,4.54,133.15,153.48,277.25,65.05
13432,80.21,Toco,6.0,3.59,213.09,186.47,370.14,89.79
13433,144.4,Toco,6.0,2.1,313.68,365.66,617.32,153.69
13434,37.29,3/4,4.0,2.53,104.18,101.27,145.19,22.57
13435,87.15,Truck,14.0,3.48,235.57,253.93,520.24,134.03
13436,63.0,3/4,4.0,2.43,170.43,156.06,245.92,59.07
13437,77.09,3/4,4.0,3.49,178.29,203.73,296.35,62.31
13438,28.84,Toco,6.0,3.53,88.88,83.12,157.0,30.98
13439,44.6,3/4,4.0,0.83,112.03,99.23,155.74,37.34
13440,86.78,Truck,14.0,2.47,228.87,263.74,518.82,131.64
13441,8.63,VUC,3.0,2.64,19.69,56.87,64.01,7.29
13442,40.76,VUC,3.0,1.02,84.09,103.19,126.7,33.43
13443,75.01,3/4,4.0,2.39,167.36,161.96,287.11,63.62
13444,71.69,VUC,3.0,2.43,158.52,179.54,228.24,45.26
13445,131.57,3/4,4.0,1.46,291.73,302.15,457.88,104.46
13446,81.5,3/4,4.0,3.11,202.43,194.8,302.47,68.58
13447,436.46,Carreta_Sider,28.0,5.99,573.16,599.69,3166.66,1395.2
13448,128.18,Truck,14.0,11.01,346.73,390.2,833.61,212.05
13449,71.28,VUC,3.0,0.61,162.41,131.07,208.95,42.53
13450,206.43,Toco,6.0,2.31,457.42,509.48,868.58,226.79
13451,435.53,Carreta_Sider,28.0,10.31,614.46,629.48,3234.1,1400.92
13452,90.19,Toco,6.0,5.45,278.67,244.95,431.71,97.72
13453,49.34,VUC,3.0,1.81,112.07,103.71,154.74,32.4
13454,60.81,Toco,6.0,5.2,180.05,168.25,306.1,73.71
13455,480.72,Carreta_Sider,28.0,18.06,587.04,692.73,3671.36,1572.1
13456,421.25,Carreta_Sider,28.0,23.4,589.47,624.61,3328.07,1389.05
13457,473.2,Carreta_Sider,28.0,17.32,677.04,682.5,3606.12,1548.63
13458,332.95,Carreta_Bau,28.0,14.91,525.52,475.34,2517.33,1046.28
13459,81.14,3/4,4.0,2.84,200.49,187.15,300.78,72.14
13460,426.33,Carreta_Sider,28.0,11.02,549.28,637.96,3180.21,1364.41
13461,67.85,Toco,6.0,5.59,213.05,183.02,337.94,75.41
13462,241.28,Carreta_Bau,28.0,25.81,408.94,393.23,2051.74,775.36
13463,13.29,VUC,3.0,0.64,27.28,41.28,52.1,3.55
13464,37.4,VUC,3.0,2.79,106.42,93.64,124.26,18.42
13465,428.72,Carreta_Bau,28.0,8.53,610.79,581.27,3074.35,1330.1
13466,383.89,Carreta_Bau,28.0,20.41,512.95,522.14,2931.81,1216.73
13467,54.29,VUC,3.0,2.55,118.56,120.48,181.21,20.55
13468,72.68,VUC,3.0,1.07,174.81,161.32,215.79,40.15
13469,53.46,VUC,3.0,0.74,104.16,97.21,168.02,27.54
13470,339.3,Carreta_Bau,28.0,22.2,388.94,511.63,2655.18,1084.24
13471,74.76,3/4,4.0,2.1,171.4,187.0,267.08,57.29
13472,80.22,VUC,3.0,1.69,170.28,191.1,242.67,51.41
13473,28.13,Toco,6.0,4.79,97.59,75.15,171.53,26.19
13474,60.06,3/4,4.0,1.46,156.89,154.34,222.0,54.24
13475,54.7,VUC,3.0,0.7,123.34,132.22,173.06,36.26
13476,24.69,Toco,6.0,5.78,70.04,103.69,174.75,25.92
13477,516.73,Carreta_Sider,28.0,20.85,608.85,740.72,3961.25,1701.14
13478,294.66,Carreta_Bau,28.0,19.72,352.84,468.34,2320.38,939.56
13479,358.18,Carreta_Bau,28.0,12.12,502.53,520.02,2643.62,1121.13
13480,48.58,3/4,4.0,3.99,130.87,119.42,216.2,42.93
13481,53.92,VUC,3.0,1.02,144.43,140.88,182.4,23.58
13482,311.71,Carreta_Bau,28.0,8.44,391.18,442.81,2274.21,965.32
13483,205.72,3/4,4.0,1.68,396.79,494.08,711.46,169.05
13484,78.38,3/4,4.0,3.11,178.26,202.23,295.89,72.52
13485,235.41,Carreta_Bau,28.0,9.84,356.89,369.56,1767.43,731.19
13486,510.98,Carreta_Sider,28.0,11.64,559.73,689.16,3787.89,1646.36
13487,261.65,Carreta_Sider,28.0,16.81,447.64,422.02,2089.9,856.79
13488,383.75,Carreta_Bau,28.0,19.67,558.0,547.05,2933.26,1212.18
13489,45.95,3/4,4.0,1.11,115.3,95.48,165.74,37.88
13490,11.36,3/4,4.0,2.83,27.67,34.13,69.67,-0.17
13491,48.34,Truck,14.0,6.63,180.35,174.35,354.36,74.95
13492,80.25,VUC,3.0,1.33,206.64,177.15,240.84,48.76
13493,336.02,Carreta_Sider,28.0,6.08,520.64,495.92,2474.67,1079.54
13494,55.98,VUC,3.0,2.93,106.95,106.8,185.07,36.0
13495,33.02,Toco,6.0,4.43,84.13,99.63,194.0,31.75
13496,473.17,Carreta_Sider,28.0,6.58,757.93,683.65,3446.32,1510.83
13497,417.02,Carreta_Bau,28.0,12.92,555.6,586.95,3052.77,1314.33
13498,129.28,Toco,6.0,1.31,331.07,330.44,544.46,127.25
13499,87.81,Truck,14.0,8.54,262.26,283.79,587.29,147.68
13500,246.06,Carreta_Bau,28.0,20.86,324.89,416.75,2003.04,785.93
13501,18.16,3/4,4.0,0.79,54.15,75.06,70.97,14.48
13502,33.75,Truck,14.0,13.07,117.33,132.67,359.53,54.76
13503,43.78,Toco,6.0,2.81,141.69,104.17,201.21,54.45
13504,397.56,Carreta_Sider,28.0,9.79,526.9,589.51,2963.84,1282.18
13505,163.58,Truck,14.0,3.65,445.15,473.86,922.77,257.31
13506,71.16,3/4,4.0,1.1,181.2,166.22,263.37,59.43
13507,80.05,3/4,4.0,3.49,197.11,181.54,307.37,75.3
13508,308.96,Carreta_Sider,28.0,15.63,414.79,485.06,2421.75,1008.51
13509,230.05,Carreta_Bau,28.0,23.2,403.09,396.89,1933.65,737.85
13510,9.33,VUC,3.0,1.03,20.79,22.35,45.39,-0.61
13511,122.52,Truck,14.0,5.88,376.96,376.21,738.48,210.03
13512,518.79,Carreta_Bau,28.0,14.02,779.42,720.07,3758.03,1633.45
13513,489.98,Carreta_Bau,28.0,15.02,559.23,677.8,3581.87,1551.46
13514,412.7,Carreta_Sider,28.0,6.52,571.1,590.21,3015.91,1319.67
13515,180.44,Truck,14.0,2.64,498.32,523.25,1008.15,288.23
13516,515.12,Carreta_Sider,28.0,27.9,662.78,726.51,4049.33,1716.42
13517,76.08,VUC,3.0,2.15,154.86,180.0,239.22,54.07
13518,69.57,VUC,3.0,0.59,190.32,170.86,187.66,51.13
13519,85.41,VUC,3.0,2.42,171.18,190.52,268.7,60.72
13520,363.09,Carreta_Bau,28.0,12.79,419.73,518.04,2682.32,1149.05
13521,85.94,Toco,6.0,4.96,196.53,239.2,404.08,95.37
13522,505.58,Carreta_Sider,28.0,26.81,569.19,710.41,3970.8,1680.97
13523,74.75,VUC,3.0,0.52,154.27,183.09,221.85,48.11
13524,21.31,3/4,4.0,3.88,65.46,81.09,123.39,22.51
13525,32.56,3/4,4.0,1.16,121.02,94.9,131.01,25.85
13526,89.21,3/4,4.0,1.61,244.25,208.03,320.54,74.7
13527,58.43,Truck,14.0,9.56,176.64,190.01,443.92,97.17
13528,53.03,VUC,3.0,2.28,130.27,97.83,179.12,36.85
13529,113.1,Truck,14.0,4.13,380.87,328.71,677.71,182.53
13530,87.33,3/4,4.0,1.07,178.31,219.76,310.0,73.81
13531,83.55,3/4,4.0,1.57,220.91,190.6,300.87,73.3
13532,70.2,VUC,3.0,1.28,146.32,190.07,222.08,48.48
13533,84.28,3/4,4.0,1.68,193.74,196.18,303.09,68.38
13534,14.36,VUC,3.0,0.89,33.42,28.93,46.56,-0.12
13535,168.73,Truck,14.0,13.65,504.66,508.45,1094.91,277.0
13536,382.83,Carreta_Sider,28.0,23.19,533.57,579.0,3050.93,1268.15
13537,72.94,3/4,4.0,3.93,137.72,198.88,288.95,59.68
13538,91.87,3/4,4.0,0.95,222.26,215.88,324.31,77.73
13539,8.46,3/4,4.0,0.86,25.0,21.8,28.71,6.74
13540,24.3,VUC,3.0,1.82,52.02,54.78,86.41,15.95
13541,480.55,Carreta_Bau,28.0,18.82,649.65,683.1,3569.5,1527.24
13542,76.25,3/4,4.0,2.76,165.34,209.11,282.72,71.06
13543,169.71,VUC,3.0,0.69,321.76,351.91,491.97,106.59
13544,51.32,VUC,3.0,2.6,97.11,116.84,169.6,28.26
13545,11.88,VUC,3.0,1.7,48.1,56.76,64.16,9.17
13546,28.38,Truck,14.0,6.48,108.98,116.37,245.17,49.65
13547,33.49,VUC,3.0,1.74,74.75,73.48,110.1,10.22
13548,229.77,Carreta_Sider,28.0,5.16,390.77,356.45,1699.67,728.17
13549,33.22,VUC,3.0,1.0,59.12,71.18,103.13,21.15
13550,344.98,Carreta_Bau,28.0,27.96,469.01,533.19,2787.65,1112.83
13551,519.86,Carreta_Sider,28.0,17.35,802.61,707.05,3922.15,1699.11
13552,83.87,Truck,14.0,3.03,286.16,259.71,513.14,131.12
13553,64.25,VUC,3.0,1.2,151.55,138.9,186.59,45.48
13554,70.88,VUC,3.0,0.92,178.71,147.18,213.81,45.01
13555,5.23,3/4,4.0,3.74,20.18,22.09,60.42,-4.47
13556,434.86,Carreta_Sider,28.0,23.39,554.36,647.17,3418.15,1442.12
13557,42.9,3/4,4.0,2.46,75.98,118.94,160.04,40.45
13558,487.51,Carreta_Sider,28.0,26.85,687.48,715.89,3845.52,1623.82
13559,381.88,Carreta_Sider,28.0,13.07,496.73,548.87,2891.78,1227.42
13560,32.92,3/4,4.0,3.54,101.56,66.71,156.27,32.94
13561,467.88,Carreta_Sider,28.0,15.33,557.26,666.85,3532.94,1517.13
13562,81.53,3/4,4.0,3.49,228.56,197.89,321.83,68.55
13563,310.49,Carreta_Sider,28.0,25.64,418.5,484.11,2565.2,1028.91
13564,90.8,Truck,14.0,7.61,272.93,252.61,589.46,140.95
13565,147.77,3/4,4.0,1.21,335.02,355.42,526.89,123.4
13566,396.56,Carreta_Sider,28.0,8.78,498.5,531.7,2941.02,1273.68
13567,350.63,Carreta_Sider,28.0,11.07,553.96,531.17,2632.45,1131.25
13568,42.52,Truck,14.0,4.75,113.55,152.71,296.56,67.5
13569,301.27,Carreta_Bau,28.0,13.44,399.86,461.95,2260.58,941.61
13570,92.55,VUC,3.0,1.74,205.38,201.48,280.78,66.72
13571,211.87,Toco,6.0,1.34,513.94,505.63,890.47,226.37
13572,5.31,VUC,3.0,2.77,19.11,8.0,52.55,-1.2
13573,33.64,3/4,4.0,0.61,105.31,77.89,112.63,30.04
13574,74.52,Truck,14.0,3.75,213.1,257.33,450.07,121.46
13575,36.77,VUC,3.0,0.47,97.33,100.57,112.12,26.09
13576,87.81,Truck,14.0,13.84,242.61,276.03,660.04,146.81
13577,428.29,Carreta_Sider,28.0,13.97,496.87,607.4,3232.84,1386.39
13578,23.88,Truck,14.0,4.43,109.77,93.11,187.3,31.6
13579,443.67,Carreta_Sider,28.0,7.02,594.51,638.67,3240.42,1415.93
13580,76.41,Truck,14.0,6.51,196.67,243.42,494.47,115.81
13581,249.78,Carreta_Sider,28.0,27.43,438.59,402.11,2176.72,834.56
13582,489.3,Carreta_Bau,28.0,17.26,657.86,694.15,3616.19,1539.53
13583,22.35,Truck,14.0,6.32,68.46,95.48,209.84,34.49
13584,252.14,Carreta_Bau,28.0,12.88,365.92,389.27,1918.23,793.9
13585,140.71,3/4,4.0,1.0,366.82,332.45,492.24,115.9
13586,165.77,Toco,6.0,3.54,390.57,443.23,722.16,179.92
13587,21.94,VUC,3.0,1.53,35.08,62.88,80.13,16.24
13588,44.56,3/4,4.0,3.08,129.73,121.81,183.59,40.79
13589,305.17,Carreta_Bau,28.0,8.77,449.62,474.45,2240.12,953.45
13590,89.99,3/4,4.0,1.07,212.15,206.24,326.1,77.79
13591,128.94,Toco,6.0,3.87,367.3,322.9,560.16,142.42
13592,57.28,Toco,6.0,4.68,141.33,155.27,297.39,53.15
13593,400.33,Carreta_Bau,28.0,16.04,567.9,582.54,2995.2,1264.18
13594,61.79,VUC,3.0,2.46,116.2,153.7,208.05,48.49
13595,4.89,3/4,4.0,3.46,7.73,30.56,53.78,7.45
13596,432.92,Carreta_Bau,28.0,26.02,485.7,608.46,3358.85,1398.88
13597,328.52,Carreta_Bau,28.0,13.2,419.41,509.88,2461.71,1026.96
13598,474.67,Carreta_Bau,28.0,25.72,707.36,651.69,3647.74,1527.19
13599,500.57,Carreta_Bau,28.0,21.08,623.15,685.57,3750.52,1598.53
13600,9.15,VUC,3.0,2.04,20.3,22.19,64.29,8.12
13601,10.09,VUC,3.0,1.86,21.82,48.7,43.31,10.44
13602,78.59,Toco,6.0,1.0,196.1,208.62,333.7,77.67
13603,25.55,Truck,14.0,8.77,62.05,123.51,258.67,37.92
13604,33.92,VUC,3.0,2.44,73.74,94.35,122.76,15.59
13605,285.22,Carreta_Bau,28.0,27.72,351.16,439.6,2364.62,922.89
13606,59.51,VUC,3.0,1.55,121.07,130.49,193.95,37.1
13607,57.14,3/4,4.0,3.97,110.52,137.25,233.03,48.67
13608,41.36,VUC,3.0,0.89,117.95,116.64,124.06,22.7
13609,4.39,3/4,4.0,3.86,26.71,39.37,57.55,-0.41
13610,44.91,Toco,6.0,3.91,122.91,108.65,228.67,49.01
13611,132.88,Toco,6.0,4.28,384.83,354.06,590.12,151.03
13612,71.24,VUC,3.0,1.91,145.65,158.36,230.94,53.69
13613,25.41,Toco,6.0,5.91,83.55,67.04,183.58,36.11
13614,193.29,Toco,6.0,1.13,519.89,480.62,798.42,202.91
13615,68.46,VUC,3.0,1.5,133.98,150.21,208.52,37.8
13616,374.49,Carreta_Sider,28.0,25.03,477.81,535.12,3019.18,1247.33
13617,5.38,VUC,3.0,0.88,9.64,26.6,25.0,9.77
13618,86.63,Toco,6.0,3.8,174.67,234.16,397.63,96.51
13619,90.45,Truck,14.0,8.33,246.82,276.89,592.57,147.9
13620,267.46,Carreta_Sider,28.0,23.42,416.98,438.31,2253.9,881.65
13621,386.13,Carreta_Sider,28.0,26.05,608.3,577.97,3119.12,1287.23
13622,4.22,Toco,6.0,2.22,29.38,14.04,42.36,7.41
13623,45.66,VUC,3.0,2.22,108.74,98.07,159.74,30.98
13624,378.36,Carreta_Sider,28.0,17.23,606.94,550.33,2918.89,1230.31
13625,352.28,Carreta_Sider,28.0,19.97,467.55,542.5,2779.93,1152.2
13626,41.66,VUC,3.0,0.96,103.45,83.01,133.35,25.86
13627,162.08,Truck,14.0,5.34,503.14,468.95,943.86,267.16
13628,216.51,Truck,14.0,8.64,516.82,631.58,1284.13,359.3
13629,255.59,Carreta_Sider,28.0,4.27,391.95,381.4,1864.29,810.48
13630,80.61,3/4,4.0,3.04,206.03,189.66,310.89,59.98
13631,53.21,VUC,3.0,0.86,125.23,121.86,159.01,40.23
13632,445.38,Carreta_Sider,28.0,26.36,601.87,653.6,3533.34,1488.4
13633,59.63,3/4,4.0,3.53,147.06,154.61,229.81,52.11
13634,22.43,Toco,6.0,4.08,59.06,65.1,137.55,22.36
13635,11.01,VUC,3.0,2.72,31.08,20.93,72.33,5.66
13636,67.0,3/4,4.0,3.96,105.06,159.9,277.13,62.86
13637,384.94,Carreta_Bau,28.0,22.64,510.62,563.48,2989.74,1233.71
13638,60.48,VUC,3.0,2.05,116.38,133.06,194.78,36.89
13639,369.1,Carreta_Sider,28.0,14.89,609.32,531.8,2827.63,1210.77
13640,79.74,Toco,6.0,5.05,250.36,248.05,374.91,80.31
13641,80.87,VUC,3.0,2.25,143.08,168.02,245.56,49.39
13642,61.42,Toco,6.0,3.31,200.4,152.07,288.97,63.73
13643,380.66,Carreta_Sider,28.0,16.1,471.06,552.75,2917.33,1240.98
13644,52.99,VUC,3.0,1.03,113.04,133.29,157.99,39.19
13645,87.17,Toco,6.0,4.92,240.46,243.26,413.93,100.18
13646,308.86,Carreta_Sider,28.0,25.1,434.36,513.73,2566.71,1025.87
13647,76.92,Toco,6.0,0.98,207.57,192.83,327.39,74.92
13648,84.3,Toco,6.0,1.47,171.76,221.17,353.31,94.59
13649,94.62,Toco,6.0,5.96,253.67,268.69,445.08,99.6
13650,111.84,Toco,6.0,1.81,286.26,278.44,478.05,117.55
13651,40.72,Toco,6.0,4.66,117.87,137.48,218.22,44.37
13652,69.24,Toco,6.0,3.35,216.76,190.47,322.81,71.1
13653,66.61,VUC,3.0,1.78,157.24,138.47,208.76,38.63
13654,19.85,VUC,3.0,0.73,53.34,29.05,65.78,16.92
13655,61.93,VUC,3.0,0.8,127.0,146.69,194.64,46.28
13656,42.96,VUC,3.0,1.92,130.95,121.94,151.03,27.29
13657,45.01,3/4,4.0,1.88,136.15,120.86,175.75,29.05
13658,20.39,3/4,4.0,3.31,42.95,68.13,101.16,18.95
13659,180.48,Toco,6.0,5.86,433.0,468.46,799.8,197.13
13660,71.77,3/4,4.0,3.36,169.9,189.6,284.64,63.62
13661,67.51,Truck,14.0,6.93,217.79,232.46,465.89,111.31
13662,154.63,3/4,4.0,2.24,316.65,319.34,536.22,121.65
13663,122.2,3/4,4.0,1.13,274.91,282.44,434.08,99.95
13664,230.78,Carreta_Bau,28.0,20.76,372.1,372.68,1888.89,738.27
13665,52.44,Toco,6.0,3.18,170.37,151.32,256.38,56.35
13666,18.26,3/4,4.0,3.52,53.93,52.48,120.51,10.28
13667,54.67,VUC,3.0,2.11,108.39,131.65,169.29,38.61
13668,13.11,3/4,4.0,1.18,57.83,49.45,62.48,2.61
13669,34.88,3/4,4.0,2.0,105.86,66.87,138.67,30.63
13670,37.88,VUC,3.0,2.18,90.52,60.58,135.44,21.81
13671,84.39,3/4,4.0,3.52,211.38,215.42,319.82,75.02
13672,41.82,3/4,4.0,1.79,89.75,97.31,145.58,34.07
13673,58.46,VUC,3.0,2.16,127.02,157.29,186.07,40.24
13674,83.6,VUC,3.0,0.89,161.49,195.79,251.7,59.56
13675,429.79,Carreta_Bau,28.0,25.73,606.44,591.33,3343.81,1386.61
13676,143.93,Toco,6.0,3.83,308.4,362.22,632.87,160.3
13677,42.74,VUC,3.0,2.41,86.48,104.55,158.51,30.69
13678,84.42,VUC,3.0,1.46,201.69,179.68,254.27,45.28
13679,16.42,VUC,3.0,2.85,60.03,45.17,75.16,11.16
13680,37.2,Toco,6.0,4.57,113.09,97.03,209.18,42.19
13681,142.35,3/4,4.0,1.12,331.51,336.48,489.12,121.45
13682,12.62,3/4,4.0,2.47,38.06,44.92,78.62,10.31
13683,55.04,VUC,3.0,1.14,116.95,136.06,161.36,38.48
13684,91.11,3/4,4.0,3.43,207.67,219.0,350.9,73.76
13685,63.78,Truck,14.0,11.42,168.1,200.73,506.45,115.67
13686,60.97,3/4,4.0,2.28,132.19,153.75,233.55,54.5
13687,29.31,VUC,3.0,1.22,94.34,77.86,103.9,14.01
13688,147.81,Toco,6.0,5.25,423.62,384.18,659.14,170.13
13689,88.73,Truck,14.0,12.22,225.5,296.95,638.0,141.96
13690,46.91,Toco,6.0,3.48,127.19,120.19,235.44,51.02
13691,28.3,Toco,6.0,4.56,102.42,103.45,166.09,31.65
13692,93.88,3/4,4.0,1.57,175.0,207.29,335.73,76.74
13693,42.5,3/4,4.0,1.79,102.68,119.6,165.94,35.18
13694,37.81,VUC,3.0,2.86,96.46,62.68,139.53,25.1
13695,209.67,Truck,14.0,10.86,647.44,610.32,1273.08,341.33
13696,7.18,Toco,6.0,1.27,42.25,49.68,51.89,9.0
13697,20.22,VUC,3.0,1.62,37.34,48.63,75.53,12.96
13698,77.64,VUC,3.0,1.46,161.16,170.57,235.06,59.26
13699,47.93,Toco,6.0,2.08,134.67,140.44,226.7,58.79
13700,90.89,VUC,3.0,2.99,211.52,167.65,294.52,56.06
13701,180.94,Truck,14.0,3.72,613.09,531.62,1026.97,289.74
13702,11.63,Toco,6.0,2.5,43.36,34.55,82.77,9.05
13703,60.05,3/4,4.0,3.49,151.41,163.69,242.92,50.54
13704,100.93,Toco,6.0,1.57,217.04,264.48,428.31,111.94
13705,69.52,VUC,3.0,1.41,169.72,158.75,210.49,43.8
13706,60.53,VUC,3.0,2.07,110.85,120.3,195.31,36.59
13707,52.22,Toco,6.0,2.62,162.5,158.36,247.85,59.29
13708,212.51,Toco,6.0,2.98,558.94,539.71,901.44,220.1
13709,56.63,Toco,6.0,3.71,162.28,137.67,276.18,59.74
13710,518.43,Carreta_Bau,28.0,26.87,580.85,711.93,3962.71,1679.11
13711,238.01,Carreta_Sider,28.0,24.93,412.47,413.63,2049.07,796.87
13712,184.79,Truck,14.0,3.43,453.85,539.29,1038.18,302.79
13713,305.68,Carreta_Bau,28.0,17.75,499.89,473.09,2365.54,961.63
13714,192.48,Toco,6.0,4.23,490.63,486.85,826.27,204.46
13715,332.85,Carreta_Bau,28.0,11.95,441.03,504.77,2463.31,1038.72
13716,265.28,Carreta_Sider,28.0,10.49,350.77,439.24,2032.42,854.48
13717,476.16,Carreta_Bau,28.0,18.43,711.89,635.43,3538.49,1505.98
13718,489.37,Carreta_Sider,28.0,14.08,726.23,696.09,3667.43,1579.62
13719,398.05,Carreta_Bau,28.0,25.74,560.26,600.29,3119.26,1285.66
13720,66.75,Toco,6.0,1.73,191.74,188.54,286.02,75.11
13721,186.67,Toco,6.0,1.11,537.13,474.62,776.45,195.23
13722,82.56,VUC,3.0,2.74,186.37,163.78,262.84,57.55
13723,296.41,Carreta_Bau,28.0,25.53,491.12,457.61,2409.34,958.23
13724,34.61,Truck,14.0,7.06,101.47,116.06,287.94,44.44
13725,224.8,Carreta_Bau,28.0,22.14,395.78,387.72,1866.66,721.39
13726,434.27,Carreta_Bau,28.0,24.33,605.05,632.94,3341.24,1393.27
13727,107.4,Toco,6.0,2.2,345.94,279.46,465.43,102.68
13728,45.83,VUC,3.0,2.12,150.91,93.26,154.06,34.71
13729,376.56,Carreta_Bau,28.0,21.74,609.36,519.63,2903.65,1202.41
13730,232.37,Carreta_Bau,28.0,12.71,359.72,381.33,1778.47,720.05
13731,299.43,Carreta_Sider,28.0,26.71,451.91,485.96,2512.66,999.18
13732,232.27,Carreta_Bau,28.0,27.22,346.83,361.11,1998.83,750.65
13733,61.87,VUC,3.0,1.69,132.95,146.39,194.8,42.36
13734,32.59,Toco,6.0,1.29,116.26,110.05,147.34,24.99
13735,20.27,VUC,3.0,2.79,41.09,16.15,80.22,11.77
13736,250.04,Carreta_Bau,28.0,16.65,347.36,383.75,1961.69,784.93
13737,91.92,Truck,14.0,3.75,272.17,314.3,543.96,146.75
13738,381.6,Carreta_Sider,28.0,21.62,607.72,570.59,3018.43,1249.24
13739,348.09,Carreta_Sider,28.0,20.55,404.56,560.88,2766.27,1139.18
13740,21.72,3/4,4.0,1.08,63.87,66.53,95.77,25.8
13741,25.18,3/4,4.0,1.53,67.97,86.86,107.43,26.93
13742,60.3,Toco,6.0,5.31,167.97,165.18,302.62,71.54
13743,198.74,Truck,14.0,13.64,555.66,577.47,1238.21,339.72
13744,11.04,VUC,3.0,1.48,18.06,12.83,38.68,-2.3
13745,7.1,VUC,3.0,0.79,15.44,34.25,27.2,4.19
13746,113.55,Toco,6.0,2.7,307.26,285.85,483.56,123.67
13747,9.83,3/4,4.0,2.33,41.97,24.66,56.41,6.41
13748,458.81,Carreta_Sider,28.0,11.35,667.91,627.48,3408.71,1471.1
13749,15.22,Toco,6.0,4.02,72.59,58.48,107.58,21.04
13750,43.06,Truck,14.0,2.19,152.88,153.61,270.62,71.76
13751,79.46,VUC,3.0,2.53,163.77,173.09,250.97,48.65
13752,35.12,Toco,6.0,5.21,111.46,103.33,201.51,43.03
13753,42.91,VUC,3.0,2.45,53.87,122.87,160.97,28.53
13754,304.23,Carreta_Sider,28.0,11.42,406.47,444.51,2319.48,984.95
13755,58.62,VUC,3.0,2.06,165.17,158.72,191.06,33.27
13756,31.5,VUC,3.0,1.38,77.6,58.41,111.32,21.26
13757,43.36,VUC,3.0,1.44,92.4,100.0,145.95,28.9
13758,39.15,VUC,3.0,2.26,110.31,98.83,134.66,24.21
13759,357.96,Carreta_Sider,28.0,24.28,526.58,559.34,2898.42,1172.87
13760,35.11,VUC,3.0,2.57,94.29,63.26,126.06,23.75
13761,302.61,Carreta_Bau,28.0,9.7,378.46,453.69,2230.42,943.34
13762,39.34,VUC,3.0,2.13,80.6,85.37,128.13,20.7
13763,5.01,Toco,6.0,2.26,33.03,45.63,47.51,8.24
13764,84.65,VUC,3.0,2.05,216.75,178.02,265.86,55.86
13765,92.94,Truck,14.0,6.47,310.21,258.39,589.85,152.96
13766,358.05,Carreta_Sider,28.0,23.0,592.13,549.28,2866.67,1181.56
13767,82.49,Toco,6.0,5.68,250.03,224.07,393.52,82.99
13768,4.52,Toco,6.0,2.38,14.94,55.47,51.84,-3.57
13769,361.46,Carreta_Bau,28.0,24.88,410.4,550.16,2852.15,1164.67
13770,101.39,3/4,4.0,3.12,199.97,229.93,373.57,81.56
13771,321.64,Carreta_Bau,28.0,17.67,469.51,495.75,2480.06,1014.16
13772,308.4,Carreta_Sider,28.0,16.69,452.88,479.38,2423.71,1010.4
13773,135.72,Toco,6.0,2.53,414.01,362.16,578.52,135.43
13774,412.0,Carreta_Sider,28.0,9.04,480.58,581.26,3034.81,1314.91
13775,195.24,Toco,6.0,1.33,429.25,491.8,802.98,211.67
13776,72.33,3/4,4.0,3.02,123.86,186.74,283.3,62.42
13777,118.17,Toco,6.0,2.03,281.04,319.02,500.56,116.63
13778,56.15,Toco,6.0,3.43,154.86,128.48,274.07,58.78
13779,436.34,Carreta_Sider,28.0,25.38,540.31,647.64,3453.21,1450.1
13780,462.68,Carreta_Sider,28.0,20.17,536.45,652.36,3560.29,1514.93
13781,12.57,VUC,3.0,0.88,30.5,41.52,41.1,0.7
13782,197.3,Truck,14.0,10.84,531.89,556.94,1207.89,317.77
13783,387.21,Carreta_Bau,28.0,9.31,466.73,560.66,2796.6,1208.78
13784,88.89,Truck,14.0,11.38,239.47,288.75,625.15,152.51
13785,74.64,VUC,3.0,0.65,182.04,153.79,226.3,50.65
13786,97.1,Truck,14.0,3.79,341.15,300.28,579.54,162.07
13787,401.49,Carreta_Bau,28.0,26.43,499.92,584.18,3154.56,1300.3
13788,17.22,Toco,6.0,2.33,50.46,70.17,101.64,10.92
13789,91.73,Toco,6.0,1.67,262.65,224.38,388.79,102.93
13790,292.55,Carreta_Bau,28.0,9.31,484.54,422.46,2157.74,910.64
13791,15.48,3/4,4.0,1.83,58.37,40.26,73.23,22.54
13792,45.38,3/4,4.0,3.45,128.03,117.46,194.08,56.07
13793,18.47,Truck,14.0,3.92,72.56,99.02,159.7,28.69
13794,17.67,Toco,6.0,0.98,71.16,64.24,81.23,17.21
13795,92.07,Toco,6.0,5.31,274.39,260.89,450.69,99.89
13796,431.81,Carreta_Sider,28.0,11.33,636.46,605.39,3217.69,1393.58
13797,262.04,Carreta_Bau,28.0,6.03,328.29,393.08,1897.3,810.71
13798,244.21,Carreta_Bau,28.0,4.86,425.02,370.05,1757.52,765.79
13799,56.06,3/4,4.0,3.66,137.44,139.29,238.07,49.21
13800,27.58,VUC,3.0,1.78,65.08,78.97,106.6,15.56
13801,74.65,Toco,6.0,4.01,204.4,199.11,352.84,81.59
13802,83.65,Truck,14.0,9.43,275.38,258.43,567.73,133.38
13803,87.5,Truck,14.0,8.31,274.46,280.36,581.6,134.78
13804,88.9,VUC,3.0,2.41,145.57,188.73,280.07,57.03
13805,86.41,Truck,14.0,12.88,257.43,263.19,637.49,155.73
13806,62.14,3/4,4.0,2.78,149.34,150.13,234.32,57.52
13807,452.33,Carreta_Bau,28.0,24.28,591.63,666.0,3456.37,1448.99
13808,111.42,VUC,3.0,0.47,226.26,252.96,334.43,71.48
13809,174.55,Truck,14.0,7.81,592.13,540.3,1046.52,297.59
13810,270.15,Carreta_Sider,28.0,18.58,326.48,416.88,2184.59,885.85
13811,35.16,Toco,6.0,1.93,88.41,110.81,163.78,33.18
13812,88.23,Truck,14.0,4.01,302.1,264.98,533.85,142.14
13813,15.15,3/4,4.0,1.06,38.53,44.85,66.17,15.83
13814,19.36,VUC,3.0,1.18,62.54,30.79,66.6,14.37
13815,43.48,Truck,14.0,11.9,167.87,171.82,399.31,79.47
13816,29.81,3/4,4.0,0.69,64.13,58.82,113.74,25.2
13817,60.03,3/4,4.0,2.65,148.65,162.49,236.64,39.47
13818,86.38,VUC,3.0,0.62,217.39,183.87,249.07,56.58
13819,348.44,Carreta_Bau,28.0,18.32,526.56,500.97,2665.49,1106.48
13820,97.17,3/4,4.0,1.46,224.32,218.21,351.31,83.12
13821,339.44,Carreta_Sider,28.0,7.94,532.17,505.85,2522.07,1083.19
13822,255.86,Carreta_Sider,28.0,15.29,426.97,409.3,2048.82,842.33
13823,48.68,3/4,4.0,1.39,81.06,123.95,179.32,35.31
13824,54.4,3/4,4.0,1.89,105.64,109.15,193.75,40.97
13825,362.75,Carreta_Sider,28.0,19.27,478.54,516.29,2842.16,1188.7
13826,42.51,VUC,3.0,2.84,77.39,75.58,148.78,34.49
13827,68.39,3/4,4.0,2.7,131.09,179.87,264.37,65.2
13828,13.16,VUC,3.0,1.74,32.76,60.32,62.73,11.64
13829,480.46,Carreta_Bau,28.0,17.46,630.72,660.85,3554.95,1524.7
13830,282.37,Carreta_Sider,28.0,15.44,387.78,456.29,2225.47,912.38
13831,8.42,VUC,3.0,1.89,34.0,35.29,57.87,-3.08
13832,330.7,Carreta_Sider,28.0,17.77,500.47,521.97,2593.61,1079.51
13833,62.36,VUC,3.0,1.71,146.53,157.76,196.76,44.41
13834,52.67,VUC,3.0,2.46,122.54,104.29,174.85,38.82
13835,41.07,Truck,14.0,6.75,122.36,144.31,306.0,62.42
13836,34.39,VUC,3.0,0.73,72.35,94.87,94.52,16.75
13837,291.69,Carreta_Sider,28.0,19.5,468.19,473.67,2358.64,963.06
13838,8.71,VUC,3.0,2.48,47.29,42.23,47.76,6.62
13839,145.37,Toco,6.0,4.88,388.29,377.38,647.23,149.73
13840,65.93,Toco,6.0,2.19,202.24,190.41,298.25,65.12
13841,432.07,Carreta_Bau,28.0,19.6,681.07,591.54,3247.27,1375.59
13842,471.21,Carreta_Bau,28.0,27.97,715.25,647.64,3649.21,1517.4
13843,439.87,Carreta_Sider,28.0,6.69,659.69,643.55,3211.57,1400.53
13844,42.35,Toco,6.0,3.57,108.56,139.53,212.9,41.32
13845,497.73,Carreta_Sider,28.0,11.47,654.57,717.76,3676.28,1610.76
13846,44.52,Toco,6.0,4.94,130.41,128.66,245.11,49.01
13847,293.91,Carreta_Bau,28.0,11.93,421.24,430.08,2192.35,927.72
13848,372.24,Carreta_Sider,28.0,21.66,514.88,556.66,2952.21,1224.83
13849,85.3,3/4,4.0,1.15,202.54,232.15,301.11,70.1
13850,71.12,Truck,14.0,2.9,237.52,209.95,433.21,115.44
13851,23.97,3/4,4.0,0.95,50.11,66.3,95.61,16.81
13852,63.8,Toco,6.0,2.23,176.68,192.8,281.66,60.49
13853,16.04,3/4,4.0,3.49,50.49,54.2,102.07,12.08
13854,21.66,VUC,3.0,0.83,63.28,51.41,69.27,9.91
13855,68.99,3/4,4.0,0.71,141.48,179.1,236.56,56.54
13856,15.46,Toco,6.0,5.25,68.24,53.22,121.09,14.09
13857,166.55,Truck,14.0,6.56,551.76,496.95,967.25,272.8
13858,29.5,3/4,4.0,2.6,85.91,48.42,125.38,23.37
13859,510.14,Carreta_Bau,28.0,6.19,782.25,662.04,3601.2,1568.49
13860,85.72,3/4,4.0,3.68,185.35,204.65,321.34,71.06
13861,71.19,Toco,6.0,3.47,216.84,213.54,342.47,71.33
13862,88.58,Toco,6.0,1.36,197.76,233.52,363.79,103.88
13863,341.74,Carreta_Sider,28.0,19.28,440.76,519.69,2694.62,1121.19
13864,84.25,3/4,4.0,1.84,201.92,206.68,294.71,74.33
13865,206.21,3/4,4.0,1.8,400.14,468.14,718.48,173.18
13866,32.44,Toco,6.0,2.98,95.65,76.99,172.96,44.25
13867,61.55,VUC,3.0,1.75,145.43,148.9,193.62,33.19
13868,38.46,VUC,3.0,2.03,69.35,95.85,123.31,20.86
13869,437.28,Carreta_Bau,28.0,7.68,617.73,609.02,3111.21,1361.22
13870,67.44,3/4,4.0,3.16,171.56,151.3,264.47,55.33
13871,35.71,VUC,3.0,0.52,73.51,106.83,105.14,18.63
13872,4.12,Truck,14.0,10.42,22.54,36.6,161.77,3.99
13873,12.55,VUC,3.0,0.92,42.61,58.25,46.76,17.58
13874,74.16,VUC,3.0,1.59,165.76,135.45,226.91,57.66
13875,344.26,Carreta_Sider,28.0,17.56,569.53,515.39,2680.08,1127.27
13876,11.64,3/4,4.0,2.8,27.09,64.05,63.12,10.93
13877,58.55,VUC,3.0,2.47,121.03,131.66,186.17,42.01
13878,498.61,Carreta_Bau,28.0,16.49,765.37,649.91,3659.16,1576.46
13879,82.06,3/4,4.0,3.59,213.13,186.28,317.45,71.79
13880,71.44,VUC,3.0,2.89,191.86,164.34,236.48,44.6
13881,422.24,Carreta_Bau,28.0,27.43,622.16,629.93,3318.22,1360.45
13882,467.84,Carreta_Sider,28.0,11.81,689.65,656.67,3469.51,1513.47
13883,327.33,Carreta_Bau,28.0,4.97,463.05,490.53,2332.93,1009.68
13884,41.62,VUC,3.0,2.28,94.49,104.33,139.18,34.32
13885,314.86,Carreta_Bau,28.0,10.2,444.74,460.25,2327.46,980.02
13886,22.98,Toco,6.0,4.82,66.32,88.95,151.75,20.67
13887,416.86,Carreta_Sider,28.0,4.32,551.95,606.53,3015.95,1317.96
13888,139.63,3/4,4.0,3.24,296.21,323.21,507.39,116.22
13889,117.96,3/4,4.0,0.84,243.22,267.25,408.4,90.76
13890,87.95,Truck,14.0,12.56,285.08,255.32,641.61,152.18
13891,55.54,VUC,3.0,2.11,136.49,133.05,185.96,33.76
13892,513.07,Carreta_Bau,28.0,8.05,686.71,683.68,3652.91,1588.02
13893,40.89,3/4,4.0,2.33,104.76,114.61,170.43,37.1
13894,89.73,Truck,14.0,8.11,279.54,282.33,590.95,156.45
13895,484.43,Carreta_Sider,28.0,25.12,565.44,700.88,3808.07,1605.96
13896,501.16,Carreta_Bau,28.0,16.87,570.64,685.36,3690.16,1578.12
13897,23.57,VUC,3.0,1.85,65.65,43.61,81.03,13.18
13898,44.25,3/4,4.0,1.68,115.63,120.88,169.03,27.91
13899,13.89,3/4,4.0,3.08,49.6,59.69,81.11,14.49
13900,15.36,VUC,3.0,0.58,23.09,76.33,48.55,12.52
13901,40.27,Toco,6.0,5.84,146.9,112.92,237.32,42.56
13902,121.5,Truck,14.0,9.31,302.26,353.11,765.9,194.03
13903,209.45,Toco,6.0,5.21,593.27,518.79,922.92,243.38
13904,67.67,3/4,4.0,3.26,159.03,166.8,268.76,52.06
13905,34.84,Truck,14.0,4.7,83.24,133.62,242.31,52.41
13906,478.16,Carreta_Sider,28.0,11.08,647.51,684.56,3545.02,1542.14
13907,133.03,3/4,4.0,1.55,317.15,333.22,467.6,115.92
13908,286.86,Carreta_Sider,28.0,9.57,355.17,450.16,2181.04,921.39
13909,66.75,Toco,6.0,0.98,138.49,165.28,297.35,70.95
13910,240.05,Carreta_Bau,28.0,23.88,294.1,399.19,2018.35,772.68
13911,77.27,3/4,4.0,2.43,200.92,158.75,285.65,81.7
13912,83.86,VUC,3.0,1.96,164.82,180.3,264.7,51.14
13913,468.94,Carreta_Bau,28.0,15.9,654.12,643.54,3448.77,1476.45
13914,8.07,Toco,6.0,1.53,32.18,45.13,60.4,8.06
13915,74.41,3/4,4.0,2.08,197.88,187.67,259.96,66.31
13916,17.39,Toco,6.0,2.4,64.08,51.83,92.9,31.32
13917,67.54,3/4,4.0,3.63,155.01,157.59,265.88,57.84
13918,37.82,VUC,3.0,2.24,100.01,91.88,132.63,27.27
13919,315.18,Carreta_Bau,28.0,8.07,492.77,470.87,2288.87,967.13
13920,68.41,Toco,6.0,4.48,182.2,199.23,340.53,75.37
13921,23.46,Toco,6.0,3.7,70.88,71.32,136.56,25.47
13922,218.41,VUC,3.0,0.66,513.47,459.39,623.09,142.3
13923,62.69,VUC,3.0,0.63,120.76,126.25,184.89,36.77
13924,317.83,Carreta_Sider,28.0,7.71,430.99,465.02,2360.79,1011.59
13925,15.42,3/4,4.0,3.36,56.49,24.52,94.51,14.43
13926,19.45,3/4,4.0,3.42,54.89,51.73,115.03,8.97
13927,59.92,3/4,4.0,2.67,174.54,167.71,241.36,47.08
13928,142.79,Toco,6.0,0.98,352.96,388.21,601.19,151.67
13929,34.65,Truck,14.0,5.87,106.81,130.87,264.24,44.14
13930,405.76,Carreta_Sider,28.0,13.74,545.86,603.64,3067.58,1314.5
13931,68.04,VUC,3.0,1.18,130.74,163.49,210.71,51.08
13932,66.35,VUC,3.0,1.93,131.16,151.66,205.94,34.67
13933,60.57,VUC,3.0,0.61,138.31,102.37,176.79,34.59
13934,70.48,Truck,14.0,2.34,215.44,251.18,419.6,115.42
13935,76.25,VUC,3.0,1.95,151.77,166.64,230.52,53.2
13936,86.94,VUC,3.0,1.12,199.43,187.88,268.31,55.4
13937,11.33,3/4,4.0,2.93,47.81,62.6,69.61,8.77
13938,357.79,Carreta_Bau,28.0,22.71,487.84,532.02,2797.74,1152.63
13939,56.01,Toco,6.0,4.02,137.72,193.4,277.78,62.24
13940,72.14,Toco,6.0,5.95,151.84,187.78,373.91,74.97
13941,23.74,VUC,3.0,2.09,46.46,76.51,77.42,15.93
13942,27.99,VUC,3.0,2.42,81.93,67.53,115.2,17.52
13943,28.29,Truck,14.0,9.73,99.53,110.49,293.24,44.37
13944,56.08,3/4,4.0,3.34,169.32,129.51,228.72,39.88
13945,37.32,VUC,3.0,1.45,62.44,80.55,126.53,23.77
13946,350.3,Carreta_Bau,28.0,14.54,568.92,529.57,2623.09,1104.62
13947,64.61,VUC,3.0,1.3,147.02,152.46,193.52,44.85
13948,59.53,Toco,6.0,3.84,183.0,172.54,288.89,64.96
13949,281.08,Carreta_Bau,28.0,13.12,424.04,407.46,2130.26,881.57
13950,63.8,Truck,14.0,13.86,173.81,189.8,521.97,103.99
13951,26.96,3/4,4.0,2.65,80.2,63.7,124.45,27.83
13952,220.05,Carreta_Sider,28.0,12.19,320.3,363.17,1737.69,705.32
13953,122.79,VUC,3.0,1.75,237.62,263.36,373.96,76.19
13954,497.49,Carreta_Bau,28.0,22.78,750.85,694.95,3744.0,1587.38
13955,73.83,VUC,3.0,2.51,142.52,179.32,233.82,47.51
13956,64.43,Toco,6.0,4.15,193.82,199.47,303.04,77.02
13957,272.04,Carreta_Sider,28.0,4.26,465.55,424.86,1988.74,858.81
13958,305.77,Carreta_Bau,28.0,24.87,472.94,460.8,2477.26,983.7
13959,15.89,VUC,3.0,2.77,56.02,56.66,72.64,11.91
13960,22.22,Truck,14.0,12.47,108.07,97.71,286.83,32.16
13961,31.39,VUC,3.0,2.16,82.09,84.27,120.91,19.34
13962,89.18,Toco,6.0,1.04,235.21,253.95,375.34,90.13
13963,254.7,Carreta_Bau,28.0,26.83,423.81,410.97,2159.5,822.0
13964,33.7,VUC,3.0,0.62,57.55,101.78,97.88,20.56
13965,5.81,VUC,3.0,0.83,16.07,8.0,25.0,11.19
13966,16.89,VUC,3.0,2.05,39.15,58.12,65.41,7.07
13967,6.93,VUC,3.0,1.63,18.18,18.08,41.97,3.58
13968,40.66,Toco,6.0,4.75,129.29,124.33,221.83,42.85
13969,76.54,3/4,4.0,2.75,154.31,191.37,293.37,72.14
13970,44.99,3/4,4.0,0.61,142.13,110.27,161.52,34.77
13971,514.85,Carreta_Bau,28.0,19.5,790.4,697.53,3807.87,1631.45
13972,80.35,VUC,3.0,2.64,197.88,166.59,256.99,48.57
13973,8.33,VUC,3.0,2.62,6.0,34.84,43.24,1.47
13974,46.74,3/4,4.0,1.14,136.76,128.29,173.71,36.08
13975,75.62,3/4,4.0,1.78,207.54,209.46,278.43,59.39
13976,65.4,VUC,3.0,0.75,127.25,142.88,200.53,41.23
13977,81.61,Toco,6.0,4.73,209.76,200.0,387.98,83.25
13978,28.92,VUC,3.0,2.05,83.87,79.2,94.97,21.55
13979,49.58,VUC,3.0,1.69,105.97,90.32,161.96,31.98
13980,433.37,Carreta_Bau,28.0,11.33,655.98,625.93,3144.84,1361.98
13981,65.6,VUC,3.0,2.46,147.25,158.71,213.46,45.01
13982,19.33,3/4,4.0,3.29,31.44,46.09,103.75,18.46
13983,78.24,VUC,3.0,1.7,187.1,151.24,230.11,60.21
13984,32.34,VUC,3.0,0.77,65.09,66.63,102.64,22.53
13985,12.49,3/4,4.0,2.18,43.5,51.56,66.96,9.5
13986,73.68,VUC,3.0,2.73,162.63,154.11,232.83,43.83
13987,68.16,VUC,3.0,1.94,166.86,163.35,219.65,51.16
13988,84.41,3/4,4.0,3.16,214.54,217.71,316.48,67.46
13989,135.7,3/4,4.0,1.6,295.18,309.22,475.68,108.25
13990,353.47,Carreta_Sider,28.0,12.37,462.54,538.72,2683.47,1137.27
13991,300.97,Carreta_Sider,28.0,6.99,472.85,475.73,2238.51,958.49
13992,85.18,Toco,6.0,2.65,263.01,236.38,369.83,92.03
13993,29.35,3/4,4.0,1.18,77.11,88.46,111.11,23.18
13994,62.36,VUC,3.0,1.82,161.16,133.09,212.24,42.7
13995,94.92,Toco,6.0,2.91,221.73,280.97,430.03,97.12
13996,26.19,VUC,3.0,2.58,71.33,53.66,109.1,12.72
13997,47.03,VUC,3.0,1.43,108.87,103.06,152.39,30.76
13998,86.83,Truck,14.0,4.63,237.55,279.99,525.14,135.09
13999,13.38,Truck,14.0,3.1,46.45,56.07,119.25,14.61
14000,88.47,Toco,6.0,2.19,260.94,231.96,384.0,87.28
14001,432.17,Carreta_Bau,28.0,20.8,674.61,593.93,3273.55,1376.63
14002,48.42,Toco,6.0,4.09,121.51,133.04,237.14,52.58
14003,518.86,Carreta_Sider,28.0,18.95,773.18,762.83,3949.59,1700.2
14004,85.27,Truck,14.0,12.31,249.76,265.2,608.71,147.92
14005,60.54,VUC,3.0,1.09,110.65,154.62,191.25,39.86
14006,65.1,Truck,14.0,7.7,186.06,202.36,460.38,106.25
14007,74.34,3/4,4.0,1.17,195.12,165.78,279.35,68.77
14008,10.11,VUC,3.0,1.01,26.14,22.37,39.54,11.27
14009,61.13,Truck,14.0,6.51,210.45,207.3,414.45,95.63
14010,88.08,Toco,6.0,4.51,218.43,206.59,413.06,100.83
14011,91.01,VUC,3.0,2.58,172.78,224.15,292.05,68.2
14012,92.12,Toco,6.0,2.47,258.95,252.0,404.04,108.0
14013,411.33,Carreta_Sider,28.0,13.67,568.41,590.82,3099.2,1338.53
14014,62.77,Toco,6.0,5.43,144.97,164.87,324.84,71.43
14015,61.63,3/4,4.0,3.25,169.1,146.78,244.42,54.45
14016,54.27,3/4,4.0,2.95,130.52,153.6,209.74,53.76
14017,59.29,Truck,14.0,6.95,164.75,170.37,403.15,89.78
14018,59.7,VUC,3.0,1.32,134.06,134.38,201.64,44.33
14019,7.86,VUC,3.0,2.29,40.04,45.41,53.6,5.75
14020,462.59,Carreta_Bau,28.0,6.42,701.78,603.74,3279.5,1425.7
14021,12.09,3/4,4.0,2.45,47.58,34.66,68.58,4.37
14022,60.37,Truck,14.0,2.82,181.43,170.55,372.97,88.01
14023,32.59,VUC,3.0,2.04,69.75,62.06,109.09,23.85
14024,308.62,Carreta_Bau,28.0,17.73,356.86,470.28,2382.31,986.67
14025,253.78,Carreta_Sider,28.0,5.62,431.89,410.92,1887.62,806.54
14026,368.39,Carreta_Bau,28.0,14.19,596.5,526.18,2731.35,1153.48
14027,413.5,Carreta_Bau,28.0,8.78,531.12,556.99,2970.18,1290.95
14028,191.7,VUC,3.0,2.49,408.88,394.51,571.68,125.34
14029,31.43,VUC,3.0,2.78,61.6,83.86,115.91,26.84
14030,308.94,Carreta_Bau,28.0,11.69,447.38,460.3,2291.42,960.99
14031,21.6,3/4,4.0,0.7,62.58,46.79,71.91,21.16
14032,76.9,VUC,3.0,2.74,150.74,164.66,256.91,59.37
14033,143.36,Toco,6.0,5.21,383.82,384.14,654.99,153.12
14034,91.75,Truck,14.0,11.58,241.75,290.27,644.47,150.56
14035,61.13,3/4,4.0,1.81,146.69,137.19,233.82,49.68
14036,90.03,Truck,14.0,3.05,273.37,277.96,529.6,147.85
14037,84.43,VUC,3.0,2.94,187.59,179.22,273.69,61.73
14038,186.95,3/4,4.0,2.28,359.78,422.46,644.79,155.13
14039,23.83,Toco,6.0,2.72,78.18,80.06,127.25,38.19
14040,469.79,Carreta_Bau,28.0,22.7,520.47,643.2,3564.74,1502.84
14041,17.97,Toco,6.0,4.32,48.73,59.05,119.67,16.85
14042,156.51,VUC,3.0,0.56,334.47,347.78,449.35,105.26
14043,23.25,3/4,4.0,3.86,58.07,103.97,119.76,20.87
14044,439.82,Carreta_Bau,28.0,17.43,525.77,593.79,3253.08,1389.67
14045,12.76,Toco,6.0,1.86,41.49,38.13,78.66,10.94
14046,57.04,VUC,3.0,0.49,124.94,144.99,174.2,46.22
14047,29.72,3/4,4.0,2.48,73.43,65.04,131.09,20.31
14048,87.08,3/4,4.0,2.62,175.62,208.28,328.58,79.84
14049,59.82,3/4,4.0,0.94,150.46,173.47,210.43,45.69
14050,253.35,Carreta_Sider,28.0,17.17,461.44,403.44,2056.46,824.3
14051,377.0,Carreta_Sider,28.0,14.48,464.04,552.93,2871.14,1223.99
14052,481.89,Carreta_Bau,28.0,14.62,637.28,644.9,3520.31,1518.14
14053,36.72,VUC,3.0,2.94,72.43,98.89,135.68,15.88
14054,93.6,Truck,14.0,5.62,226.14,261.53,581.36,148.73
14055,426.88,Carreta_Bau,28.0,25.24,518.64,602.71,3305.77,1377.55
14056,446.02,Carreta_Bau,28.0,12.4,562.97,601.04,3243.33,1401.63
14057,90.74,Toco,6.0,1.82,239.24,236.94,387.51,95.56
14058,205.99,Toco,6.0,1.68,502.65,549.68,854.34,214.05
14059,74.85,VUC,3.0,2.85,148.56,172.78,230.9,50.13
14060,248.71,Carreta_Bau,28.0,4.75,364.23,387.93,1794.88,770.45
14061,406.44,Carreta_Bau,28.0,9.42,530.68,574.66,2924.56,1265.57
14062,425.32,Carreta_Sider,28.0,12.3,496.91,610.73,3182.66,1382.1
14063,76.04,3/4,4.0,2.83,162.56,203.7,280.96,63.65
14064,92.93,VUC,3.0,1.41,177.83,214.17,284.92,52.65
14065,58.64,3/4,4.0,0.67,163.58,127.3,203.28,45.59
14066,430.77,Carreta_Bau,28.0,16.5,572.81,619.93,3183.46,1360.31
14067,84.08,3/4,4.0,3.61,195.72,207.52,325.69,69.16
14068,409.55,Carreta_Sider,28.0,25.3,491.59,614.19,3266.62,1357.43
14069,193.44,Truck,14.0,13.9,586.6,544.58,1227.59,328.65
14070,9.9,VUC,3.0,1.32,27.42,33.07,49.07,2.24
14071,54.42,VUC,3.0,0.76,116.58,122.01,158.63,27.59
14072,217.86,Toco,6.0,1.25,560.18,542.77,900.49,235.66
14073,49.73,Truck,14.0,12.42,155.36,186.58,432.59,85.98
14074,7.43,VUC,3.0,2.36,7.05,8.0,54.16,-0.36
14075,11.91,Truck,14.0,9.57,46.72,105.76,195.88,23.13
14076,5.99,Toco,6.0,3.43,25.31,19.44,66.69,0.85
14077,495.37,Carreta_Sider,28.0,15.08,565.45,703.39,3711.86,1607.22
14078,30.76,3/4,4.0,2.28,72.68,87.77,134.85,20.56
14079,8.87,VUC,3.0,1.38,35.01,47.35,47.04,3.36
14080,42.51,Toco,6.0,3.32,108.55,147.87,208.47,48.94
14081,77.96,Truck,14.0,4.6,248.42,236.07,484.74,126.95
14082,59.86,Toco,6.0,1.5,153.5,168.01,267.3,59.73
14083,330.39,Carreta_Bau,28.0,9.23,472.4,476.89,2422.08,1028.57
14084,65.31,Toco,6.0,5.85,190.65,169.05,339.36,74.5
14085,6.87,3/4,4.0,3.97,23.56,33.61,69.51,10.75
14086,415.64,Carreta_Sider,28.0,22.09,539.08,610.64,3262.96,1373.04
14087,80.4,VUC,3.0,2.58,179.12,178.69,257.55,56.11
14088,17.3,Truck,14.0,3.33,66.56,67.13,148.94,28.05
14089,31.54,VUC,3.0,0.76,73.44,81.82,94.11,15.78
14090,51.03,3/4,4.0,0.92,109.18,139.73,189.74,43.23
14091,88.63,VUC,3.0,0.61,147.64,177.11,251.14,61.7
14092,349.66,Carreta_Sider,28.0,21.99,503.84,541.68,2801.59,1159.67
14093,487.91,Carreta_Bau,28.0,5.54,656.71,682.25,3444.2,1492.88
14094,94.83,Toco,6.0,5.74,263.14,236.95,460.21,108.43
14095,75.22,VUC,3.0,2.12,149.1,169.72,240.05,46.14
14096,70.37,Toco,6.0,1.77,168.87,197.86,311.46,77.2
14097,52.02,Toco,6.0,5.07,150.13,160.27,270.56,50.56
14098,464.23,Carreta_Bau,28.0,23.8,639.0,666.09,3533.11,1485.96
14099,206.08,Truck,14.0,8.81,674.09,619.25,1225.44,329.88
14100,471.0,Carreta_Bau,28.0,6.37,651.58,643.63,3333.28,1454.0
14101,64.57,3/4,4.0,1.96,145.43,145.62,245.74,57.54
14102,222.52,Carreta_Bau,28.0,17.26,380.3,362.67,1783.26,706.01
14103,17.14,VUC,3.0,2.35,47.65,68.88,76.34,21.86
14104,28.5,VUC,3.0,1.21,86.25,58.8,97.43,15.52
14105,282.42,Carreta_Sider,28.0,24.98,370.94,464.67,2373.85,932.85
14106,93.6,Toco,6.0,2.18,208.8,260.55,413.57,107.35
14107,456.77,Carreta_Sider,28.0,27.96,615.5,675.5,3640.71,1516.45
14108,232.71,Carreta_Sider,28.0,6.94,352.86,391.23,1759.05,744.9
14109,218.58,Truck,14.0,12.01,565.45,640.07,1333.94,365.65
14110,93.14,Truck,14.0,3.67,244.84,282.13,557.89,137.92
14111,33.39,VUC,3.0,2.39,77.12,107.44,131.67,16.24
14112,379.18,Carreta_Sider,28.0,24.72,529.02,598.87,3034.47,1250.86
14113,519.86,Carreta_Bau,28.0,11.65,592.8,723.56,3747.05,1629.32
14114,25.94,Truck,14.0,3.31,120.51,104.12,189.18,38.35
14115,150.7,Toco,6.0,6.0,425.35,383.87,679.0,166.43
14116,24.89,VUC,3.0,2.93,54.92,66.93,101.11,8.27
14117,48.12,Truck,14.0,11.11,121.95,163.85,403.75,75.6
14118,392.95,Carreta_Sider,28.0,13.4,624.15,589.48,2976.7,1269.38
14119,24.36,VUC,3.0,0.79,59.04,67.82,72.93,14.25
14120,63.01,Toco,6.0,3.03,166.21,182.63,300.93,66.64
14121,318.96,Carreta_Bau,28.0,21.34,420.76,482.98,2511.45,1024.67
14122,269.51,Carreta_Bau,28.0,7.83,346.19,376.51,1973.24,839.26
14123,413.69,Carreta_Sider,28.0,4.6,639.15,607.96,2987.44,1307.09
14124,10.81,3/4,4.0,3.67,20.28,40.71,70.53,14.44
14125,330.81,Carreta_Sider,28.0,20.86,454.17,522.97,2646.35,1093.03
14126,13.43,Toco,6.0,4.44,62.96,49.46,108.92,15.07
14127,29.2,3/4,4.0,3.82,74.4,105.28,148.63,30.24
14128,74.75,Toco,6.0,3.56,207.43,196.17,327.91,87.29
14129,434.07,Carreta_Bau,28.0,11.77,628.86,603.79,3148.26,1354.88
14130,411.14,Carreta_Sider,28.0,25.84,531.7,610.6,3296.71,1360.7
14131,513.68,Carreta_Sider,28.0,27.66,820.41,712.58,4041.11,1716.82
14132,439.62,Carreta_Sider,28.0,4.69,651.51,626.01,3181.55,1394.64
14133,33.42,Toco,6.0,2.59,95.65,113.19,157.76,37.32
14134,46.84,VUC,3.0,1.37,119.57,114.7,156.33,24.65
14135,63.75,Truck,14.0,3.42,189.96,234.07,390.37,107.07
14136,75.76,3/4,4.0,1.35,139.46,171.5,277.91,59.58
14137,31.95,VUC,3.0,0.51,83.46,53.6,108.25,18.96
14138,123.39,Truck,14.0,10.39,402.39,357.47,811.66,202.26
14139,426.32,Carreta_Sider,28.0,6.74,582.16,607.66,3116.62,1355.22
14140,371.12,Carreta_Bau,28.0,25.33,526.53,565.16,2923.65,1198.75
14141,70.52,VUC,3.0,1.94,151.0,160.23,219.36,51.84
14142,30.03,3/4,4.0,1.81,90.34,75.88,135.21,24.58
14143,62.65,Truck,14.0,11.73,144.5,227.68,495.55,100.17
14144,45.03,Toco,6.0,4.22,117.97,129.8,241.23,48.11
14145,88.32,Truck,14.0,11.06,304.02,258.13,627.96,143.63
14146,93.37,Toco,6.0,5.38,205.73,264.88,441.83,103.2
14147,74.45,VUC,3.0,2.51,145.69,175.31,238.78,46.92
14148,133.16,Truck,14.0,11.37,447.6,405.68,876.77,216.11
14149,87.31,Toco,6.0,4.62,182.62,258.06,410.71,101.57
14150,16.42,3/4,4.0,1.88,37.99,51.16,74.62,12.77
14151,63.56,VUC,3.0,2.11,125.31,147.56,199.71,50.73
14152,22.05,VUC,3.0,1.89,69.19,44.72,86.35,14.71
14153,29.2,Toco,6.0,5.81,85.86,84.23,186.7,30.42
14154,51.58,VUC,3.0,1.73,123.72,112.17,170.58,31.68
14155,71.52,VUC,3.0,1.02,124.4,168.88,232.81,43.41
14156,69.66,VUC,3.0,1.62,131.33,146.32,220.45,44.06
14157,352.33,Carreta_Bau,28.0,14.07,550.88,511.96,2638.0,1108.13
14158,83.12,VUC,3.0,1.64,174.63,180.27,251.01,47.61
14159,54.89,VUC,3.0,1.93,116.41,125.0,182.74,30.24
14160,88.3,Toco,6.0,5.73,275.57,228.1,436.56,101.93
14161,84.8,VUC,3.0,1.17,176.24,183.61,264.58,56.37
14162,81.26,3/4,4.0,3.9,216.07,182.08,326.19,62.66
14163,414.09,Carreta_Sider,28.0,22.75,638.01,609.44,3263.43,1370.59
14164,24.89,Truck,14.0,4.28,111.55,93.95,201.69,44.25
14165,178.81,Toco,6.0,2.33,405.39,458.62,747.55,193.39
14166,52.36,VUC,3.0,2.77,91.53,129.04,190.86,25.99
14167,71.0,Toco,6.0,4.99,180.47,221.06,342.84,71.58
14168,92.83,Truck,14.0,3.81,244.06,259.58,561.87,148.83
14169,5.06,3/4,4.0,2.59,10.28,22.76,54.13,13.72
14170,33.77,VUC,3.0,1.16,88.51,69.1,116.82,18.73
14171,279.84,Carreta_Bau,28.0,19.19,421.65,440.24,2219.4,891.64
14172,325.56,Carreta_Bau,28.0,8.33,518.54,486.31,2369.24,1007.46
14173,270.59,Carreta_Sider,28.0,12.58,431.53,411.79,2090.37,883.84
14174,35.15,VUC,3.0,1.44,71.54,89.36,120.69,22.63
14175,467.3,Carreta_Sider,28.0,17.0,543.75,678.01,3538.21,1519.55
14176,30.26,VUC,3.0,1.06,80.84,80.57,98.49,15.08
14177,78.39,Toco,6.0,4.61,202.17,208.77,371.51,81.62
14178,166.78,Truck,14.0,11.73,505.08,505.67,1058.17,277.34
14179,422.91,Carreta_Bau,28.0,19.43,585.12,597.12,3184.31,1340.1
14180,425.69,Carreta_Sider,28.0,25.69,544.96,640.04,3386.3,1412.27
14181,285.41,Carreta_Sider,28.0,23.01,431.38,463.42,2363.45,953.1
14182,8.1,Toco,6.0,1.12,32.3,35.84,57.62,5.67
14183,324.28,Carreta_Bau,28.0,6.22,470.87,455.24,2325.88,1003.12
14184,36.71,VUC,3.0,2.13,91.1,88.86,143.75,22.36
14185,160.26,Toco,6.0,4.58,358.7,399.05,703.23,175.73
14186,177.94,Toco,6.0,5.84,467.8,443.31,797.26,201.08
14187,68.76,VUC,3.0,0.46,120.87,148.3,205.41,32.03
14188,41.01,VUC,3.0,1.05,47.25,95.59,127.39,26.71
14189,17.11,3/4,4.0,3.43,43.29,38.68,105.92,12.87
14190,59.59,VUC,3.0,2.72,130.3,133.67,194.66,39.83
14191,51.56,3/4,4.0,2.18,98.49,127.54,185.06,42.64
14192,320.96,Carreta_Bau,28.0,15.71,523.8,470.7,2434.6,1010.91
14193,93.35,Toco,6.0,5.25,235.69,247.14,441.12,104.64
14194,190.49,Truck,14.0,7.57,575.52,566.83,1130.7,307.99
14195,72.12,3/4,4.0,3.28,195.58,171.97,271.8,71.88
14196,93.74,Toco,6.0,5.74,273.43,260.28,453.96,99.27
14197,20.96,3/4,4.0,1.49,53.99,61.3,91.28,24.77
14198,437.75,Carreta_Bau,28.0,10.73,478.86,622.16,3165.88,1359.63
14199,73.31,VUC,3.0,2.84,170.97,175.57,247.7,46.72
14200,54.2,3/4,4.0,2.04,145.33,133.64,205.71,47.36
14201,68.84,3/4,4.0,0.65,133.54,158.62,241.13,52.34
14202,356.89,Carreta_Sider,28.0,16.16,512.48,541.43,2762.51,1158.12
14203,46.55,Toco,6.0,4.05,127.2,127.65,237.83,49.45
14204,23.33,3/4,4.0,1.43,75.88,45.7,87.18,24.02
14205,119.05,3/4,4.0,3.07,301.12,291.7,432.03,102.53
14206,247.1,Carreta_Sider,28.0,9.74,424.24,389.45,1891.85,804.08
14207,8.16,VUC,3.0,0.76,41.19,8.0,29.55,7.96
14208,80.28,VUC,3.0,1.09,150.49,176.11,239.88,48.57
14209,78.15,3/4,4.0,2.42,197.27,203.19,291.46,52.94
14210,18.79,3/4,4.0,3.51,63.55,50.94,102.18,8.46
14211,459.83,Carreta_Sider,28.0,16.8,610.2,651.97,3500.39,1499.28
14212,62.71,Toco,6.0,5.23,152.08,182.63,324.1,61.46
14213,71.13,3/4,4.0,0.82,141.74,166.97,234.59,58.08
14214,54.74,Toco,6.0,2.8,163.05,152.55,247.66,60.2
14215,32.87,Toco,6.0,3.12,70.28,113.22,156.45,34.13
14216,84.17,VUC,3.0,2.49,157.74,195.68,266.12,53.43
14217,212.91,3/4,4.0,2.68,502.27,492.62,742.47,191.39
14218,62.46,VUC,3.0,2.45,126.25,118.32,206.56,40.95
14219,400.88,Carreta_Bau,28.0,12.26,562.56,575.32,2938.27,1254.12
14220,134.87,VUC,3.0,2.83,308.09,284.87,415.97,83.38
14221,69.54,Truck,14.0,11.78,211.95,232.79,530.58,115.4
14222,63.34,Toco,6.0,5.57,179.19,156.27,325.26,67.82
14223,69.64,Truck,14.0,5.23,239.34,232.73,443.84,121.51
14224,17.2,3/4,4.0,0.62,59.18,41.73,57.92,17.08
14225,87.96,VUC,3.0,2.02,162.99,199.63,279.74,63.84
14226,490.48,Carreta_Sider,28.0,15.92,631.64,705.06,3700.6,1598.76
14227,30.01,Truck,14.0,11.37,93.36,121.07,326.64,55.96
14228,80.13,VUC,3.0,0.7,185.14,182.03,229.72,45.37
14229,85.3,Toco,6.0,3.94,227.1,231.07,383.61,94.34
14230,63.26,3/4,4.0,1.28,154.66,139.1,222.13,48.52
14231,285.97,Carreta_Sider,28.0,16.45,444.64,469.84,2266.5,930.36
14232,58.45,3/4,4.0,1.14,135.31,160.74,216.27,48.96
14233,303.92,Carreta_Bau,28.0,25.91,489.86,466.47,2477.56,973.64
14234,337.18,Carreta_Sider,28.0,8.56,416.63,455.11,2513.46,1074.29
14235,13.92,VUC,3.0,1.92,41.01,55.83,66.97,13.88
14236,43.7,VUC,3.0,0.46,103.18,76.31,128.79,18.94
14237,59.66,VUC,3.0,0.85,155.3,142.21,187.7,46.07
14238,249.46,Carreta_Sider,28.0,16.08,354.66,397.58,2013.92,808.8
14239,11.45,VUC,3.0,0.55,20.8,42.46,33.75,10.01
14240,403.25,Carreta_Sider,28.0,17.12,540.65,576.35,3099.08,1319.96
14241,101.2,VUC,3.0,0.92,204.23,220.04,290.86,58.37
14242,163.94,Truck,14.0,10.75,543.14,463.37,1018.78,273.26
14243,14.14,Truck,14.0,12.43,73.98,72.84,249.89,24.39
14244,94.41,Toco,6.0,4.77,245.17,252.83,430.16,107.02
14245,175.25,Toco,6.0,1.22,490.45,458.11,722.88,192.31
14246,34.23,Truck,14.0,8.01,110.62,117.14,300.5,60.01
14247,365.02,Carreta_Sider,28.0,6.85,510.39,538.22,2687.55,1162.35
14248,35.83,Truck,14.0,6.97,122.2,121.71,293.46,57.62
14249,26.89,Truck,14.0,12.09,106.32,114.05,302.3,40.57
14250,473.51,Carreta_Bau,28.0,5.18,603.69,648.97,3335.33,1457.36
14251,62.79,Toco,6.0,2.18,144.88,185.55,294.89,69.81
14252,47.05,Truck,14.0,11.94,167.16,147.16,412.14,81.17
14253,75.93,VUC,3.0,1.49,161.85,167.26,230.42,51.39
14254,50.64,VUC,3.0,1.05,121.42,120.37,160.85,33.5
14255,122.05,Truck,14.0,13.4,297.69,399.15,832.73,206.12
14256,5.4,Toco,6.0,1.69,22.29,60.02,49.57,3.49
14257,47.92,3/4,4.0,3.28,104.69,104.64,187.17,47.98
14258,9.02,Toco,6.0,1.81,32.22,32.61,45.08,12.98
14259,457.29,Carreta_Bau,28.0,27.12,709.82,614.76,3547.66,1475.68
14260,79.24,3/4,4.0,3.27,198.31,223.94,297.29,73.8
14261,443.29,Carreta_Bau,28.0,10.78,665.11,618.77,3198.76,1380.69
14262,127.57,Toco,6.0,5.92,311.63,343.32,595.56,142.48
14263,14.34,VUC,3.0,0.74,24.87,37.35,54.69,13.5
14264,155.87,Truck,14.0,12.33,479.83,466.47,996.19,253.2
14265,243.77,Carreta_Sider,28.0,20.85,431.32,422.51,2036.46,813.3
14266,23.74,VUC,3.0,0.89,94.66,46.5,76.89,12.04
14267,45.86,Toco,6.0,3.69,117.37,117.19,234.09,47.67
14268,143.73,Truck,14.0,2.24,493.16,419.65,807.81,229.37
14269,417.27,Carreta_Sider,28.0,17.84,576.32,607.98,3200.61,1368.35
14270,309.23,Carreta_Sider,28.0,18.06,435.57,488.39,2447.38,1015.95
14271,269.57,Carreta_Bau,28.0,13.92,406.25,418.24,2041.51,854.21
14272,21.76,3/4,4.0,3.4,58.34,53.87,113.82,18.43
14273,403.1,Carreta_Bau,28.0,26.35,557.2,581.12,3164.68,1300.53
14274,219.48,Toco,6.0,3.62,556.65,560.78,929.13,231.11
14275,53.07,VUC,3.0,2.17,140.23,131.44,174.97,28.98
14276,45.92,3/4,4.0,1.1,140.75,131.55,161.99,37.82
14277,90.68,Toco,6.0,5.99,213.54,241.03,449.52,102.71
14278,465.4,Carreta_Sider,28.0,24.62,543.7,662.97,3646.09,1543.12
14279,12.04,VUC,3.0,2.87,14.48,26.06,64.62,10.51
14280,372.94,Carreta_Sider,28.0,22.72,498.98,577.74,2964.31,1231.67
14281,56.48,3/4,4.0,1.7,146.22,135.32,211.38,46.32
14282,69.56,3/4,4.0,1.35,157.62,159.52,256.78,70.2
14283,15.61,3/4,4.0,2.34,48.01,53.52,66.39,11.93
14284,61.92,Truck,14.0,3.08,155.44,218.86,384.02,104.19
14285,242.26,Carreta_Bau,28.0,17.33,383.69,377.52,1931.05,759.8
14286,82.65,3/4,4.0,1.86,222.82,207.92,300.07,70.28
14287,324.45,Carreta_Bau,28.0,21.52,487.03,483.61,2542.96,1031.83
14288,75.67,Truck,14.0,9.55,191.5,242.17,535.96,134.35
14289,205.27,Toco,6.0,2.16,493.1,533.65,855.91,217.4
14290,89.1,Toco,6.0,4.64,257.71,256.79,430.77,97.74
14291,69.57,Toco,6.0,2.49,214.51,182.68,318.95,70.75
14292,39.85,Truck,14.0,5.06,159.35,147.14,291.4,59.91
14293,87.76,Toco,6.0,3.03,240.53,238.42,407.35,94.56
14294,24.51,Toco,6.0,1.71,87.2,84.74,131.26,27.99
14295,513.62,Carreta_Sider,28.0,11.94,795.96,732.15,3802.45,1664.59
14296,57.12,3/4,4.0,1.48,162.47,132.74,209.86,44.98
14297,73.67,3/4,4.0,0.67,179.51,189.74,272.5,58.04
14298,83.38,3/4,4.0,1.62,172.17,203.28,294.32,76.46
14299,87.41,Toco,6.0,3.28,188.91,251.02,393.71,102.76
14300,280.13,Carreta_Bau,28.0,23.95,433.5,447.75,2275.12,897.82
14301,11.73,VUC,3.0,0.91,39.63,34.42,32.99,9.73
14302,476.13,Carreta_Sider,28.0,11.99,666.63,682.87,3533.93,1546.69
14303,510.66,Carreta_Bau,28.0,4.9,592.31,678.01,3580.29,1587.11
14304,70.07,VUC,3.0,0.64,137.05,150.36,204.47,46.09
14305,22.57,VUC,3.0,1.36,56.95,48.55,84.16,18.14
14306,74.9,Toco,6.0,3.45,168.01,195.16,346.08,82.02
14307,67.76,VUC,3.0,2.36,165.99,114.16,226.26,36.59
14308,20.5,3/4,4.0,3.19,64.98,55.57,106.92,19.35
14309,322.71,Carreta_Bau,28.0,25.95,372.21,492.46,2606.21,1045.85
14310,405.25,Carreta_Bau,28.0,25.81,519.35,598.88,3166.32,1300.61
14311,79.79,VUC,3.0,0.71,196.8,163.04,249.54,40.9
14312,338.2,Carreta_Sider,28.0,6.87,501.9,495.62,2494.53,1083.97
14313,46.02,VUC,3.0,1.72,120.34,104.93,156.72,20.73
14314,133.92,Toco,6.0,3.91,387.76,359.65,582.97,138.25
14315,53.49,3/4,4.0,2.63,157.95,138.02,208.45,37.42
14316,92.4,Toco,6.0,3.38,248.0,251.99,429.26,90.28
14317,499.78,Carreta_Bau,28.0,27.55,576.42,711.51,3848.03,1619.61
14318,289.07,Carreta_Bau,28.0,16.31,456.03,450.15,2216.77,913.17
14319,474.98,Carreta_Bau,28.0,26.46,658.41,660.81,3649.52,1541.11
14320,63.75,Toco,6.0,5.94,166.19,202.8,342.06,74.59
14321,373.63,Carreta_Bau,28.0,14.77,564.33,511.97,2782.96,1185.95
14322,57.56,VUC,3.0,0.79,122.68,142.99,172.49,33.03
14323,5.53,Truck,14.0,5.98,37.57,48.24,108.49,10.77
14324,22.13,VUC,3.0,1.36,55.2,75.58,76.86,7.72
14325,6.42,3/4,4.0,3.62,33.49,28.56,73.02,4.16
14326,34.33,VUC,3.0,2.9,89.52,77.4,125.96,29.69
14327,35.35,VUC,3.0,0.88,99.12,69.51,107.92,22.1
14328,139.71,VUC,3.0,0.5,329.67,283.76,409.65,86.31
14329,272.25,Carreta_Sider,28.0,23.97,401.3,441.8,2275.73,901.53
14330,178.24,3/4,4.0,2.5,454.52,400.55,620.41,152.36
14331,52.26,VUC,3.0,2.37,136.59,110.72,175.66,34.66
14332,167.19,Toco,6.0,2.59,483.58,414.5,710.22,186.76
14333,66.77,VUC,3.0,0.85,130.3,163.81,195.84,38.5
14334,20.32,Toco,6.0,2.25,86.64,59.12,114.47,20.78
14335,398.91,Carreta_Sider,28.0,5.35,450.74,578.45,2907.22,1271.46
14336,58.75,3/4,4.0,1.91,142.65,144.85,206.87,45.04
14337,87.44,VUC,3.0,0.7,203.67,196.47,263.67,52.74
14338,20.84,VUC,3.0,1.63,42.9,52.04,74.35,17.17
14339,63.98,Truck,14.0,11.61,226.58,221.14,507.59,102.0
14340,107.76,Truck,14.0,2.67,316.47,331.95,633.83,186.08
14341,8.15,3/4,4.0,3.65,21.59,52.63,69.54,15.23
14342,52.33,VUC,3.0,0.76,113.79,110.42,154.9,33.82
14343,71.48,VUC,3.0,2.12,149.27,148.03,236.6,49.07
14344,7.1,VUC,3.0,1.06,27.81,21.7,27.62,8.35
14345,505.61,Carreta_Sider,28.0,24.31,738.82,721.52,3945.33,1678.44
14346,286.22,Carreta_Sider,28.0,4.45,493.44,446.42,2097.16,910.67
14347,303.15,Carreta_Bau,28.0,14.23,471.31,448.16,2287.64,966.56
14348,222.26,Carreta_Sider,28.0,27.09,379.42,391.89,1995.01,737.17
14349,34.36,Toco,6.0,1.48,84.88,100.51,162.36,34.68
14350,131.39,Truck,14.0,11.15,344.07,393.47,867.06,217.88
14351,83.89,3/4,4.0,3.07,190.19,203.23,316.74,75.18
14352,24.52,VUC,3.0,1.26,34.3,84.01,84.09,25.64
14353,345.0,Carreta_Sider,28.0,5.64,560.91,520.55,2510.38,1099.88
14354,69.78,VUC,3.0,2.57,167.06,171.44,234.37,48.38
14355,241.52,Carreta_Bau,28.0,25.74,403.66,404.93,2048.05,779.19
14356,360.23,Carreta_Sider,28.0,7.24,584.07,553.64,2656.71,1151.92
14357,331.2,Carreta_Bau,28.0,24.38,463.01,513.74,2642.15,1069.14
14358,59.71,VUC,3.0,2.57,118.83,116.16,199.34,41.07
14359,18.9,VUC,3.0,1.92,52.79,62.13,69.48,17.11
14360,187.19,Truck,14.0,11.42,580.03,557.35,1161.2,308.77
14361,71.5,3/4,4.0,0.73,149.5,182.82,249.2,56.57
14362,52.42,Truck,14.0,8.0,162.83,153.4,395.65,83.95
14363,291.2,Carreta_Sider,28.0,27.21,438.67,450.1,2465.76,972.26
14364,225.93,Carreta_Bau,28.0,22.65,334.55,376.74,1887.0,728.12
14365,196.88,Toco,6.0,2.27,445.11,477.25,823.15,221.9
14366,14.19,VUC,3.0,2.04,52.36,52.23,57.74,10.03
14367,90.39,Toco,6.0,1.98,218.13,242.77,388.83,106.11
14368,48.77,VUC,3.0,1.02,127.08,139.81,154.25,33.99
14369,71.8,VUC,3.0,0.93,159.84,164.94,211.33,42.0
14370,23.81,VUC,3.0,0.93,71.87,71.03,71.79,15.63
14371,16.48,3/4,4.0,2.3,52.46,61.19,87.49,17.83
14372,71.46,Truck,14.0,5.79,206.91,226.28,462.96,119.94
14373,65.32,Toco,6.0,4.87,180.29,183.36,329.53,69.53
14374,28.94,VUC,3.0,2.73,46.13,72.37,111.77,17.14
14375,71.91,Truck,14.0,7.9,194.82,195.07,490.06,115.79
14376,49.95,Toco,6.0,1.88,144.81,157.26,216.03,52.45
14377,422.12,Carreta_Sider,28.0,27.95,583.42,641.88,3395.13,1410.84
14378,35.72,VUC,3.0,0.57,102.86,97.6,104.33,31.84
14379,100.06,Truck,14.0,8.64,327.03,308.72,656.13,161.84
14380,75.61,Truck,14.0,4.71,213.65,233.84,471.82,113.68
14381,60.13,Toco,6.0,5.68,148.55,153.86,307.01,58.2
14382,50.16,Toco,6.0,2.56,126.59,125.06,217.63,58.1
14383,74.35,3/4,4.0,3.86,160.02,174.52,297.26,61.77
14384,53.58,VUC,3.0,2.93,118.42,126.68,191.42,36.51
14385,209.28,Truck,14.0,13.32,555.28,621.32,1310.37,346.0
14386,320.71,Carreta_Bau,28.0,23.07,490.93,480.38,2539.59,1025.78
14387,89.41,Truck,14.0,10.92,272.49,262.0,635.37,146.25
14388,78.44,Toco,6.0,5.76,175.58,205.34,392.53,83.67
14389,297.36,Carreta_Bau,28.0,9.52,341.37,443.51,2189.03,931.63
14390,36.6,3/4,4.0,3.35,98.43,76.73,157.79,38.07
14391,46.31,Truck,14.0,3.45,113.06,155.73,299.71,77.45
14392,494.57,Carreta_Sider,28.0,12.81,641.83,715.9,3693.25,1610.88
14393,91.12,Toco,6.0,2.95,225.2,232.01,416.93,91.92
14394,453.55,Carreta_Bau,28.0,27.89,595.43,676.1,3532.06,1464.95
14395,85.46,3/4,4.0,1.69,195.71,195.89,308.08,70.11
14396,21.4,VUC,3.0,1.86,59.49,53.91,67.82,17.31
14397,28.96,VUC,3.0,2.07,54.1,79.45,113.74,12.4
14398,414.43,Carreta_Sider,28.0,20.33,594.7,606.8,3233.08,1365.66
14399,37.16,Toco,6.0,1.51,111.15,86.21,173.89,32.39
14400,313.48,Carreta_Bau,28.0,17.51,422.82,476.08,2407.09,995.73
14401,277.29,Carreta_Sider,28.0,19.31,394.69,445.49,2246.23,915.38
14402,110.54,Toco,6.0,5.51,311.13,289.41,525.21,116.8
14403,84.07,3/4,4.0,3.85,189.76,205.41,329.05,71.08
14404,88.39,Truck,14.0,4.9,227.51,277.62,560.35,148.54
14405,77.01,3/4,4.0,1.32,156.47,174.31,279.96,71.36
14406,29.09,Toco,6.0,4.39,75.62,100.02,165.93,24.75
14407,444.21,Carreta_Bau,28.0,15.85,675.27,612.46,3279.08,1402.74
14408,84.72,Toco,6.0,4.69,223.88,250.57,396.27,96.4
14409,278.05,Carreta_Bau,28.0,24.39,366.41,454.73,2279.96,892.33
14410,6.99,3/4,4.0,0.64,31.97,16.89,41.0,12.97
14411,42.48,VUC,3.0,2.69,62.68,118.11,162.5,25.02
14412,38.36,3/4,4.0,1.5,99.0,106.76,144.9,30.09
14413,231.41,Carreta_Bau,28.0,27.27,405.27,397.6,2003.79,743.75
14414,52.71,3/4,4.0,2.06,167.38,130.79,209.42,45.79
14415,55.02,Toco,6.0,5.25,122.94,152.02,297.63,59.46
14416,352.82,Carreta_Bau,28.0,8.96,559.58,504.6,2549.64,1101.12
14417,24.51,3/4,4.0,2.39,59.09,57.63,114.29,19.08
14418,22.61,3/4,4.0,0.82,63.26,39.43,79.75,17.94
14419,77.12,VUC,3.0,2.32,173.81,162.68,242.0,51.3
14420,10.93,VUC,3.0,2.85,16.27,27.34,54.75,3.28
14421,48.89,VUC,3.0,2.6,84.38,98.7,164.56,37.24
14422,21.44,3/4,4.0,2.91,61.6,72.73,96.43,22.04
14423,33.08,Toco,6.0,1.51,126.85,103.36,147.44,38.79
14424,29.23,Truck,14.0,13.81,102.69,107.81,342.04,44.08
14425,68.48,3/4,4.0,1.77,159.04,163.76,252.77,65.64
14426,45.5,Toco,6.0,4.13,115.28,135.61,235.42,40.76
14427,31.25,3/4,4.0,1.53,94.56,75.11,112.86,30.18
14428,79.65,3/4,4.0,3.41,175.63,158.46,324.49,69.62
14429,11.81,3/4,4.0,1.89,48.56,59.15,59.06,13.57
14430,73.74,VUC,3.0,1.45,140.44,162.42,218.3,46.24
14431,26.6,3/4,4.0,0.62,43.65,78.15,102.8,22.71
14432,415.51,Carreta_Bau,28.0,17.89,488.0,592.76,3115.59,1319.66
14433,317.3,Carreta_Sider,28.0,10.17,423.98,461.11,2389.1,1021.55
14434,87.54,Toco,6.0,5.6,266.09,227.2,426.21,98.42
14435,4.51,Truck,14.0,11.42,52.21,44.57,177.13,8.99
14436,54.66,3/4,4.0,3.84,142.98,136.32,226.13,58.65
14437,158.57,Truck,14.0,6.74,462.77,452.37,951.65,250.07
14438,60.63,VUC,3.0,2.14,127.29,142.46,197.74,45.96
14439,56.53,3/4,4.0,2.14,143.22,149.84,218.76,50.39
14440,78.17,Truck,14.0,12.92,247.77,245.84,593.52,132.27
14441,14.21,VUC,3.0,1.28,35.1,55.9,56.53,2.96
14442,41.82,Truck,14.0,6.01,139.17,150.45,303.08,73.82
14443,486.7,Carreta_Sider,28.0,12.91,587.52,689.56,3622.0,1570.13
14444,142.96,Truck,14.0,8.02,367.75,419.13,872.81,241.28
14445,82.6,Truck,14.0,12.66,261.26,260.82,612.37,135.15
14446,84.87,3/4,4.0,1.31,181.1,215.84,307.66,78.6
14447,49.35,VUC,3.0,2.11,100.99,94.22,168.22,28.62
14448,54.77,VUC,3.0,1.23,130.73,105.6,155.73,30.4
14449,73.52,VUC,3.0,0.66,177.15,157.34,229.76,45.97
14450,74.94,VUC,3.0,2.88,183.7,167.3,250.19,45.7
14451,507.07,Carreta_Sider,28.0,22.9,675.28,718.54,3928.62,1674.74
14452,283.05,Carreta_Sider,28.0,26.86,459.21,467.84,2403.41,951.63
14453,497.31,Carreta_Sider,28.0,13.73,653.58,700.96,3704.2,1610.12
14454,483.73,Carreta_Sider,28.0,22.22,679.43,691.82,3737.42,1597.44
14455,84.82,Toco,6.0,4.22,216.52,224.68,406.64,101.04
14456,80.79,Truck,14.0,9.47,242.82,266.2,551.93,134.29
14457,41.71,VUC,3.0,0.55,114.86,114.58,117.5,32.04
14458,63.13,3/4,4.0,0.84,176.73,151.45,220.63,55.47
14459,47.97,3/4,4.0,1.26,147.89,127.67,167.79,45.34
14460,267.66,Carreta_Sider,28.0,22.04,363.87,432.73,2223.4,882.88
14461,14.73,VUC,3.0,2.49,53.15,26.91,73.97,12.76
14462,78.77,3/4,4.0,2.8,158.81,168.42,299.34,76.61
14463,58.76,Truck,14.0,4.39,196.21,205.06,374.46,93.2
14464,435.01,Carreta_Sider,28.0,22.71,554.09,645.83,3412.06,1439.32
14465,9.28,3/4,4.0,0.99,44.43,41.78,56.08,4.59
14466,65.6,VUC,3.0,2.73,110.88,162.29,208.37,48.34
14467,29.76,3/4,4.0,1.91,81.32,71.05,129.84,17.01
14468,133.15,Truck,14.0,10.75,346.69,414.13,865.58,218.85
14469,130.16,Toco,6.0,1.76,345.9,342.85,550.25,144.36
14470,10.3,VUC,3.0,1.25,44.64,27.8,45.17,6.04
14471,246.28,Carreta_Sider,28.0,15.99,320.86,371.66,1979.58,793.67
14472,59.2,Truck,14.0,8.01,153.01,173.24,420.9,93.15
14473,354.16,Carreta_Sider,28.0,6.51,520.3,545.19,2594.51,1128.0
14474,70.63,Truck,14.0,8.62,227.97,249.24,502.48,123.84
14475,51.07,VUC,3.0,0.64,125.41,97.16,146.3,36.27
14476,98.96,Truck,14.0,13.09,307.74,281.2,703.47,169.85
14477,4.51,3/4,4.0,2.03,17.43,44.54,35.95,-2.1
14478,56.5,Toco,6.0,3.14,148.48,157.46,269.86,61.46
14479,313.95,Carreta_Sider,28.0,17.93,475.05,475.94,2480.08,1034.97
14480,509.65,Carreta_Sider,28.0,22.8,592.65,705.55,3933.1,1688.56
14481,4.6,3/4,4.0,0.84,16.94,8.27,33.56,1.53
14482,459.84,Carreta_Sider,28.0,20.93,706.77,680.02,3555.45,1517.64
14483,193.8,Truck,14.0,12.94,608.36,576.13,1210.63,317.01
14484,88.3,Truck,14.0,7.33,245.87,248.39,576.47,139.86
14485,319.43,Carreta_Bau,28.0,4.52,456.41,455.88,2271.65,974.53
14486,28.32,3/4,4.0,1.44,88.84,100.88,112.99,23.41
14487,167.85,Truck,14.0,13.3,502.04,505.12,1085.05,283.73
14488,83.26,Truck,14.0,3.5,251.21,236.38,497.95,128.95
14489,5.1,VUC,3.0,0.48,16.27,13.59,27.43,2.98
14490,12.85,3/4,4.0,3.78,55.65,44.71,77.99,7.18
14491,45.08,VUC,3.0,2.65,124.84,119.48,166.37,26.72
14492,206.89,Toco,6.0,3.25,441.02,525.76,872.44,219.31
14493,487.28,Carreta_Bau,28.0,4.33,657.46,677.85,3408.08,1506.44
14494,73.03,VUC,3.0,1.94,161.56,166.61,224.97,43.82
14495,89.77,Truck,14.0,11.82,284.56,250.13,641.02,148.02
14496,51.42,Toco,6.0,2.36,152.57,153.01,233.79,52.88
14497,36.35,Toco,6.0,1.78,97.16,105.6,164.94,40.67
14498,8.05,3/4,4.0,3.68,31.7,28.42,76.57,19.66
14499,519.06,Carreta_Bau,28.0,22.48,666.37,720.48,3889.68,1673.57
14500,198.09,Toco,6.0,3.19,557.05,502.05,827.36,213.78
14501,57.12,VUC,3.0,2.76,117.87,133.77,191.58,39.7
14502,38.58,Toco,6.0,4.0,120.89,108.1,218.9,47.19
14503,86.73,Truck,14.0,13.33,260.74,267.53,641.69,151.39
14504,47.69,VUC,3.0,0.71,88.65,125.63,139.55,33.42
14505,73.66,3/4,4.0,2.08,177.36,181.45,268.87,68.07
14506,81.19,VUC,3.0,2.18,218.34,185.57,266.01,54.85
14507,12.94,3/4,4.0,1.99,19.38,36.89,64.77,8.04
14508,44.12,3/4,4.0,1.79,103.44,128.95,162.75,42.9
14509,185.13,Truck,14.0,10.38,581.04,548.66,1135.63,306.47
14510,85.33,Truck,14.0,9.31,226.76,262.49,586.48,142.13
14511,42.63,VUC,3.0,1.17,71.03,117.79,138.59,20.53
14512,55.43,3/4,4.0,2.11,136.06,134.67,203.85,43.31
14513,258.14,Carreta_Bau,28.0,21.02,459.42,415.65,2081.72,821.13
14514,83.45,VUC,3.0,2.05,178.89,167.54,268.31,56.76
14515,25.17,3/4,4.0,2.14,69.48,63.49,112.37,30.54
14516,85.41,Toco,6.0,2.23,260.63,239.57,380.04,95.84
14517,40.13,3/4,4.0,0.99,111.99,103.92,147.49,32.75
14518,57.97,Toco,6.0,5.18,135.93,165.28,305.5,59.34
14519,284.49,Carreta_Bau,28.0,23.72,364.43,445.48,2309.85,918.3
14520,33.85,VUC,3.0,2.01,95.54,81.98,115.79,23.69
14521,51.97,VUC,3.0,1.91,112.28,112.17,174.6,17.71
14522,8.49,VUC,3.0,0.8,24.19,23.24,28.83,10.82
14523,132.93,Truck,14.0,7.42,402.95,393.52,823.9,218.84
14524,157.78,Truck,14.0,7.86,420.28,463.1,959.2,247.2
14525,275.55,Carreta_Sider,28.0,15.18,443.35,444.01,2169.76,899.59
14526,9.94,VUC,3.0,1.07,23.94,38.98,40.06,6.98
14527,195.05,Toco,6.0,1.53,523.9,515.24,812.17,201.62
14528,454.1,Carreta_Bau,28.0,26.37,638.62,654.82,3510.64,1473.72
14529,41.74,3/4,4.0,2.49,132.92,96.9,177.67,37.96
14530,34.48,VUC,3.0,2.65,81.49,75.08,124.59,20.34
14531,414.41,Carreta_Sider,28.0,20.19,553.29,620.29,3216.18,1358.21
14532,60.04,VUC,3.0,2.54,106.88,146.01,198.01,38.41
14533,322.94,Carreta_Sider,28.0,9.34,470.52,501.65,2427.62,1037.08
14534,7.45,VUC,3.0,0.72,11.36,27.59,37.4,7.82
14535,19.26,3/4,4.0,2.69,63.04,55.92,96.78,15.48
14536,23.07,Toco,6.0,3.7,70.05,81.96,135.08,23.3
14537,278.87,Carreta_Bau,28.0,6.5,372.93,401.66,2018.13,863.44
14538,448.17,Carreta_Bau,28.0,18.75,577.41,626.16,3348.09,1419.9
14539,44.08,3/4,4.0,1.22,114.21,140.98,148.37,36.47
14540,26.46,Truck,14.0,3.39,92.25,93.32,188.13,49.57
14541,16.53,VUC,3.0,2.96,67.4,47.69,83.79,8.68
14542,58.38,3/4,4.0,2.49,148.41,143.4,223.08,49.03
14543,165.55,Toco,6.0,2.58,469.27,446.35,701.25,174.49
14544,71.69,VUC,3.0,0.7,152.41,142.74,220.9,50.6
14545,66.36,Toco,6.0,5.58,150.75,194.35,331.38,65.12
14546,29.13,VUC,3.0,2.85,89.73,68.05,109.49,14.94
14547,472.14,Carreta_Sider,28.0,10.32,554.45,655.08,3490.23,1523.7
14548,81.75,Truck,14.0,7.28,252.26,231.76,533.58,132.44
14549,115.86,Truck,14.0,9.78,366.41,376.58,749.72,195.15
14550,59.68,Toco,6.0,1.47,172.67,175.22,272.51,62.62
14551,59.93,3/4,4.0,2.43,115.31,131.07,222.39,47.57
14552,487.44,Carreta_Bau,28.0,9.4,552.1,646.02,3481.02,1516.03
14553,23.37,3/4,4.0,1.37,80.25,58.64,98.35,13.1
14554,153.99,Truck,14.0,9.28,427.7,465.05,951.21,248.85
14555,26.04,VUC,3.0,1.24,65.8,64.3,79.92,21.11
14556,440.14,Carreta_Sider,28.0,17.3,541.19,621.41,3375.1,1436.54
14557,102.67,Toco,6.0,2.24,276.72,269.86,439.64,110.07
14558,441.41,Carreta_Bau,28.0,15.81,579.4,635.48,3260.39,1392.53
14559,47.2,VUC,3.0,2.83,108.21,119.01,169.23,23.08
14560,343.23,Carreta_Sider,28.0,15.74,404.64,492.74,2671.12,1109.85
14561,103.09,Toco,6.0,3.46,294.6,258.28,457.78,113.9
14562,25.64,Truck,14.0,7.96,93.05,98.08,241.05,39.84
14563,66.62,Toco,6.0,5.27,154.12,187.14,338.02,72.54
14564,424.04,Carreta_Sider,28.0,20.43,629.4,637.24,3311.1,1397.28
14565,32.08,VUC,3.0,0.53,61.17,77.88,100.16,15.43
14566,138.16,Truck,14.0,3.5,384.23,416.11,790.7,218.73
14567,324.46,Carreta_Sider,28.0,17.95,448.39,467.83,2560.27,1059.6
14568,17.82,VUC,3.0,2.39,38.57,44.53,64.2,13.26
14569,17.8,VUC,3.0,0.75,58.85,58.66,56.59,9.4
14570,15.58,Toco,6.0,3.46,64.45,85.05,94.16,13.76
14571,44.02,3/4,4.0,2.78,109.91,95.85,177.67,46.07
14572,236.1,Carreta_Bau,28.0,13.74,401.67,376.87,1821.97,741.51
14573,4.28,3/4,4.0,2.96,25.86,8.0,31.8,6.94
14574,53.36,VUC,3.0,1.32,112.78,119.3,168.69,24.91
14575,417.65,Carreta_Sider,28.0,19.03,479.41,624.28,3235.09,1362.81
14576,31.15,Truck,14.0,11.21,117.49,131.52,319.81,54.51
14577,457.62,Carreta_Bau,28.0,26.95,703.24,649.22,3535.22,1475.14
14578,54.28,VUC,3.0,2.08,127.65,120.98,186.4,33.12
14579,89.12,Truck,14.0,6.28,239.75,311.15,576.94,139.85
14580,83.08,VUC,3.0,2.29,167.24,180.75,265.17,58.74
14581,292.32,Carreta_Sider,28.0,23.35,371.22,459.34,2411.94,970.15
14582,417.12,Carreta_Bau,28.0,14.07,516.43,579.93,3067.87,1310.25
14583,484.57,Carreta_Sider,28.0,12.83,660.88,660.99,3613.95,1569.59
14584,387.91,Carreta_Bau,28.0,7.83,447.9,553.73,2783.39,1201.45
14585,231.85,Carreta_Bau,28.0,20.31,391.17,391.09,1897.2,734.5
14586,291.91,Carreta_Sider,28.0,14.79,434.97,464.97,2284.2,946.06
14587,56.46,Truck,14.0,3.68,183.89,192.41,352.79,94.44
14588,192.75,Toco,6.0,3.76,505.82,484.57,821.77,208.02
14589,289.82,Carreta_Bau,28.0,27.76,381.84,455.65,2406.91,936.82
14590,199.5,3/4,4.0,0.77,460.28,474.4,682.66,163.33
14591,42.04,Toco,6.0,3.53,112.48,116.89,203.88,50.4
14592,67.55,3/4,4.0,3.78,161.47,159.79,269.03,55.28
14593,438.08,Carreta_Bau,28.0,27.03,615.64,641.45,3412.35,1421.17
14594,88.01,Truck,14.0,6.17,230.42,260.39,554.09,139.87
14595,48.55,Toco,6.0,1.78,114.35,122.0,229.74,49.02
14596,354.21,Carreta_Sider,28.0,14.21,500.63,514.54,2720.04,1159.75
14597,13.04,VUC,3.0,1.26,32.94,77.27,54.7,2.96
14598,73.71,VUC,3.0,1.68,139.04,178.2,240.77,47.05
14599,4.95,VUC,3.0,1.97,18.92,32.07,42.1,8.25
14600,73.58,VUC,3.0,2.41,167.49,151.26,237.7,40.1
14601,364.13,Carreta_Bau,28.0,19.29,442.87,539.89,2781.78,1157.79
14602,141.86,Truck,14.0,12.72,415.45,451.71,932.22,228.66
14603,95.62,Toco,6.0,4.65,273.6,260.79,447.01,105.25
14604,430.4,Carreta_Sider,28.0,16.54,679.66,606.33,3281.06,1413.99
14605,325.48,Carreta_Sider,28.0,7.04,463.73,495.26,2399.97,1028.97
14606,11.73,Toco,6.0,5.0,59.66,48.28,106.64,12.55
14607,490.91,Carreta_Sider,28.0,21.2,754.47,700.67,3787.5,1614.34
14608,13.7,3/4,4.0,1.74,52.09,32.96,50.23,6.49
14609,75.14,3/4,4.0,1.39,166.0,171.96,278.25,55.25
14610,323.33,Carreta_Bau,28.0,19.86,405.97,480.07,2517.84,1033.62
14611,186.24,Truck,14.0,3.1,447.72,530.99,1043.58,299.16
14612,66.75,Toco,6.0,4.91,166.01,184.42,332.69,64.23
14613,391.85,Carreta_Bau,28.0,9.6,540.01,544.35,2839.98,1215.02
14614,55.13,VUC,3.0,1.96,97.61,149.16,179.52,32.78
14615,78.67,VUC,3.0,1.22,179.78,180.85,244.81,42.11
14616,81.47,VUC,3.0,1.67,148.67,190.65,256.8,52.64
14617,45.63,Toco,6.0,4.98,130.35,131.62,247.3,51.57
14618,94.66,Toco,6.0,2.36,208.38,223.38,406.47,102.94
14619,36.54,3/4,4.0,0.71,90.62,108.23,132.51,40.39
14620,19.61,Truck,14.0,3.02,95.97,77.05,139.44,26.68
14621,80.98,Toco,6.0,1.28,202.4,222.97,349.66,83.75
14622,392.92,Carreta_Sider,28.0,15.12,635.23,574.96,2995.51,1275.16
14623,122.85,3/4,4.0,0.88,314.83,257.03,419.89,106.34
14624,389.8,Carreta_Sider,28.0,14.02,449.38,565.01,2964.43,1268.48
14625,41.82,Toco,6.0,4.46,133.53,112.2,216.05,40.22
14626,185.32,Truck,14.0,12.57,561.34,551.57,1165.88,315.81
14627,203.17,VUC,3.0,1.01,401.44,435.47,589.17,123.97
14628,83.58,Toco,6.0,5.37,205.35,257.07,403.56,96.74
14629,9.57,3/4,4.0,3.93,40.79,45.62,79.92,12.28
14630,14.11,Truck,14.0,9.55,58.47,61.63,218.71,25.2
14631,7.66,3/4,4.0,3.11,20.91,28.23,64.59,4.93
14632,58.78,VUC,3.0,1.68,135.45,140.74,195.54,36.11
14633,79.7,VUC,3.0,0.64,185.43,187.54,245.05,52.45
14634,40.64,Toco,6.0,5.8,93.59,104.66,241.27,47.78
14635,108.35,VUC,3.0,2.86,241.29,232.6,329.02,74.57
14636,12.25,VUC,3.0,1.27,30.19,35.68,48.29,11.34
14637,37.99,Toco,6.0,1.9,108.66,89.65,172.05,42.36
14638,361.63,Carreta_Sider,28.0,5.76,436.82,539.3,2666.77,1160.26
14639,35.67,Truck,14.0,8.02,111.19,131.0,294.97,55.29
14640,62.56,VUC,3.0,2.81,111.47,139.4,200.2,41.18
14641,63.35,VUC,3.0,0.55,161.23,145.54,170.56,36.92
14642,13.38,VUC,3.0,2.01,21.85,49.85,54.12,20.85
14643,42.24,3/4,4.0,3.44,108.11,138.27,182.5,40.25
14644,62.47,3/4,4.0,1.89,139.61,164.03,239.02,57.74
14645,27.56,VUC,3.0,2.01,79.06,53.74,94.31,20.01
14646,405.98,Carreta_Bau,28.0,14.76,477.11,615.27,3011.45,1277.12
14647,192.96,Truck,14.0,2.88,582.36,544.67,1078.11,321.99
14648,41.04,3/4,4.0,2.32,61.37,113.07,161.7,40.9
14649,59.85,3/4,4.0,0.9,157.91,145.46,214.15,48.14
14650,40.66,VUC,3.0,2.2,99.56,95.11,149.89,24.96
14651,431.83,Carreta_Bau,28.0,11.58,676.44,607.31,3135.5,1350.87
14652,418.86,Carreta_Sider,28.0,23.3,497.25,622.68,3298.36,1382.58
14653,6.81,VUC,3.0,1.95,14.75,46.51,44.24,2.65
14654,24.26,VUC,3.0,2.83,63.81,54.43,103.66,8.29
14655,74.62,Toco,6.0,4.66,180.33,209.9,358.37,70.03
14656,269.15,Carreta_Bau,28.0,21.45,437.14,434.81,2174.09,868.52
14657,124.0,Toco,6.0,2.45,270.29,356.36,518.64,130.86
14658,26.61,VUC,3.0,1.58,62.01,74.5,96.29,15.5
14659,78.41,VUC,3.0,2.35,183.75,158.17,255.02,51.24
14660,46.49,3/4,4.0,3.05,149.25,139.55,181.97,43.35
14661,214.08,3/4,4.0,2.95,544.34,486.07,742.02,187.19
14662,165.31,Toco,6.0,0.94,393.92,411.47,691.41,180.35
14663,47.04,3/4,4.0,0.66,62.92,138.33,175.49,41.83
14664,74.12,Toco,6.0,1.24,204.02,202.16,327.41,77.45
14665,38.88,VUC,3.0,0.53,100.5,89.17,114.15,30.68
14666,25.7,3/4,4.0,3.23,78.49,97.9,125.14,21.2
14667,502.5,Carreta_Bau,28.0,17.22,576.83,682.43,3703.61,1594.34
14668,13.56,Toco,6.0,3.47,52.43,46.39,86.87,7.03
14669,442.54,Carreta_Bau,28.0,6.24,697.4,615.82,3137.23,1374.3
14670,65.14,Truck,14.0,11.32,171.68,181.61,505.37,103.46
14671,46.76,3/4,4.0,0.92,96.79,121.56,174.21,31.62
14672,77.66,3/4,4.0,1.35,145.23,189.31,273.45,58.48
14673,45.65,VUC,3.0,2.54,85.39,95.31,166.81,30.76
14674,41.75,3/4,4.0,2.95,92.21,109.46,174.88,47.18
14675,128.31,Toco,6.0,1.37,351.5,336.79,550.48,135.59
14676,31.2,Truck,14.0,2.98,97.61,110.17,219.11,49.36
14677,22.15,VUC,3.0,1.49,59.6,69.72,82.13,17.98
14678,79.57,VUC,3.0,1.99,167.72,180.15,241.6,48.42
14679,12.66,3/4,4.0,1.44,52.29,41.59,51.76,9.86
14680,313.22,Carreta_Sider,28.0,18.13,476.5,495.22,2491.61,1023.23
14681,208.43,Toco,6.0,2.73,467.24,534.25,884.32,234.66
14682,86.09,Toco,6.0,3.9,174.6,273.76,394.97,94.3
14683,108.65,Toco,6.0,4.6,231.75,301.95,493.98,123.07
14684,231.98,Carreta_Bau,28.0,24.27,286.05,379.62,1958.36,740.78
14685,149.22,Toco,6.0,1.9,407.9,360.71,620.88,153.96
14686,6.45,Truck,14.0,3.11,33.4,32.59,80.31,13.65
14687,51.52,VUC,3.0,0.75,110.55,89.42,160.67,33.69
14688,9.31,Toco,6.0,1.74,34.84,51.19,66.13,15.1
14689,189.66,Toco,6.0,2.55,545.31,480.29,798.17,199.79
14690,233.78,Carreta_Bau,28.0,4.88,388.55,356.77,1699.41,720.02
14691,74.94,VUC,3.0,2.57,172.9,175.71,249.29,42.41
14692,23.25,Toco,6.0,5.23,73.95,73.8,153.64,23.22
14693,268.78,Carreta_Bau,28.0,21.17,414.67,431.05,2152.29,849.74
14694,294.09,Carreta_Sider,28.0,12.68,490.82,452.89,2269.96,950.13
14695,55.5,Truck,14.0,10.51,125.1,186.62,438.63,98.18
14696,316.08,Carreta_Sider,28.0,17.88,462.48,506.55,2493.43,1029.51
14697,87.4,Truck,14.0,9.98,278.97,286.48,606.33,139.64
14698,63.08,Toco,6.0,1.35,183.9,193.4,279.65,66.29
14699,20.23,Truck,14.0,12.51,88.66,94.46,286.21,32.76
14700,252.25,Carreta_Sider,28.0,12.5,437.6,381.71,1968.91,819.72
14701,306.8,Carreta_Bau,28.0,10.61,461.0,447.6,2250.2,950.52
14702,76.5,Truck,14.0,6.75,190.19,217.49,509.38,111.85
14703,44.17,Truck,14.0,5.04,148.41,161.48,303.17,71.61
14704,5.2,3/4,4.0,3.98,6.0,29.65,66.04,12.97
14705,48.3,3/4,4.0,2.8,130.28,141.75,193.79,40.3
14706,77.94,VUC,3.0,2.74,162.14,188.15,267.56,52.95
14707,43.13,VUC,3.0,2.88,119.41,100.61,168.74,27.88
14708,73.02,3/4,4.0,2.58,163.31,203.26,271.91,65.92
14709,68.2,VUC,3.0,2.49,139.36,166.88,213.65,42.92
14710,45.58,Truck,14.0,12.87,144.09,161.65,413.61,75.62
14711,272.59,Carreta_Bau,28.0,7.77,429.28,421.01,1993.83,853.43
14712,33.42,VUC,3.0,1.14,79.11,100.95,105.37,26.91
14713,70.12,VUC,3.0,1.47,163.46,162.89,209.61,41.29
14714,504.89,Carreta_Bau,28.0,19.02,671.05,685.15,3741.58,1599.35
14715,37.57,VUC,3.0,2.41,97.27,74.13,137.13,21.44
14716,19.48,VUC,3.0,1.33,43.22,49.0,70.56,6.78
14717,33.2,VUC,3.0,2.6,84.24,72.26,120.74,18.89
14718,83.79,3/4,4.0,2.82,198.39,205.78,311.38,71.01
14719,29.79,VUC,3.0,1.4,86.2,66.68,100.11,15.12
14720,25.38,Toco,6.0,4.37,78.53,78.04,158.08,30.37
14721,16.14,VUC,3.0,2.62,48.76,63.81,77.31,2.16
14722,9.02,Toco,6.0,2.61,53.15,65.02,58.94,3.82
14723,92.88,Toco,6.0,2.87,235.95,236.62,413.32,103.62
14724,52.85,Toco,6.0,4.43,137.46,145.74,266.26,67.46
14725,70.4,VUC,3.0,1.55,175.48,154.03,211.87,46.27
14726,74.34,VUC,3.0,0.9,182.62,169.27,220.73,42.75
14727,123.75,Truck,14.0,12.26,384.16,381.97,838.85,200.23
14728,36.06,Toco,6.0,1.93,106.95,100.45,176.9,36.72
14729,76.7,Toco,6.0,2.16,196.81,214.44,339.38,88.61
14730,91.5,Truck,14.0,12.43,311.25,281.22,655.39,154.84
14731,71.5,VUC,3.0,2.09,142.73,154.68,218.53,40.0
14732,344.03,Carreta_Sider,28.0,14.47,409.46,504.81,2637.93,1119.11
14733,68.77,3/4,4.0,1.9,193.94,183.35,253.24,65.17
14734,43.33,VUC,3.0,0.92,102.28,114.05,135.18,33.26
14735,177.3,Toco,6.0,1.25,466.75,457.96,732.32,195.14
14736,254.56,Carreta_Sider,28.0,25.84,346.94,434.9,2193.08,850.27
14737,327.25,Carreta_Bau,28.0,5.26,485.68,490.89,2336.51,1002.95
14738,80.56,VUC,3.0,0.61,166.68,187.98,220.93,46.52
14739,12.08,VUC,3.0,2.37,34.14,48.5,61.82,16.54
14740,417.92,Carreta_Bau,28.0,25.47,587.81,596.37,3254.51,1342.52
14741,72.22,Toco,6.0,4.52,233.85,177.26,349.48,69.78
14742,36.94,VUC,3.0,1.07,95.86,77.26,122.0,26.42
14743,510.54,Carreta_Bau,28.0,10.64,547.52,722.24,3659.43,1597.96
14744,55.5,3/4,4.0,3.87,115.29,137.68,230.8,47.75
14745,85.26,VUC,3.0,2.24,205.81,210.64,267.94,57.98
14746,59.06,VUC,3.0,2.56,128.58,142.35,198.32,34.35
14747,6.33,VUC,3.0,1.59,21.45,25.52,32.51,1.73
14748,69.76,VUC,3.0,2.43,165.2,143.97,233.26,36.31
14749,304.79,Carreta_Sider,28.0,27.54,508.61,477.2,2577.94,1011.38
14750,88.54,Toco,6.0,2.72,239.37,234.91,389.5,102.68
14751,62.42,3/4,4.0,1.69,140.57,152.72,222.05,35.91
14752,82.39,Toco,6.0,1.12,189.37,228.13,342.12,85.54
14753,79.1,Toco,6.0,4.66,219.4,205.79,380.38,84.26
14754,82.38,VUC,3.0,1.06,190.7,172.48,251.44,55.13
14755,204.22,Truck,14.0,5.12,564.55,605.85,1168.34,319.08
14756,35.31,VUC,3.0,2.06,81.69,112.28,127.12,18.98
14757,47.15,VUC,3.0,2.33,93.65,111.37,156.92,27.65
14758,431.42,Carreta_Sider,28.0,13.9,514.01,626.23,3238.92,1401.48
14759,81.17,Toco,6.0,5.72,189.28,219.27,396.16,90.06
14760,189.17,VUC,3.0,0.86,412.96,399.36,560.78,111.02
14761,86.85,3/4,4.0,2.39,210.5,206.41,320.82,72.08
14762,17.36,3/4,4.0,2.7,42.39,50.45,92.55,10.92
14763,310.83,Carreta_Bau,28.0,18.89,393.85,478.93,2419.58,988.72
14764,20.52,Toco,6.0,4.25,96.27,80.03,130.03,21.23
14765,35.56,VUC,3.0,2.07,76.34,82.8,126.17,31.7
14766,74.1,3/4,4.0,3.29,198.51,173.76,290.0,60.44
14767,454.85,Carreta_Bau,28.0,23.58,557.8,635.8,3466.65,1454.55
14768,83.62,3/4,4.0,3.92,201.41,212.59,328.39,69.94
14769,56.8,3/4,4.0,3.79,119.44,132.58,243.04,48.26
14770,266.61,Carreta_Sider,28.0,16.57,374.92,414.34,2126.6,873.85
14771,331.72,Carreta_Sider,28.0,21.0,462.49,514.62,2644.25,1089.73
14772,14.31,3/4,4.0,1.97,55.81,47.07,72.6,10.1
14773,31.64,VUC,3.0,2.11,87.18,76.26,109.72,22.23
14774,81.99,3/4,4.0,0.63,232.36,209.0,285.84,63.14
14775,35.63,Truck,14.0,6.47,112.43,125.5,275.42,61.01
14776,13.36,VUC,3.0,2.78,44.2,32.1,69.77,6.85
14777,31.49,Toco,6.0,4.34,86.97,100.74,188.99,29.99
14778,77.41,Truck,14.0,2.31,267.34,229.57,453.73,114.32
14779,48.91,3/4,4.0,2.38,143.37,137.53,181.17,36.03
14780,145.81,Truck,14.0,6.45,472.9,432.82,872.54,235.72
14781,19.61,3/4,4.0,3.35,60.52,46.48,104.96,16.43
14782,118.79,Truck,14.0,3.47,367.77,356.86,689.96,189.06
14783,514.17,Carreta_Sider,28.0,18.58,608.77,711.92,3911.03,1676.72
14784,32.45,VUC,3.0,2.27,55.97,94.38,114.64,19.97
14785,171.03,VUC,3.0,1.97,374.93,362.47,507.85,102.45
14786,237.61,Carreta_Sider,28.0,10.73,371.68,396.68,1833.66,759.33
14787,90.78,Toco,6.0,4.95,280.04,235.51,429.9,105.46
14788,309.49,Carreta_Sider,28.0,23.09,485.43,484.28,2532.3,1022.45
14789,43.31,Toco,6.0,2.74,124.59,131.76,208.31,48.83
14790,254.15,Carreta_Sider,28.0,10.55,405.35,404.99,1959.3,825.67
14791,44.19,Truck,14.0,10.0,115.51,141.08,367.24,72.37
14792,17.93,Truck,14.0,6.48,87.94,87.08,187.15,33.76
14793,31.71,VUC,3.0,1.33,59.49,81.74,109.83,21.96
14794,136.37,3/4,4.0,2.13,318.97,304.05,478.6,111.64
14795,78.14,Truck,14.0,7.55,186.22,240.37,513.53,126.57
14796,75.54,VUC,3.0,2.57,189.66,157.09,233.19,45.32
14797,43.63,3/4,4.0,3.84,110.21,107.82,192.11,40.73
14798,85.32,Truck,14.0,10.59,220.91,262.2,613.22,145.75
14799,178.69,Truck,14.0,3.15,453.98,517.61,1001.33,279.14
14800,304.72,Carreta_Sider,28.0,12.24,413.61,448.81,2337.69,980.48
14801,38.6,VUC,3.0,0.93,119.0,85.81,105.81,22.42
14802,82.65,VUC,3.0,2.14,186.96,196.29,262.12,49.19
14803,6.87,3/4,4.0,2.63,33.69,56.14,46.78,4.52
14804,35.6,3/4,4.0,3.94,108.38,80.92,162.84,32.57
14805,281.49,Carreta_Sider,28.0,14.86,336.45,459.28,2209.36,921.19
14806,434.23,Carreta_Bau,28.0,6.71,500.6,631.07,3074.56,1340.75
14807,81.81,Truck,14.0,9.22,256.29,254.59,584.99,131.44
14808,86.02,Toco,6.0,2.77,254.44,237.77,379.38,94.52
14809,72.83,VUC,3.0,0.9,147.02,175.99,222.79,45.54
14810,64.96,Toco,6.0,2.79,188.51,172.93,307.95,62.15
14811,78.21,3/4,4.0,1.41,160.45,202.76,281.53,61.0
14812,227.51,Carreta_Bau,28.0,8.89,327.78,361.53,1690.33,705.2
14813,68.39,VUC,3.0,1.68,184.7,166.63,214.76,47.53
14814,494.63,Carreta_Bau,28.0,23.48,649.3,709.34,3731.69,1589.89
14815,27.13,VUC,3.0,2.71,63.46,87.06,105.67,12.24
14816,46.43,Toco,6.0,2.23,122.2,128.8,227.82,45.8
14817,64.12,Toco,6.0,3.19,190.04,185.69,290.28,73.6
14818,57.49,VUC,3.0,2.6,135.91,125.03,187.75,35.0
14819,84.54,VUC,3.0,2.97,176.89,171.38,286.46,57.12
14820,47.12,3/4,4.0,3.49,88.62,118.98,197.5,39.51
14821,215.19,Truck,14.0,7.98,512.63,638.33,1255.58,351.59
14822,20.2,3/4,4.0,3.56,56.14,58.56,111.81,15.18
14823,235.8,Carreta_Bau,28.0,21.02,305.57,407.81,1929.31,756.97
14824,498.46,Carreta_Bau,28.0,6.9,677.78,674.9,3510.16,1534.82
14825,23.53,3/4,4.0,0.89,74.45,52.73,82.42,17.37
14826,80.99,Toco,6.0,5.67,252.32,217.0,411.4,94.78
14827,4.79,VUC,3.0,2.81,34.8,14.76,47.42,1.87
14828,83.09,VUC,3.0,1.62,190.28,201.76,264.87,52.4
14829,452.21,Carreta_Sider,28.0,19.95,709.09,658.65,3482.07,1489.92
14830,229.71,Carreta_Bau,28.0,11.45,401.77,368.56,1748.45,719.88
14831,9.06,VUC,3.0,2.24,32.85,42.45,49.96,9.85
14832,39.64,Truck,14.0,7.41,135.96,127.46,311.07,70.35
14833,263.0,Carreta_Sider,28.0,12.49,453.03,403.83,2045.56,843.15
14834,452.96,Carreta_Sider,28.0,14.69,566.72,628.73,3407.97,1469.19
14835,76.82,3/4,4.0,2.15,183.9,161.33,290.71,60.64
14836,131.59,Toco,6.0,5.71,350.66,329.99,606.51,147.41
14837,41.09,VUC,3.0,2.71,84.81,105.96,146.48,31.78
14838,78.83,Toco,6.0,1.89,184.46,222.54,345.3,71.55
14839,13.13,3/4,4.0,1.55,52.61,32.93,61.09,2.82
14840,50.55,VUC,3.0,1.21,107.68,88.2,147.2,21.44
14841,220.24,Carreta_Bau,28.0,4.48,388.11,345.93,1584.89,673.56
14842,57.01,VUC,3.0,1.8,140.78,136.98,181.77,36.45
14843,85.07,Truck,14.0,7.84,251.46,276.67,561.09,146.62
14844,12.52,Toco,6.0,1.54,43.51,53.0,76.38,6.4
14845,34.81,Toco,6.0,5.95,95.89,93.87,218.21,50.27
14846,64.0,VUC,3.0,2.39,170.46,154.96,205.66,43.76
14847,93.17,3/4,4.0,1.22,188.75,228.06,321.58,80.17
14848,320.91,Carreta_Bau,28.0,20.99,431.81,495.62,2519.81,1025.93
14849,81.19,VUC,3.0,1.32,151.02,166.74,248.07,44.15
14850,447.28,Carreta_Sider,28.0,19.26,621.2,652.12,3439.42,1463.67
14851,81.03,VUC,3.0,1.65,184.3,191.27,242.38,46.32
14852,334.96,Carreta_Bau,28.0,7.5,525.53,467.46,2411.33,1040.8
14853,303.16,Carreta_Bau,28.0,15.15,369.61,449.37,2307.79,949.65
14854,51.06,3/4,4.0,3.87,118.19,109.85,227.31,42.74
14855,55.35,VUC,3.0,2.36,137.98,115.64,182.94,32.11
14856,503.9,Carreta_Sider,28.0,19.11,553.23,710.11,3834.93,1658.93
14857,82.13,VUC,3.0,2.6,172.31,161.83,277.35,50.02
14858,144.47,VUC,3.0,2.56,321.8,325.43,438.13,88.15
14859,83.14,VUC,3.0,2.71,170.09,200.03,262.29,56.24
14860,77.01,Truck,14.0,3.4,218.65,236.65,461.58,122.63
14861,78.49,3/4,4.0,1.04,158.57,180.63,273.86,71.88
14862,426.53,Carreta_Bau,28.0,23.21,523.14,608.84,3281.18,1366.65
14863,84.05,VUC,3.0,2.99,167.28,206.78,262.37,56.09
14864,148.99,Toco,6.0,3.77,431.62,394.48,653.88,166.23
14865,406.45,Carreta_Bau,28.0,27.15,631.3,566.13,3197.78,1313.59
14866,14.35,3/4,4.0,2.85,28.26,17.24,77.8,15.73
14867,30.63,Toco,6.0,1.34,92.41,81.14,141.27,35.63
14868,92.83,3/4,4.0,3.75,223.72,223.17,353.22,78.26
14869,53.57,Truck,14.0,12.09,172.7,158.04,454.02,82.52
14870,325.81,Carreta_Sider,28.0,16.95,451.68,495.99,2549.3,1062.19
14871,20.06,Truck,14.0,10.95,81.99,64.02,257.67,22.65
14872,49.78,3/4,4.0,1.8,128.98,126.74,183.42,37.74
14873,207.47,Truck,14.0,9.43,521.84,609.94,1253.88,338.58
14874,62.77,3/4,4.0,2.01,179.36,179.48,240.81,59.01
14875,79.37,VUC,3.0,1.79,176.72,173.96,249.73,49.72
14876,77.91,Toco,6.0,4.15,186.23,206.94,363.82,93.47
14877,8.48,3/4,4.0,0.78,29.97,52.9,45.13,8.9
14878,325.92,Carreta_Sider,28.0,6.49,510.04,496.92,2407.71,1032.28
14879,45.27,VUC,3.0,0.66,105.47,105.73,138.81,33.68
14880,5.87,3/4,4.0,2.62,22.5,25.52,46.93,9.73
14881,84.82,VUC,3.0,1.5,185.93,210.59,260.82,45.29
14882,19.83,3/4,4.0,2.3,65.11,50.27,104.53,19.96
14883,60.86,VUC,3.0,1.73,146.13,117.14,193.69,45.77
14884,55.93,VUC,3.0,0.55,141.97,124.24,165.71,23.85
14885,468.75,Carreta_Sider,28.0,23.15,545.46,670.57,3655.58,1543.94
14886,295.68,Carreta_Bau,28.0,20.88,416.58,473.0,2340.66,946.44
14887,60.92,VUC,3.0,2.2,159.24,140.48,194.86,38.07
14888,97.8,Toco,6.0,1.07,237.32,271.02,407.96,110.73
14889,55.27,VUC,3.0,2.11,139.36,90.81,186.49,40.0
14890,119.06,3/4,4.0,2.3,250.28,276.13,433.84,104.72
14891,69.12,VUC,3.0,2.39,132.92,175.92,238.62,50.32
14892,60.98,Toco,6.0,1.39,150.7,153.11,269.86,60.41
14893,12.22,3/4,4.0,3.14,28.61,40.39,78.38,8.53
14894,37.38,3/4,4.0,3.87,93.62,112.52,176.38,41.75
14895,363.87,Carreta_Sider,28.0,24.45,556.75,545.79,2930.07,1204.08
14896,53.74,VUC,3.0,2.73,97.35,134.96,188.06,40.19
14897,33.59,Truck,14.0,3.0,122.16,108.98,234.03,52.35
14898,73.19,Truck,14.0,8.4,231.86,232.02,513.98,115.56
14899,383.12,Carreta_Sider,28.0,10.07,536.39,568.27,2867.87,1227.52
14900,265.75,Carreta_Bau,28.0,17.17,336.72,402.0,2075.06,842.71
14901,32.93,3/4,4.0,3.0,96.33,78.76,142.18,34.32
14902,79.41,3/4,4.0,3.14,198.71,206.26,301.31,70.22
14903,17.35,Toco,6.0,5.96,44.87,54.16,136.73,20.16
14904,198.18,Truck,14.0,13.5,559.31,587.21,1250.81,325.09
14905,399.29,Carreta_Bau,28.0,10.08,464.16,576.62,2895.7,1243.73
14906,74.01,Toco,6.0,5.57,179.47,204.93,372.15,82.53
14907,224.27,Carreta_Sider,28.0,25.24,332.07,392.94,1965.27,739.85
14908,20.7,VUC,3.0,2.29,52.33,77.61,91.32,15.18
14909,126.45,Toco,6.0,2.21,372.44,361.44,544.52,131.85
14910,52.05,3/4,4.0,1.24,133.51,133.17,186.34,41.1
14911,33.17,VUC,3.0,1.56,88.5,75.0,93.28,24.67
14912,62.0,Toco,6.0,1.1,143.73,182.18,265.93,73.41
14913,23.36,3/4,4.0,1.57,75.94,56.93,97.79,26.76
14914,269.08,Carreta_Sider,28.0,5.95,391.5,438.57,1998.41,857.3
14915,76.38,Truck,14.0,8.34,258.99,233.69,522.41,127.34
14916,324.13,Carreta_Bau,28.0,18.87,478.87,480.5,2501.01,1031.35
14917,505.39,Carreta_Sider,28.0,6.85,594.18,685.53,3670.2,1618.09
14918,346.69,Carreta_Bau,28.0,25.0,400.34,507.98,2747.5,1114.3
14919,183.54,Toco,6.0,1.39,368.49,485.01,766.08,201.49
14920,56.2,VUC,3.0,1.46,102.62,132.87,184.13,32.41
14921,91.11,3/4,4.0,2.3,224.72,218.02,324.24,71.2
14922,68.77,3/4,4.0,2.58,128.43,198.09,260.26,59.96
14923,59.27,Toco,6.0,2.53,137.59,166.54,277.39,61.87
14924,448.68,Carreta_Sider,28.0,21.17,610.9,648.64,3481.41,1486.66
14925,79.45,Toco,6.0,2.64,185.61,198.84,359.88,82.92
14926,23.99,Toco,6.0,2.19,75.06,66.86,132.61,30.53
14927,61.58,VUC,3.0,1.61,170.66,126.11,196.51,41.4
14928,39.53,Truck,14.0,3.45,159.1,124.73,261.07,56.01
14929,218.88,Truck,14.0,13.6,690.54,636.54,1368.05,368.58
14930,71.68,Truck,14.0,8.65,178.38,224.6,500.87,113.82
14931,502.69,Carreta_Sider,28.0,7.63,785.56,707.27,3665.19,1621.0
14932,233.26,Carreta_Sider,28.0,23.15,369.73,396.76,1998.08,766.9
14933,481.55,Carreta_Bau,28.0,21.35,547.45,695.48,3618.89,1530.94
14934,6.23,Truck,14.0,7.22,34.83,54.04,131.93,-1.14
14935,468.56,Carreta_Sider,28.0,27.61,549.6,670.5,3721.97,1559.09
14936,42.92,3/4,4.0,2.3,107.63,118.11,169.76,39.67
14937,63.3,Toco,6.0,1.99,139.86,176.46,283.9,62.26
14938,462.2,Carreta_Bau,28.0,23.03,569.62,669.8,3501.62,1481.48
14939,111.74,Truck,14.0,13.15,282.45,356.24,779.18,187.42
14940,45.92,VUC,3.0,1.12,106.14,107.71,132.83,23.86
14941,456.19,Carreta_Bau,28.0,4.36,571.25,647.32,3203.48,1403.41
14942,25.66,VUC,3.0,2.0,73.07,73.67,97.94,11.47
14943,46.26,VUC,3.0,2.32,104.79,116.76,155.84,33.94
14944,401.55,Carreta_Bau,28.0,10.41,597.96,586.97,2915.93,1242.57
14945,81.33,3/4,4.0,3.88,227.15,210.35,320.13,73.89
14946,237.08,Carreta_Bau,28.0,8.19,363.35,377.52,1740.42,731.8
14947,22.82,Truck,14.0,11.63,89.26,94.8,290.21,38.07
14948,303.29,Carreta_Sider,28.0,25.06,438.4,453.87,2520.16,1008.63
14949,366.96,Carreta_Sider,28.0,8.27,593.94,512.11,2714.87,1176.74
14950,496.0,Carreta_Bau,28.0,16.13,759.32,679.23,3637.61,1575.03
14951,37.41,3/4,4.0,0.7,89.66,90.64,122.41,28.54
14952,426.54,Carreta_Sider,28.0,19.48,648.16,620.98,3302.01,1392.47
14953,94.12,Truck,14.0,8.6,309.58,305.17,626.22,164.68
14954,277.11,Carreta_Bau,28.0,22.72,446.26,426.2,2237.31,887.82
14955,87.07,Truck,14.0,8.07,235.44,248.73,571.27,142.73
14956,7.09,3/4,4.0,1.8,7.73,13.67,46.38,16.82
14957,369.3,Carreta_Sider,28.0,7.45,472.35,526.12,2731.92,1174.97
14958,52.26,Toco,6.0,1.16,151.73,130.73,236.33,54.75
14959,9.95,3/4,4.0,2.4,29.67,39.27,66.98,2.69
14960,174.0,Toco,6.0,5.59,462.0,470.18,786.84,192.03
14961,88.08,VUC,3.0,2.4,172.05,202.74,284.05,49.74
14962,44.18,3/4,4.0,1.94,79.23,123.94,178.73,37.41
14963,42.08,3/4,4.0,3.94,141.97,114.34,187.67,36.31
14964,28.84,3/4,4.0,1.23,91.85,62.39,110.15,23.6
14965,55.76,3/4,4.0,3.99,114.31,173.05,240.91,36.8
14966,17.19,Toco,6.0,2.07,59.6,56.98,90.37,21.96
14967,76.7,3/4,4.0,1.17,153.54,196.8,274.88,62.54
14968,48.7,VUC,3.0,2.64,89.78,82.27,164.55,44.63
14969,55.55,3/4,4.0,2.19,117.59,138.48,214.24,44.4
14970,275.18,Carreta_Bau,28.0,25.43,473.1,435.77,2272.93,881.57
14971,431.3,Carreta_Sider,28.0,22.0,667.94,625.65,3374.03,1423.16
14972,80.51,Truck,14.0,3.97,267.19,229.07,489.61,122.92
14973,20.85,3/4,4.0,1.01,59.75,64.62,86.91,23.2
14974,352.8,Carreta_Bau,28.0,14.83,471.3,531.79,2645.08,1105.29
14975,19.94,Toco,6.0,3.76,59.46,98.95,118.15,17.32
14976,42.29,3/4,4.0,2.04,86.2,133.26,165.67,39.69
14977,75.54,VUC,3.0,0.99,157.07,185.1,224.72,48.82
14978,9.33,3/4,4.0,1.34,50.95,60.42,49.42,8.77
14979,427.88,Carreta_Bau,28.0,16.34,661.07,628.34,3174.46,1343.93
14980,311.67,Carreta_Sider,28.0,4.54,496.75,456.22,2288.98,996.17
14981,256.56,Carreta_Bau,28.0,14.65,458.33,407.35,1978.26,801.92
14982,76.36,VUC,3.0,0.53,197.73,150.92,231.88,39.22
14983,49.57,VUC,3.0,2.68,108.13,122.95,165.25,34.23
14984,55.12,VUC,3.0,2.03,98.64,122.84,178.21,34.49
14985,55.36,Toco,6.0,1.72,163.0,152.52,243.57,57.93
14986,9.11,3/4,4.0,3.21,36.2,33.62,70.58,11.18
14987,410.58,Carreta_Sider,28.0,15.92,630.31,562.78,3126.84,1335.85
14988,26.73,3/4,4.0,2.34,48.68,49.14,106.03,13.94
14989,134.85,Truck,14.0,5.15,328.98,412.8,790.86,216.07
14990,72.73,3/4,4.0,1.94,173.23,168.25,270.51,62.81
14991,41.52,VUC,3.0,2.69,95.28,113.24,143.34,28.02
14992,510.91,Carreta_Bau,28.0,7.7,653.81,686.66,3625.36,1583.09
14993,498.06,Carreta_Bau,28.0,19.04,603.45,664.44,3694.29,1593.12
14994,55.01,Truck,14.0,4.68,171.89,158.82,350.55,96.96
14995,89.98,VUC,3.0,1.58,187.9,188.01,280.11,51.55
14996,8.21,Truck,14.0,8.44,27.82,38.95,164.43,6.59
14997,44.92,Toco,6.0,1.52,141.21,127.72,202.92,54.51
14998,36.88,VUC,3.0,0.65,98.29,91.46,114.32,28.49
14999,13.69,Truck,14.0,7.86,43.38,71.35,180.42,29.76
15000,90.52,Truck,14.0,6.97,293.31,282.49,574.35,145.07
15001,91.49,3/4,4.0,3.73,214.48,233.15,358.61,78.42
15002,469.16,Carreta_Sider,28.0,20.81,711.38,686.65,3620.81,1534.86
15003,470.82,Carreta_Sider,28.0,25.54,674.68,667.41,3709.59,1564.97
15004,32.35,Toco,6.0,5.63,120.2,75.53,197.29,32.69
15005,90.15,Toco,6.0,1.0,207.26,229.92,383.99,91.7
15006,7.2,VUC,3.0,2.69,24.72,29.73,58.24,9.32
15007,312.2,Carreta_Bau,28.0,27.01,392.94,475.39,2551.07,1006.54
15008,306.63,Carreta_Sider,28.0,14.97,406.75,482.83,2390.04,1000.99
15009,443.53,Carreta_Bau,28.0,19.34,616.88,605.65,3335.24,1408.29
15010,93.26,Toco,6.0,2.66,256.75,270.39,415.98,103.27
15011,80.07,VUC,3.0,0.7,185.16,187.48,244.38,43.78
15012,23.5,VUC,3.0,1.12,63.57,55.41,82.49,9.96
15013,58.56,Toco,6.0,1.31,131.28,151.54,258.35,64.56
15014,215.38,Toco,6.0,3.38,485.65,545.93,915.83,242.26
15015,76.65,3/4,4.0,2.82,174.81,203.14,295.4,67.84
15016,33.06,VUC,3.0,0.46,79.02,74.4,98.64,20.76
15017,36.19,VUC,3.0,1.03,72.5,78.62,119.13,30.41
15018,61.24,3/4,4.0,0.85,132.05,151.34,232.14,49.77
15019,17.39,3/4,4.0,3.88,67.28,38.83,106.01,11.11
15020,14.76,3/4,4.0,3.33,24.63,65.16,80.57,12.74
15021,456.21,Carreta_Bau,28.0,4.94,691.72,632.08,3211.51,1408.03
15022,180.37,Truck,14.0,11.79,596.75,546.73,1131.61,293.05
15023,468.62,Carreta_Sider,28.0,23.89,698.68,695.16,3661.28,1552.37
15024,324.96,Carreta_Sider,28.0,23.36,471.73,494.51,2638.15,1066.24
15025,453.36,Carreta_Bau,28.0,25.11,630.59,642.89,3477.68,1455.65
15026,26.73,VUC,3.0,1.64,61.03,66.47,93.59,16.33
15027,71.45,3/4,4.0,1.41,196.84,196.63,267.45,59.67
15028,37.36,Truck,14.0,12.46,87.44,131.41,368.54,52.39
15029,50.17,VUC,3.0,2.58,121.03,91.5,177.71,33.21
15030,21.79,3/4,4.0,1.53,66.71,57.85,90.04,22.65
15031,21.66,VUC,3.0,1.93,57.43,70.02,81.07,20.99
15032,304.59,Carreta_Sider,28.0,17.46,462.76,481.89,2413.63,1002.62
15033,63.19,VUC,3.0,1.69,121.42,141.26,189.41,40.63
15034,13.86,Toco,6.0,4.0,41.37,49.54,116.34,27.53
15035,64.77,Truck,14.0,3.1,169.38,208.97,398.74,99.9
15036,40.46,VUC,3.0,1.61,104.18,103.84,140.59,22.25
15037,353.58,Carreta_Bau,28.0,10.86,438.86,514.28,2587.36,1103.61
15038,65.09,VUC,3.0,0.46,135.13,140.77,195.96,44.86
15039,488.88,Carreta_Bau,28.0,16.56,613.54,672.75,3604.35,1547.21
15040,272.74,Carreta_Bau,28.0,12.88,420.17,412.81,2063.31,842.97
15041,38.74,VUC,3.0,1.55,111.94,106.82,122.55,19.94
15042,80.99,3/4,4.0,0.98,222.42,193.49,278.49,71.22
15043,9.06,VUC,3.0,1.74,6.0,18.55,42.89,1.37
15044,85.29,Truck,14.0,5.31,245.4,294.82,533.26,137.18
15045,28.45,3/4,4.0,0.6,63.4,68.26,103.97,25.33
15046,188.62,Truck,14.0,11.38,582.15,544.04,1162.75,314.97
15047,7.87,VUC,3.0,2.05,19.17,12.59,49.99,9.38
15048,133.67,Truck,14.0,8.38,360.34,391.03,827.62,225.14
15049,55.18,3/4,4.0,2.71,151.39,149.77,212.72,50.25
15050,345.74,Carreta_Bau,28.0,11.9,554.87,481.21,2556.08,1075.26
15051,24.42,Truck,14.0,3.56,99.42,94.67,188.33,42.1
15052,45.79,VUC,3.0,1.36,104.73,98.5,138.39,34.57
15053,77.01,Toco,6.0,4.92,172.71,199.03,363.85,87.11
15054,76.03,Toco,6.0,4.0,228.08,182.83,350.08,89.47
15055,354.71,Carreta_Sider,28.0,23.03,445.69,539.66,2848.88,1173.66
15056,58.64,VUC,3.0,2.75,147.61,110.07,205.74,37.72
15057,92.99,Toco,6.0,2.17,216.85,243.29,414.24,95.52
15058,46.2,Truck,14.0,12.98,128.54,167.14,431.61,87.23
15059,7.58,3/4,4.0,2.85,19.77,8.0,71.17,1.25
15060,78.57,3/4,4.0,2.51,185.91,200.8,294.01,66.83
15061,24.14,3/4,4.0,2.31,65.4,42.41,115.34,18.7
15062,20.04,VUC,3.0,1.65,56.61,79.51,72.27,6.16
15063,10.37,VUC,3.0,0.64,31.83,30.86,28.28,10.95
15064,33.84,3/4,4.0,0.79,94.36,78.46,122.84,30.57
15065,358.8,Carreta_Bau,28.0,12.08,507.81,521.42,2641.18,1123.89
15066,33.68,Toco,6.0,1.94,97.69,89.12,178.92,32.91
15067,110.8,Toco,6.0,1.34,316.14,256.23,468.14,120.72
15068,31.55,Truck,14.0,2.39,122.47,127.21,202.83,49.05
15069,57.98,3/4,4.0,3.93,155.45,141.7,246.52,52.75
15070,72.39,VUC,3.0,0.99,168.63,162.0,213.53,52.95
15071,89.34,Truck,14.0,13.82,279.4,280.9,670.58,137.3
15072,12.56,VUC,3.0,1.84,32.81,27.26,62.39,13.08
15073,17.68,Truck,14.0,4.38,66.51,58.75,152.5,40.33
15074,57.68,VUC,3.0,0.82,142.82,140.89,184.77,44.95
15075,106.65,3/4,4.0,1.28,249.96,259.68,380.89,93.0
15076,12.93,Truck,14.0,6.43,37.4,62.47,161.23,27.11
15077,37.74,VUC,3.0,0.97,78.51,104.2,130.9,19.6
15078,60.83,VUC,3.0,2.56,142.16,137.36,199.69,40.85
15079,75.03,VUC,3.0,1.39,155.9,182.28,235.16,47.06
15080,475.55,Carreta_Bau,28.0,16.74,559.72,678.72,3511.47,1500.12
15081,23.8,3/4,4.0,2.3,66.54,84.49,102.74,25.13
15082,64.79,VUC,3.0,2.13,131.4,151.93,204.73,40.89
15083,62.77,Truck,14.0,13.97,176.24,195.38,542.88,95.84
15084,82.23,3/4,4.0,2.11,220.56,205.11,307.42,71.76
15085,390.59,Carreta_Sider,28.0,11.88,539.55,562.98,2940.81,1261.54
15086,32.55,VUC,3.0,2.93,70.61,90.81,121.72,24.83
15087,143.16,3/4,4.0,3.99,347.09,358.32,530.93,122.37
15088,72.26,3/4,4.0,3.26,147.3,176.43,277.76,53.54
15089,126.72,VUC,3.0,2.48,248.17,257.74,400.1,77.59
15090,72.43,VUC,3.0,1.49,156.32,171.19,231.51,41.67
15091,25.77,3/4,4.0,2.43,56.57,73.69,120.9,16.76
15092,163.79,Truck,14.0,6.29,548.3,503.84,969.54,262.95
15093,60.53,Toco,6.0,4.06,140.18,170.01,294.66,69.77
15094,65.44,Truck,14.0,11.93,189.37,213.71,517.85,101.78
15095,437.94,Carreta_Sider,28.0,13.1,645.57,628.16,3296.28,1422.65
15096,28.97,3/4,4.0,2.42,93.87,85.21,128.57,18.27
15097,402.31,Carreta_Bau,28.0,22.64,447.39,553.15,3092.63,1284.67
15098,366.43,Carreta_Sider,28.0,9.17,544.79,526.88,2735.17,1176.76
15099,367.34,Carreta_Sider,28.0,18.73,547.32,565.47,2867.41,1202.06
15100,460.02,Carreta_Sider,28.0,22.66,728.62,654.96,3585.54,1522.53
15101,45.11,VUC,3.0,0.58,88.82,104.35,133.78,27.75
15102,43.66,3/4,4.0,1.46,134.49,109.58,147.44,35.8
15103,74.39,VUC,3.0,0.51,139.33,155.13,220.82,34.71
15104,4.06,3/4,4.0,0.62,25.93,22.07,37.63,5.36
15105,236.72,Carreta_Sider,28.0,15.57,312.56,377.85,1905.74,779.94
15106,49.59,VUC,3.0,2.24,122.99,94.37,185.83,29.66
15107,20.78,VUC,3.0,1.43,54.82,58.33,74.8,16.55
15108,62.86,Truck,14.0,9.49,187.36,227.5,468.29,99.24
15109,65.91,Truck,14.0,4.38,208.19,218.93,415.9,111.02
15110,231.95,Carreta_Sider,28.0,24.11,375.98,407.51,2000.97,770.99
15111,49.6,VUC,3.0,1.37,108.55,129.24,159.72,29.76
15112,53.32,Truck,14.0,10.52,178.31,182.37,439.85,85.88
15113,275.81,Carreta_Sider,28.0,7.29,381.48,429.75,2057.48,885.6
15114,515.61,Carreta_Bau,28.0,23.67,566.4,700.44,3890.39,1652.58
15115,32.67,Toco,6.0,3.54,82.79,111.58,180.19,29.36
15116,330.83,Carreta_Sider,28.0,27.29,564.24,521.34,2756.58,1095.42
15117,32.51,VUC,3.0,1.48,86.13,69.89,95.72,23.69
15118,327.43,Carreta_Bau,28.0,24.98,465.38,493.29,2612.88,1048.3
15119,71.81,Truck,14.0,7.0,262.09,211.54,481.62,117.04
15120,15.99,Truck,14.0,3.38,54.76,76.18,144.81,28.57
15121,439.08,Carreta_Sider,28.0,20.57,566.96,658.45,3402.58,1438.05
15122,74.21,3/4,4.0,1.22,156.45,164.63,268.64,56.89
15123,63.61,Toco,6.0,4.98,158.7,192.25,331.83,78.23
15124,84.49,VUC,3.0,1.3,181.21,202.89,256.11,51.68
15125,27.67,3/4,4.0,3.17,75.94,62.34,128.25,28.86
15126,50.06,Toco,6.0,3.36,157.87,114.06,247.56,66.87
15127,7.55,3/4,4.0,2.43,28.33,34.24,55.06,7.61
15128,87.04,Truck,14.0,10.84,279.88,271.14,616.56,139.6
15129,170.68,3/4,4.0,2.86,419.74,392.77,604.06,146.6
15130,267.3,Carreta_Bau,28.0,20.01,417.28,438.21,2130.93,849.28
15131,65.46,VUC,3.0,2.13,170.16,142.63,204.06,42.65
15132,60.68,3/4,4.0,2.59,144.6,185.3,237.66,55.28
15133,70.67,Toco,6.0,5.02,186.66,173.45,341.31,82.09
15134,29.87,Toco,6.0,2.43,103.01,80.63,146.76,22.1
15135,367.58,Carreta_Bau,28.0,8.52,568.88,512.69,2645.0,1147.54
15136,58.95,VUC,3.0,2.32,159.43,131.74,192.01,39.61
15137,76.88,3/4,4.0,2.44,186.45,207.16,286.43,62.48
15138,12.22,VUC,3.0,2.75,58.46,23.27,58.63,11.66
15139,91.25,3/4,4.0,3.88,194.72,207.72,349.37,73.93
15140,514.91,Carreta_Sider,28.0,24.84,659.02,722.68,4008.02,1703.28
15141,160.65,VUC,3.0,1.85,343.71,341.23,468.65,108.58
15142,85.16,Toco,6.0,4.75,185.36,232.47,398.47,94.0
15143,91.63,3/4,4.0,1.74,229.89,214.02,339.76,84.94
15144,287.11,Carreta_Bau,28.0,4.55,459.09,410.52,2045.64,880.79
15145,77.56,3/4,4.0,3.25,148.77,188.08,302.4,68.16
15146,479.87,Carreta_Bau,28.0,22.8,669.07,690.36,3628.58,1537.05
15147,403.35,Carreta_Sider,28.0,4.39,471.08,590.02,2926.5,1284.53
15148,30.78,VUC,3.0,2.65,46.83,70.47,112.36,23.2
15149,355.86,Carreta_Sider,28.0,25.18,442.02,545.32,2878.69,1183.74
15150,56.92,Truck,14.0,5.92,162.77,191.87,384.86,92.31
15151,204.27,Truck,14.0,2.31,654.67,603.76,1135.48,316.23
15152,14.93,3/4,4.0,3.58,60.06,72.17,96.27,17.22
15153,72.63,VUC,3.0,0.63,136.49,164.97,216.67,33.73
15154,17.98,Toco,6.0,2.08,48.77,46.96,95.0,13.1
15155,82.88,VUC,3.0,1.83,172.83,161.61,262.97,49.74
15156,25.89,VUC,3.0,2.53,57.99,75.19,97.56,21.38
15157,18.6,VUC,3.0,2.44,43.93,31.47,76.17,10.98
15158,10.45,3/4,4.0,2.92,56.57,51.61,62.78,18.32
15159,68.73,Truck,14.0,11.96,223.12,215.53,529.96,107.23
15160,20.94,VUC,3.0,2.2,52.26,39.33,82.56,8.06
15161,174.56,Truck,14.0,9.69,425.0,522.86,1069.1,276.01
15162,254.04,Carreta_Bau,28.0,8.19,315.21,379.68,1861.81,782.69
15163,21.99,Toco,6.0,3.14,58.32,80.66,125.25,20.65
15164,19.44,VUC,3.0,1.6,44.53,55.38,68.54,19.76
15165,203.42,Truck,14.0,2.32,669.22,562.4,1130.95,329.83
15166,438.6,Carreta_Sider,28.0,13.85,514.61,648.26,3303.71,1423.79
15167,31.83,VUC,3.0,1.03,92.85,95.93,96.57,18.58
15168,401.3,Carreta_Bau,28.0,6.33,485.61,574.85,2858.07,1244.39
15169,89.65,Truck,14.0,8.6,303.37,292.12,597.73,153.23
15170,48.28,3/4,4.0,1.41,121.94,112.81,184.51,37.19
15171,449.96,Carreta_Sider,28.0,8.73,586.94,652.59,3305.72,1441.15
15172,167.71,Truck,14.0,11.46,511.23,509.11,1059.02,275.84
15173,226.74,Carreta_Sider,28.0,23.48,413.52,360.54,1959.56,741.49
15174,27.74,Toco,6.0,4.27,73.45,75.59,165.42,36.43
15175,19.51,Truck,14.0,4.36,73.38,68.85,181.73,28.48
15176,5.72,3/4,4.0,2.75,23.7,50.24,54.56,3.44
15177,37.21,3/4,4.0,3.03,116.69,86.16,171.53,39.18
15178,14.02,VUC,3.0,1.04,29.02,33.1,68.99,6.18
15179,6.46,VUC,3.0,0.79,29.83,8.0,25.0,10.4
15180,13.37,Truck,14.0,7.26,58.37,58.42,179.6,13.04
15181,421.63,Carreta_Bau,28.0,14.3,503.42,607.75,3107.68,1328.18
15182,32.99,3/4,4.0,1.12,109.09,68.94,126.78,25.28
15183,72.33,VUC,3.0,0.94,131.45,167.39,213.51,37.79
15184,164.51,Truck,14.0,8.05,456.69,473.78,985.39,263.22
15185,10.1,VUC,3.0,1.79,37.55,60.18,42.29,7.19
15186,156.88,Toco,6.0,3.64,333.95,406.56,694.87,165.92
15187,65.76,VUC,3.0,2.95,152.18,147.65,223.83,45.09
15188,60.47,Toco,6.0,1.1,167.17,158.64,253.05,60.47
15189,257.8,Carreta_Sider,28.0,22.91,421.97,428.79,2157.14,843.84
15190,84.26,VUC,3.0,1.35,188.1,164.93,242.73,58.5
15191,20.74,Truck,14.0,11.06,96.59,90.86,271.02,35.79
15192,174.24,Truck,14.0,10.85,481.15,507.79,1081.85,279.09
15193,76.28,3/4,4.0,2.71,167.08,177.34,290.6,68.36
15194,128.53,Toco,6.0,4.12,295.83,364.74,571.37,141.13
15195,227.93,Carreta_Sider,28.0,19.99,328.36,406.63,1914.36,746.58
15196,467.13,Carreta_Bau,28.0,21.99,587.39,675.08,3529.41,1489.92
15197,82.7,Toco,6.0,1.57,212.24,233.46,358.63,94.9
15198,92.86,Toco,6.0,2.74,233.95,253.06,412.46,101.77
15199,119.03,VUC,3.0,2.6,276.92,278.29,360.95,84.58
15200,77.58,VUC,3.0,1.85,163.68,176.78,237.4,52.26
15201,15.26,VUC,3.0,0.8,20.55,52.36,51.85,10.79
15202,90.19,Toco,6.0,5.8,217.32,262.92,439.03,96.41
15203,78.16,VUC,3.0,2.97,147.05,185.68,265.25,52.13
15204,23.32,VUC,3.0,1.76,34.2,67.1,87.25,20.07
15205,19.03,Truck,14.0,8.45,85.8,93.16,217.66,31.56
15206,89.21,Truck,14.0,5.58,237.27,275.89,558.17,154.0
15207,18.17,Toco,6.0,3.53,62.84,72.13,116.32,24.85
15208,335.59,Carreta_Bau,28.0,27.26,475.63,518.43,2714.07,1077.35
15209,74.72,VUC,3.0,1.1,187.13,148.51,236.04,44.92
15210,40.88,3/4,4.0,1.64,112.03,96.44,155.51,37.71
15211,69.87,3/4,4.0,3.65,135.88,182.9,278.44,52.8
15212,12.36,3/4,4.0,1.91,30.11,45.48,60.1,9.84
15213,334.28,Carreta_Sider,28.0,27.35,409.47,521.36,2781.74,1110.03
15214,320.61,Carreta_Sider,28.0,12.52,389.37,491.84,2444.85,1037.22
15215,69.98,VUC,3.0,0.46,150.2,127.92,206.21,39.16
15216,50.58,VUC,3.0,2.88,101.02,115.27,182.98,38.43
15217,85.93,Truck,14.0,4.92,230.76,262.36,524.71,136.09
15218,21.14,VUC,3.0,2.22,33.92,59.29,90.91,17.01
15219,13.95,Truck,14.0,2.66,54.07,74.53,105.0,14.82
15220,21.86,VUC,3.0,2.36,54.57,53.24,81.77,12.67
15221,11.15,Toco,6.0,2.02,33.39,65.42,71.13,5.55
15222,93.19,Toco,6.0,4.98,220.51,236.46,454.44,108.69
15223,15.18,Truck,14.0,13.6,78.96,86.52,270.66,21.51
15224,22.28,VUC,3.0,0.57,58.81,50.69,72.79,13.53
15225,77.68,VUC,3.0,1.39,187.57,188.41,245.01,51.26
15226,26.45,VUC,3.0,2.28,54.79,70.79,94.0,13.41
15227,24.23,3/4,4.0,3.99,79.44,54.8,108.19,15.06
15228,65.18,3/4,4.0,1.83,158.28,162.28,251.65,55.84
15229,40.29,VUC,3.0,2.99,123.84,102.25,152.46,16.81
15230,80.03,VUC,3.0,2.74,136.36,181.06,256.03,59.05
15231,309.84,Carreta_Bau,28.0,21.32,471.45,477.54,2444.54,987.5
15232,102.33,Toco,6.0,2.85,200.56,267.49,457.12,103.14
15233,62.08,3/4,4.0,2.43,141.28,146.59,235.73,51.44
15234,30.23,Toco,6.0,4.57,109.24,72.46,179.66,36.08
15235,115.17,Truck,14.0,10.26,315.45,359.32,770.55,185.88
15236,312.26,Carreta_Sider,28.0,11.06,453.4,483.41,2363.16,997.22
15237,58.41,VUC,3.0,1.87,122.64,159.65,191.04,36.95
15238,82.85,Toco,6.0,5.16,201.51,224.34,391.2,95.29
15239,37.17,VUC,3.0,1.66,74.97,93.09,135.07,24.98
15240,71.02,VUC,3.0,1.89,174.94,160.89,225.74,47.71
15241,41.84,VUC,3.0,1.29,103.19,110.65,129.92,31.39
15242,53.42,Toco,6.0,1.72,174.64,142.73,229.96,64.97
15243,70.77,3/4,4.0,0.82,183.82,174.65,246.57,45.28
15244,9.51,3/4,4.0,1.98,25.3,37.74,56.71,1.41
15245,45.4,VUC,3.0,2.06,104.91,116.79,160.18,30.15
15246,506.53,Carreta_Bau,28.0,22.29,599.62,731.42,3799.44,1620.09
15247,12.66,VUC,3.0,0.66,26.35,42.92,39.74,0.21
15248,69.98,VUC,3.0,1.26,133.5,135.96,211.05,40.57
15249,59.31,VUC,3.0,2.51,160.45,118.84,192.24,47.23
15250,268.39,Carreta_Bau,28.0,6.87,455.61,423.98,1948.1,828.87
15251,33.75,3/4,4.0,3.98,83.84,69.52,153.54,30.38
15252,10.94,3/4,4.0,2.75,53.02,45.57,71.57,18.3
15253,88.25,Truck,14.0,13.29,274.3,269.37,653.02,147.85
15254,295.74,Carreta_Sider,28.0,21.58,441.34,506.68,2410.83,978.6
15255,512.38,Carreta_Sider,28.0,27.14,599.24,714.52,4027.76,1710.72
15256,426.12,Carreta_Sider,28.0,20.03,670.96,611.62,3297.08,1398.21
15257,32.67,VUC,3.0,1.13,66.68,90.55,110.5,18.75
15258,29.06,VUC,3.0,2.49,79.83,69.97,112.2,24.82
15259,13.19,VUC,3.0,1.03,53.53,29.54,51.5,8.31
15260,56.54,3/4,4.0,2.52,118.77,128.67,218.15,43.07
15261,422.3,Carreta_Sider,28.0,13.08,601.36,599.15,3173.96,1372.94
15262,28.17,3/4,4.0,3.32,82.1,67.17,133.5,9.98
15263,80.7,3/4,4.0,3.18,185.84,196.18,308.12,77.22
15264,309.51,Carreta_Bau,28.0,24.76,494.79,503.76,2488.06,993.16
15265,66.13,VUC,3.0,1.08,172.68,177.04,211.75,41.93
15266,4.36,VUC,3.0,2.99,21.0,51.62,41.61,3.28
15267,55.48,VUC,3.0,2.5,119.39,125.56,186.68,42.77
15268,476.61,Carreta_Sider,28.0,13.4,617.26,682.81,3570.78,1545.3
15269,342.0,Carreta_Sider,28.0,7.24,556.38,509.25,2526.7,1093.9
15270,25.1,VUC,3.0,1.34,58.92,52.75,88.73,11.22
15271,374.1,Carreta_Bau,28.0,6.73,459.11,505.38,2659.49,1153.89
15272,429.71,Carreta_Sider,28.0,18.85,514.48,599.04,3300.47,1411.47
15273,267.8,Carreta_Bau,28.0,6.89,430.81,410.72,1947.49,829.96
15274,500.14,Carreta_Bau,28.0,14.45,598.81,664.63,3645.53,1581.1
15275,5.4,Toco,6.0,4.3,34.38,23.26,82.05,1.84
15276,514.9,Carreta_Bau,28.0,14.98,665.68,706.46,3758.37,1615.09
15277,60.36,VUC,3.0,2.7,161.75,104.9,192.06,40.94
15278,344.53,Carreta_Bau,28.0,9.94,504.24,520.41,2522.51,1072.77
15279,22.65,VUC,3.0,1.79,55.69,60.28,77.17,8.55
15280,189.37,Toco,6.0,5.56,434.43,481.0,841.19,207.3
15281,424.33,Carreta_Sider,28.0,12.61,665.77,601.29,3180.35,1376.28
15282,85.87,Toco,6.0,3.31,208.3,237.32,406.59,86.55
15283,231.91,Carreta_Sider,28.0,26.4,344.71,386.09,2032.79,766.16
15284,56.18,VUC,3.0,1.72,165.17,146.71,179.24,32.39
15285,23.04,VUC,3.0,2.65,58.85,73.15,96.51,11.5
15286,93.1,Toco,6.0,5.7,228.97,240.39,445.88,107.29
15287,340.27,Carreta_Bau,28.0,10.3,500.88,492.6,2483.59,1057.95
15288,53.73,Truck,14.0,11.45,181.98,198.61,459.58,97.22
15289,19.06,Truck,14.0,9.88,66.37,89.26,233.91,26.17
15290,51.07,3/4,4.0,3.95,141.85,128.07,213.14,46.18
15291,91.3,Truck,14.0,9.07,271.08,273.15,612.56,149.66
15292,42.6,VUC,3.0,2.47,118.8,99.38,150.46,27.73
15293,131.85,3/4,4.0,1.78,356.87,303.02,458.74,98.69
15294,438.14,Carreta_Sider,28.0,18.63,649.49,637.72,3375.65,1429.75
15295,502.61,Carreta_Sider,28.0,22.73,722.14,710.04,3888.07,1659.5
15296,42.71,3/4,4.0,3.89,106.69,99.08,188.75,27.22
15297,135.04,Truck,14.0,5.1,444.13,416.66,798.94,203.41
15298,45.96,3/4,4.0,0.87,125.24,125.1,160.69,32.01
15299,29.49,3/4,4.0,3.92,67.38,69.33,140.89,27.29
15300,18.72,VUC,3.0,1.99,51.1,43.38,75.71,14.45
15301,56.68,VUC,3.0,0.49,141.5,138.37,175.07,29.37
15302,85.37,3/4,4.0,2.37,189.9,194.33,312.33,71.49
15303,405.93,Carreta_Bau,28.0,26.48,471.18,587.48,3181.5,1310.46
15304,70.95,VUC,3.0,2.96,203.34,155.4,221.86,53.22
15305,12.75,VUC,3.0,1.28,20.36,28.75,46.87,14.54
15306,460.86,Carreta_Sider,28.0,22.81,686.07,650.4,3583.26,1527.22
15307,141.54,Truck,14.0,7.56,365.74,420.95,852.67,228.18
15308,40.48,3/4,4.0,1.95,77.77,93.07,161.31,33.92
15309,4.48,Toco,6.0,4.77,33.94,24.21,98.47,5.28
15310,32.02,VUC,3.0,1.14,102.83,90.18,106.15,19.22
15311,64.91,Toco,6.0,3.07,156.66,169.1,303.42,63.37
15312,30.41,VUC,3.0,1.08,64.23,81.35,94.76,26.47
15313,80.49,VUC,3.0,0.81,178.48,190.83,233.0,52.88
15314,199.89,Toco,6.0,2.83,602.31,508.15,858.54,220.17
15315,47.44,3/4,4.0,3.86,123.83,130.24,198.87,44.46
15316,64.89,VUC,3.0,1.52,159.77,133.94,189.44,39.29
15317,84.43,Truck,14.0,10.23,255.52,276.05,594.04,131.75
15318,261.55,Carreta_Sider,28.0,10.98,434.69,425.41,2009.83,847.02
15319,66.14,Truck,14.0,12.4,174.74,237.52,528.99,113.49
15320,85.66,Truck,14.0,9.54,212.04,284.78,599.71,142.32
15321,77.53,VUC,3.0,2.87,187.4,176.59,255.68,61.59
15322,450.62,Carreta_Bau,28.0,11.96,690.79,662.66,3270.73,1406.78
15323,304.71,Carreta_Bau,28.0,17.01,511.85,474.28,2347.72,961.67
15324,55.6,VUC,3.0,0.94,125.51,144.31,187.71,36.15
15325,31.05,VUC,3.0,0.8,91.44,69.62,113.63,17.07
15326,31.13,Truck,14.0,9.07,106.51,111.13,289.31,49.92
15327,83.66,VUC,3.0,2.5,147.91,186.17,272.74,59.63
15328,153.21,Truck,14.0,4.48,456.55,437.22,896.47,243.48
15329,8.9,Toco,6.0,4.48,32.68,43.66,95.74,6.87
15330,89.67,Truck,14.0,10.09,256.33,279.54,618.11,150.69
15331,203.96,Truck,14.0,7.84,618.49,610.84,1196.21,326.49
15332,293.64,Carreta_Sider,28.0,22.45,369.11,483.84,2410.11,969.05
15333,33.76,VUC,3.0,1.96,74.7,84.14,110.99,21.08
15334,71.24,3/4,4.0,3.82,185.32,170.68,289.17,64.9
15335,34.03,VUC,3.0,2.4,108.62,108.4,133.04,26.13
15336,111.69,VUC,3.0,2.71,238.77,221.5,346.24,72.2
15337,363.17,Carreta_Bau,28.0,12.8,557.85,502.64,2679.27,1137.62
15338,105.76,3/4,4.0,3.36,296.85,258.87,386.68,90.92
15339,426.87,Carreta_Bau,28.0,27.81,560.64,614.67,3351.36,1378.0
15340,90.75,3/4,4.0,1.16,190.78,212.82,319.02,82.17
15341,7.32,Toco,6.0,3.51,23.74,12.81,63.78,10.46
15342,36.15,3/4,4.0,3.53,85.39,85.46,181.3,37.54
15343,406.89,Carreta_Bau,28.0,13.64,514.79,596.27,2982.21,1272.9
15344,82.94,VUC,3.0,1.75,210.27,201.41,246.95,59.48
15345,28.94,VUC,3.0,2.36,80.82,83.94,115.15,19.39
15346,29.08,3/4,4.0,3.4,87.17,70.52,141.41,28.48
15347,462.81,Carreta_Bau,28.0,8.95,537.1,630.2,3306.29,1429.1
15348,162.03,Truck,14.0,6.75,542.41,472.25,955.7,271.55
15349,351.1,Carreta_Sider,28.0,13.59,417.33,515.42,2684.08,1140.37
15350,85.79,Truck,14.0,3.92,255.96,255.71,519.83,147.14
15351,426.94,Carreta_Bau,28.0,6.37,662.9,589.64,3026.44,1325.5
15352,314.19,Carreta_Bau,28.0,21.92,389.05,458.01,2489.73,993.05
15353,150.59,3/4,4.0,3.5,382.06,368.31,549.09,137.57
15354,137.04,Truck,14.0,13.43,426.27,413.49,927.89,229.92
15355,352.51,Carreta_Sider,28.0,26.96,520.03,535.59,2895.49,1177.77
15356,306.48,Carreta_Sider,28.0,27.87,420.26,467.4,2591.19,1025.78
15357,79.58,3/4,4.0,0.88,216.37,203.1,277.45,65.62
15358,13.63,Toco,6.0,2.92,55.87,38.79,95.37,12.71
15359,56.8,VUC,3.0,0.66,127.22,135.52,173.23,39.21
15360,490.06,Carreta_Sider,28.0,20.33,561.69,684.36,3766.94,1606.78
15361,449.38,Carreta_Sider,28.0,27.34,504.45,659.01,3588.22,1498.62
15362,24.33,Truck,14.0,2.54,110.61,73.37,160.22,45.87
15363,23.58,VUC,3.0,1.79,46.93,59.06,83.48,9.05
15364,402.59,Carreta_Bau,28.0,16.89,549.85,573.24,3012.66,1271.35
15365,512.52,Carreta_Sider,28.0,8.09,616.2,711.8,3745.39,1648.27
15366,390.21,Carreta_Bau,28.0,24.04,480.26,581.08,3042.53,1247.36
15367,60.0,Toco,6.0,2.91,151.46,174.21,283.1,55.29
15368,134.25,Toco,6.0,3.04,313.39,370.88,577.16,135.34
15369,127.96,Toco,6.0,5.81,328.18,316.02,596.01,139.81
15370,15.27,Truck,14.0,5.04,53.4,97.56,148.54,33.07
15371,46.75,3/4,4.0,1.91,124.14,133.14,187.71,35.62
15372,441.74,Carreta_Bau,28.0,22.53,542.64,619.91,3375.12,1410.91
15373,27.28,Truck,14.0,7.81,96.73,118.16,253.74,44.81
15374,81.71,VUC,3.0,1.99,214.99,205.49,251.17,58.21
15375,248.3,Carreta_Bau,28.0,15.57,337.69,410.95,1931.11,786.87
15376,487.82,Carreta_Sider,28.0,10.94,649.24,669.51,3600.15,1571.89
15377,54.46,3/4,4.0,1.15,114.26,137.13,191.43,48.42
15378,145.26,Toco,6.0,5.24,381.16,388.47,651.73,165.82
15379,23.57,VUC,3.0,1.15,67.08,60.53,77.27,6.72
15380,179.48,Truck,14.0,13.97,550.67,540.13,1143.61,298.67
15381,88.31,VUC,3.0,0.48,197.0,200.4,255.94,49.27
15382,423.6,Carreta_Sider,28.0,25.19,534.27,610.45,3369.38,1402.73
15383,455.18,Carreta_Bau,28.0,26.75,632.76,664.47,3523.03,1471.13
15384,78.88,VUC,3.0,0.6,196.74,175.28,227.46,43.49
15385,28.14,3/4,4.0,2.73,64.74,78.68,110.7,35.57
15386,463.56,Carreta_Bau,28.0,22.83,521.46,638.97,3528.07,1486.32
15387,91.46,Truck,14.0,9.42,220.96,280.99,618.65,147.42
15388,28.36,Toco,6.0,5.39,86.04,104.75,183.43,30.73
15389,30.63,Truck,14.0,3.68,122.78,113.13,220.58,42.72
15390,137.13,Truck,14.0,13.39,378.11,425.5,922.34,221.73
15391,39.12,3/4,4.0,2.47,97.03,103.0,161.66,31.34
15392,19.0,Toco,6.0,2.66,85.39,67.56,111.27,27.02
15393,257.27,Carreta_Sider,28.0,16.7,410.79,394.72,2070.26,832.37
15394,66.52,Toco,6.0,2.63,171.28,188.21,309.11,77.85
15395,54.72,Toco,6.0,3.22,150.75,151.57,270.73,58.38
15396,85.4,Toco,6.0,1.7,184.52,232.71,363.61,92.39
15397,25.92,VUC,3.0,2.6,57.26,36.76,104.75,17.27
15398,19.49,3/4,4.0,1.92,44.51,94.94,77.85,20.31
15399,369.71,Carreta_Sider,28.0,15.31,536.17,549.82,2834.27,1208.28
15400,36.63,3/4,4.0,3.69,87.78,105.42,164.58,30.63
15401,485.49,Carreta_Sider,28.0,25.79,621.37,703.47,3819.45,1616.36
15402,17.3,Toco,6.0,4.92,66.08,59.68,129.91,25.56
15403,90.1,3/4,4.0,0.7,240.22,221.28,316.85,78.73
15404,69.29,3/4,4.0,3.68,168.32,188.07,272.91,57.89
15405,76.45,Toco,6.0,1.86,169.82,208.96,330.72,80.79
15406,196.58,Truck,14.0,7.32,511.7,586.5,1147.86,315.41
15407,72.07,Truck,14.0,12.85,180.95,244.9,567.76,129.23
15408,26.1,3/4,4.0,0.92,85.21,83.33,97.7,23.23
15409,16.8,Toco,6.0,1.58,45.44,86.02,74.15,10.9
15410,350.15,Carreta_Sider,28.0,17.91,444.72,533.66,2742.37,1141.1
15411,43.08,3/4,4.0,2.19,126.34,110.97,164.22,35.72
15412,156.0,Truck,14.0,6.74,490.49,460.51,929.63,260.31
15413,79.44,3/4,4.0,3.35,193.89,199.42,297.92,67.46
15414,34.08,3/4,4.0,3.64,96.83,74.32,156.82,32.49
15415,412.59,Carreta_Bau,28.0,27.8,564.47,618.8,3231.69,1329.79
15416,4.87,Truck,14.0,3.56,38.64,34.65,79.94,11.03
15417,64.07,Toco,6.0,4.35,197.52,176.89,307.39,76.71
15418,149.2,Toco,6.0,5.34,415.86,369.4,661.88,168.97
15419,22.21,Toco,6.0,2.13,53.85,75.31,122.7,11.53
15420,53.4,VUC,3.0,1.67,122.63,103.51,170.5,33.45
15421,5.35,3/4,4.0,0.62,18.93,8.0,26.24,-0.86
15422,50.31,Toco,6.0,1.59,119.31,132.0,221.04,57.02
15423,519.99,Carreta_Bau,28.0,7.19,566.19,695.4,3684.91,1610.76
15424,39.82,Truck,14.0,10.52,135.17,129.96,354.98,74.31
15425,134.21,3/4,4.0,2.72,302.14,318.78,491.14,112.88
15426,386.27,Carreta_Sider,28.0,5.12,482.77,574.87,2821.8,1230.46
15427,425.24,Carreta_Sider,28.0,18.38,511.75,620.93,3283.98,1391.65
15428,204.65,Toco,6.0,1.25,477.73,489.08,853.61,221.16
15429,203.3,Toco,6.0,1.93,506.66,517.04,845.03,212.73
15430,84.12,Truck,14.0,12.83,243.91,275.74,627.79,135.22
15431,69.69,Toco,6.0,3.18,192.55,185.76,320.58,72.68
15432,7.28,Toco,6.0,4.88,20.62,43.94,95.05,10.94
15433,348.36,Carreta_Bau,28.0,11.68,521.24,509.82,2564.74,1094.29
15434,75.85,VUC,3.0,0.73,142.97,152.47,224.26,47.25
15435,362.95,Carreta_Sider,28.0,25.34,494.78,569.75,2954.36,1208.33
15436,76.0,Toco,6.0,1.74,157.1,201.22,329.24,83.73
15437,401.22,Carreta_Bau,28.0,12.52,601.01,563.21,2934.77,1256.26
15438,64.37,VUC,3.0,2.24,134.11,151.73,206.08,41.29
15439,341.62,Carreta_Sider,28.0,18.28,448.21,496.62,2690.65,1122.07
15440,88.57,Toco,6.0,5.63,216.17,257.1,429.45,107.81
15441,77.1,Toco,6.0,5.94,204.77,197.81,388.69,90.7
15442,169.15,Truck,14.0,3.84,459.27,520.33,963.93,277.67
15443,487.76,Carreta_Sider,28.0,9.59,685.47,697.62,3573.88,1578.21
15444,165.81,Toco,6.0,4.16,395.08,413.13,715.87,177.85
15445,335.23,Carreta_Sider,28.0,7.69,467.4,504.6,2485.32,1076.88
15446,23.92,VUC,3.0,1.83,59.16,48.79,91.0,22.65
15447,486.0,Carreta_Bau,28.0,13.07,673.84,650.61,3521.06,1528.51
15448,38.72,Truck,14.0,12.67,136.41,106.25,375.67,61.5
15449,35.84,3/4,4.0,3.72,97.19,106.11,161.54,27.04
15450,49.95,VUC,3.0,1.11,116.76,108.63,164.31,39.82
15451,90.79,Truck,14.0,3.24,267.83,287.64,522.08,147.52
15452,60.02,3/4,4.0,3.97,120.97,154.28,230.33,53.68
15453,483.01,Carreta_Bau,28.0,7.77,712.64,639.86,3444.72,1497.81
15454,32.48,3/4,4.0,1.19,71.75,99.56,114.24,34.66
15455,166.36,Toco,6.0,2.19,381.36,434.26,699.56,183.37
15456,89.68,Toco,6.0,2.64,261.27,232.76,386.91,95.72
15457,67.72,Toco,6.0,1.65,195.75,198.57,294.92,76.84
15458,196.41,Truck,14.0,5.93,546.71,568.89,1133.24,319.11
15459,28.21,Toco,6.0,1.01,91.07,76.67,140.82,34.28
15460,86.49,Toco,6.0,4.99,227.25,231.02,416.45,102.13
15461,350.79,Carreta_Sider,28.0,10.47,465.51,515.97,2626.31,1135.96
15462,35.32,3/4,4.0,3.38,110.49,75.01,145.41,21.8
15463,50.98,VUC,3.0,2.1,115.62,80.94,172.24,35.5
15464,238.29,Carreta_Sider,28.0,15.64,376.23,417.15,1912.38,783.16
15465,47.61,Toco,6.0,5.86,110.52,155.09,260.56,49.33
15466,405.63,Carreta_Bau,28.0,13.4,625.91,594.55,2989.38,1282.64
15467,317.02,Carreta_Bau,28.0,8.45,396.07,479.32,2294.09,987.52
15468,88.05,3/4,4.0,2.56,198.15,206.38,322.64,79.77
15469,28.18,Truck,14.0,3.77,84.68,100.58,211.47,50.03
15470,34.33,Toco,6.0,2.31,95.35,94.99,161.13,30.16
15471,208.09,Toco,6.0,5.53,538.66,539.68,919.45,235.55
15472,64.07,VUC,3.0,2.73,144.0,151.8,206.75,44.36
15473,269.69,Carreta_Sider,28.0,15.28,479.66,425.93,2131.36,875.1
15474,84.68,Toco,6.0,3.34,195.83,233.94,379.97,100.0
15475,388.72,Carreta_Sider,28.0,17.69,609.3,590.21,2989.03,1261.41
15476,14.45,VUC,3.0,0.66,56.06,41.92,47.47,6.01
15477,23.1,Truck,14.0,5.11,68.51,73.82,201.71,44.56
15478,90.27,Toco,6.0,3.86,264.31,248.33,406.55,103.49
15479,74.73,VUC,3.0,1.27,175.91,148.81,223.84,44.82
15480,428.69,Carreta_Sider,28.0,9.28,619.11,600.5,3164.09,1373.67
15481,35.49,VUC,3.0,2.1,69.51,89.96,128.33,22.12
15482,36.54,VUC,3.0,1.89,104.71,96.75,123.23,25.47
15483,46.73,Toco,6.0,2.57,130.68,135.53,222.07,48.61
15484,65.32,3/4,4.0,3.79,142.08,148.55,263.4,56.68
15485,252.06,Carreta_Bau,28.0,22.71,388.13,447.19,2066.58,807.16
15486,139.62,Truck,14.0,9.19,438.17,410.72,884.4,228.18
15487,245.14,Carreta_Bau,28.0,9.19,321.72,391.16,1816.5,760.76
15488,55.05,Toco,6.0,4.21,165.95,147.78,279.42,54.99
15489,74.63,VUC,3.0,2.2,189.02,153.25,245.79,48.81
15490,362.95,Carreta_Bau,28.0,18.03,496.21,530.8,2756.8,1150.17
15491,8.93,Toco,6.0,4.15,21.16,36.72,87.73,5.72
15492,417.93,Carreta_Bau,28.0,8.06,483.1,583.68,2994.96,1298.75
15493,78.53,3/4,4.0,1.74,164.88,181.22,281.73,72.6
15494,9.28,VUC,3.0,2.72,38.36,34.74,44.74,7.02
15495,468.86,Carreta_Bau,28.0,7.46,594.04,629.82,3330.79,1455.66
15496,84.17,Toco,6.0,3.91,173.97,242.11,399.86,97.4
15497,503.83,Carreta_Bau,28.0,25.56,655.44,705.46,3843.21,1621.31
15498,7.94,3/4,4.0,0.65,31.79,31.2,37.28,11.67
15499,15.63,3/4,4.0,3.89,38.49,52.28,102.81,2.68
15500,20.4,VUC,3.0,2.7,56.0,50.35,87.59,10.42
15501,24.3,Toco,6.0,4.55,67.0,82.59,154.65,21.8
15502,40.56,VUC,3.0,2.26,101.59,117.58,138.25,33.96
15503,63.65,3/4,4.0,3.55,131.11,150.82,257.82,58.76
15504,319.98,Carreta_Bau,28.0,8.27,517.8,472.16,2319.88,987.82
15505,469.09,Carreta_Sider,28.0,20.86,714.13,661.84,3619.7,1539.43
15506,85.23,Truck,14.0,6.19,242.82,229.09,548.36,132.01
15507,51.73,3/4,4.0,3.58,137.71,140.96,213.88,46.96
15508,52.46,Toco,6.0,3.62,174.59,164.2,260.96,58.67
15509,206.38,Truck,14.0,11.21,691.95,611.83,1262.76,340.26
15510,33.06,VUC,3.0,0.88,71.14,112.93,104.81,17.1
15511,76.86,VUC,3.0,1.07,203.6,165.12,229.72,49.14
15512,14.05,VUC,3.0,2.59,31.79,29.99,60.61,22.67
15513,31.4,3/4,4.0,1.94,76.7,102.5,121.28,25.2
15514,12.83,VUC,3.0,1.8,29.51,56.86,60.98,14.58
15515,23.49,3/4,4.0,3.07,66.78,84.64,118.41,19.27
15516,332.85,Carreta_Bau,28.0,8.24,496.86,469.56,2404.69,1038.58
15517,57.38,VUC,3.0,1.22,144.27,120.54,180.54,40.08
15518,15.46,3/4,4.0,1.71,44.5,27.37,73.95,13.45
15519,13.16,3/4,4.0,3.72,46.35,74.5,93.67,15.2
15520,79.16,VUC,3.0,0.8,170.45,161.82,250.01,56.47
15521,14.77,Toco,6.0,2.79,40.39,39.18,98.72,16.89
15522,59.33,3/4,4.0,3.86,158.36,148.03,239.44,51.17
15523,36.03,Toco,6.0,5.16,80.57,111.86,214.35,43.72
15524,324.24,Carreta_Sider,28.0,20.16,409.85,510.15,2583.01,1074.24
15525,85.57,Truck,14.0,8.63,231.77,265.37,591.09,133.86
15526,421.7,Carreta_Bau,28.0,24.16,572.51,595.57,3246.79,1347.05
15527,68.39,3/4,4.0,3.82,147.79,164.03,276.66,66.98
15528,9.41,VUC,3.0,2.81,28.94,24.74,58.47,4.07
15529,423.58,Carreta_Sider,28.0,19.41,551.48,636.65,3275.97,1396.61
15530,216.27,3/4,4.0,3.07,559.27,497.14,757.28,182.75
15531,85.49,3/4,4.0,3.24,202.6,215.93,333.09,71.78
15532,471.49,Carreta_Sider,28.0,23.46,605.23,675.68,3682.79,1565.67
15533,41.66,VUC,3.0,2.32,86.03,73.34,143.86,31.31
15534,31.14,3/4,4.0,1.21,82.73,107.82,131.16,20.94
15535,473.88,Carreta_Sider,28.0,22.28,713.3,688.1,3676.75,1567.58
15536,498.0,Carreta_Sider,28.0,13.49,788.06,703.55,3720.08,1611.32
15537,65.22,Toco,6.0,1.92,172.74,149.31,280.93,72.59
15538,69.34,VUC,3.0,0.71,160.76,152.56,198.74,44.52
15539,31.6,VUC,3.0,1.06,95.35,98.96,107.51,19.76
15540,36.0,3/4,4.0,2.33,79.36,114.58,150.09,28.08
15541,289.5,Carreta_Bau,28.0,10.08,442.23,433.68,2153.2,894.31
15542,18.23,3/4,4.0,2.86,67.29,74.48,89.95,13.05
15543,58.0,Truck,14.0,13.58,182.79,217.81,502.9,101.06
15544,91.08,3/4,4.0,0.75,213.79,215.42,314.63,78.42
15545,41.91,VUC,3.0,0.78,91.01,116.78,135.09,22.84
15546,94.65,Truck,14.0,5.04,298.11,306.78,583.48,158.93
15547,514.65,Carreta_Bau,28.0,23.34,760.6,722.69,3878.4,1650.65
15548,428.59,Carreta_Bau,28.0,10.66,609.48,610.39,3095.25,1340.8
15549,372.6,Carreta_Sider,28.0,8.76,591.91,532.88,2762.73,1191.2
15550,20.05,Toco,6.0,1.68,77.31,79.14,96.91,31.11
15551,76.45,Toco,6.0,1.66,191.85,204.56,334.72,84.7
15552,88.46,3/4,4.0,3.05,220.72,200.82,313.73,84.24
15553,66.61,Toco,6.0,4.51,219.2,205.84,321.55,70.66
15554,13.95,VUC,3.0,1.24,38.75,39.66,60.27,0.44
15555,278.71,Carreta_Bau,28.0,14.9,424.71,432.87,2139.81,873.21
15556,453.03,Carreta_Sider,28.0,19.15,623.32,653.56,3471.84,1491.54
15557,33.72,VUC,3.0,2.94,69.99,61.34,133.02,17.21
15558,11.8,VUC,3.0,2.35,25.07,33.58,52.67,15.85
15559,419.76,Carreta_Sider,28.0,23.31,550.82,628.21,3309.6,1385.4
15560,58.76,Toco,6.0,5.89,186.88,166.78,315.78,68.01
15561,343.86,Carreta_Bau,28.0,13.27,401.22,497.74,2550.34,1080.5
15562,94.83,VUC,3.0,0.63,185.02,211.39,288.29,58.72
15563,38.1,VUC,3.0,2.35,103.27,106.68,136.71,23.95
15564,18.83,VUC,3.0,0.76,45.79,28.12,66.62,7.66
15565,518.79,Carreta_Sider,28.0,14.64,762.74,722.48,3885.59,1695.98
15566,28.45,VUC,3.0,2.33,75.28,72.11,113.1,21.78
15567,201.02,Truck,14.0,8.74,661.4,613.02,1201.02,322.11
15568,55.94,Toco,6.0,2.77,172.06,173.81,257.21,54.31
15569,55.78,VUC,3.0,1.76,154.89,108.11,171.79,39.18
15570,367.75,Carreta_Sider,28.0,10.04,480.72,559.46,2746.42,1184.01
15571,24.91,3/4,4.0,0.85,64.3,68.64,98.58,12.33
15572,72.31,Toco,6.0,3.0,199.99,174.68,322.07,91.62
15573,12.01,Truck,14.0,2.79,55.33,38.47,113.2,5.98
15574,231.48,Carreta_Sider,28.0,27.52,411.54,419.63,2053.97,770.57
15575,60.7,Toco,6.0,3.18,126.89,175.28,284.31,66.57
15576,42.74,3/4,4.0,3.6,98.41,98.68,185.66,34.25
15577,289.58,Carreta_Bau,28.0,26.85,339.83,478.69,2392.9,939.02
15578,239.05,Carreta_Bau,28.0,14.9,345.32,393.91,1865.29,755.66
15579,237.19,Carreta_Sider,28.0,14.2,362.06,387.58,1891.74,771.31
15580,255.15,Carreta_Bau,28.0,25.46,344.11,419.36,2153.13,821.02
15581,119.09,Toco,6.0,1.08,347.42,298.1,500.2,129.8
15582,15.57,VUC,3.0,1.69,53.04,72.94,59.48,9.65
15583,61.73,VUC,3.0,1.13,130.31,122.58,177.07,32.3
15584,111.94,3/4,4.0,3.16,258.99,247.66,402.77,101.7
15585,403.09,Carreta_Sider,28.0,24.11,660.23,601.43,3202.19,1344.8
15586,227.14,Carreta_Sider,28.0,18.96,330.85,425.14,1891.39,745.7
15587,65.25,VUC,3.0,1.49,129.52,126.97,200.59,42.9
15588,44.04,VUC,3.0,1.87,91.48,114.86,149.37,28.87
15589,76.62,VUC,3.0,1.91,147.92,171.24,235.25,43.45
15590,50.35,3/4,4.0,2.76,112.42,134.23,203.95,41.0
15591,30.0,VUC,3.0,2.8,83.22,91.38,122.7,24.34
15592,104.02,Toco,6.0,2.17,225.11,264.65,446.88,113.59
15593,90.78,3/4,4.0,1.29,196.64,213.67,323.33,85.19
15594,89.91,VUC,3.0,0.94,170.57,187.18,265.05,61.26
15595,12.7,Toco,6.0,4.46,50.98,72.05,98.37,12.63
15596,129.63,Toco,6.0,5.51,285.88,357.67,596.6,147.72
15597,178.24,Toco,6.0,2.57,392.0,440.66,757.22,191.72
15598,90.09,Truck,14.0,7.11,287.62,283.57,584.45,139.19
15599,74.57,VUC,3.0,2.92,168.98,181.54,251.63,54.91
15600,13.7,Truck,14.0,3.83,44.58,40.58,129.0,25.29
15601,51.26,Toco,6.0,5.39,156.87,167.17,272.95,72.18
15602,7.18,VUC,3.0,2.9,25.79,27.78,51.28,2.78
15603,115.49,Toco,6.0,4.98,310.06,298.38,531.33,131.73
15604,497.11,Carreta_Bau,28.0,12.21,582.8,697.31,3590.36,1552.91
15605,57.59,VUC,3.0,2.12,145.04,147.25,188.87,33.64
15606,88.92,Truck,14.0,5.57,260.7,254.36,549.79,156.26
15607,37.51,Truck,14.0,3.54,108.67,138.88,247.87,50.61
15608,50.28,Truck,14.0,3.38,164.55,173.68,315.08,81.15
15609,24.71,VUC,3.0,0.47,59.7,32.35,80.45,24.9
15610,336.55,Carreta_Bau,28.0,27.48,477.72,519.21,2724.05,1079.93
15611,53.23,VUC,3.0,2.12,121.88,116.71,172.42,32.58
15612,262.46,Carreta_Sider,28.0,11.85,466.22,434.19,2035.6,853.0
15613,77.03,Truck,14.0,8.99,224.39,231.84,545.32,121.1
15614,321.4,Carreta_Sider,28.0,18.93,495.95,497.72,2547.77,1055.84
15615,142.95,Truck,14.0,4.28,347.69,415.05,820.48,226.76
15616,23.59,3/4,4.0,1.58,69.04,59.42,104.55,27.21
15617,54.37,3/4,4.0,2.46,111.82,106.69,211.17,53.46
15618,393.28,Carreta_Bau,28.0,24.19,495.38,587.35,3059.37,1259.99
15619,36.27,VUC,3.0,0.78,86.29,103.01,120.12,9.19
15620,72.06,Toco,6.0,5.28,194.2,199.61,355.24,82.95
15621,67.89,3/4,4.0,2.67,140.38,172.69,261.31,63.73
15622,67.59,3/4,4.0,2.26,142.76,156.24,254.18,60.64
15623,507.08,Carreta_Sider,28.0,7.63,604.68,717.7,3718.97,1626.12
15624,38.38,Toco,6.0,3.7,101.33,118.13,200.34,43.82
15625,58.53,VUC,3.0,1.35,118.39,133.65,188.65,36.27
15626,63.25,3/4,4.0,1.24,167.3,176.73,226.14,49.71
15627,150.53,Truck,14.0,12.57,478.6,433.73,981.95,251.53
15628,159.86,Truck,14.0,7.58,422.62,445.47,958.78,260.26
15629,65.95,3/4,4.0,0.87,173.35,168.1,238.34,58.85
15630,56.35,3/4,4.0,1.63,142.93,138.16,208.06,43.69
15631,82.88,Truck,14.0,4.26,229.83,239.65,509.18,131.79
15632,26.64,3/4,4.0,3.79,67.9,79.27,128.67,24.08
15633,9.08,VUC,3.0,1.07,32.5,36.3,33.64,2.51
15634,91.59,Toco,6.0,3.48,252.09,257.16,401.87,93.1
15635,9.53,VUC,3.0,2.35,10.84,17.63,55.99,9.94
15636,362.18,Carreta_Sider,28.0,7.97,469.11,526.28,2676.64,1154.34
15637,86.17,VUC,3.0,1.57,216.03,193.78,277.88,56.56
15638,159.57,VUC,3.0,2.12,393.57,355.99,475.62,106.31
15639,59.72,3/4,4.0,3.6,140.81,162.88,250.25,59.24
15640,87.61,3/4,4.0,2.82,174.41,204.5,333.93,86.92
15641,55.41,VUC,3.0,0.65,146.24,133.19,165.25,41.9
15642,148.57,Truck,14.0,5.93,409.05,432.39,873.39,237.68
15643,379.96,Carreta_Sider,28.0,12.55,562.81,552.02,2868.75,1228.08
15644,78.71,3/4,4.0,1.92,160.88,186.58,294.05,68.41
15645,357.93,Carreta_Bau,28.0,26.61,498.54,525.83,2871.69,1154.13
15646,69.64,VUC,3.0,0.54,129.7,165.31,198.38,44.91
15647,51.79,VUC,3.0,1.22,119.45,131.9,162.13,39.62
15648,37.06,VUC,3.0,1.71,103.86,83.42,121.19,24.9
15649,4.26,3/4,4.0,0.89,35.47,27.37,25.0,8.6
15650,26.83,VUC,3.0,1.68,60.68,62.64,106.75,12.03
15651,187.54,Toco,6.0,1.45,403.96,465.21,775.07,202.66
15652,90.61,3/4,4.0,3.45,248.29,203.32,333.41,70.25
15653,29.07,3/4,4.0,1.52,82.08,104.92,117.46,30.45
15654,72.42,VUC,3.0,1.78,190.09,151.14,229.11,46.03
15655,50.27,Truck,14.0,9.46,176.04,178.8,396.35,76.2
15656,32.07,3/4,4.0,1.64,99.61,92.65,123.02,26.01
15657,444.85,Carreta_Sider,28.0,12.56,525.53,617.71,3328.28,1441.82
15658,139.73,3/4,4.0,2.34,295.86,332.66,486.92,112.86
15659,94.19,Truck,14.0,11.68,294.57,298.48,667.7,152.32
15660,236.34,Carreta_Sider,28.0,14.97,388.64,390.69,1889.89,766.82
15661,8.27,Toco,6.0,3.4,43.42,34.55,84.73,13.6
15662,56.97,Toco,6.0,3.94,160.8,160.39,281.44,52.56
15663,46.0,Toco,6.0,3.07,81.84,139.43,223.68,52.52
15664,10.96,Toco,6.0,4.6,34.71,36.23,99.55,11.21
15665,23.48,VUC,3.0,0.46,63.12,80.47,61.58,20.5
15666,409.02,Carreta_Bau,28.0,15.7,492.22,589.97,3037.68,1291.94
15667,67.18,VUC,3.0,2.8,116.87,117.93,221.67,51.23
15668,355.91,Carreta_Sider,28.0,18.86,541.76,533.5,2793.55,1168.93
15669,350.03,Carreta_Bau,28.0,15.78,564.37,542.42,2634.35,1098.08
15670,386.67,Carreta_Bau,28.0,22.57,613.55,567.83,2999.16,1238.97
15671,13.86,Toco,6.0,2.9,38.71,43.78,90.8,17.88
15672,369.75,Carreta_Bau,28.0,15.32,580.09,543.71,2758.4,1161.71
15673,76.89,3/4,4.0,1.26,168.42,156.77,262.85,61.95
15674,60.88,3/4,4.0,1.02,166.12,154.48,214.75,39.06
15675,13.18,3/4,4.0,0.69,46.16,37.59,47.89,14.99
15676,466.57,Carreta_Sider,28.0,21.61,615.29,671.13,3607.14,1537.43
15677,30.1,VUC,3.0,1.64,64.26,56.08,102.52,16.78
15678,16.48,VUC,3.0,2.85,54.2,41.69,86.46,6.12
15679,336.73,Carreta_Sider,28.0,8.41,410.7,465.86,2513.41,1077.67
15680,76.58,3/4,4.0,1.43,201.7,177.19,266.03,66.67
15681,265.55,Carreta_Bau,28.0,19.4,449.62,421.39,2111.53,844.83
15682,52.5,3/4,4.0,0.79,118.54,147.56,190.11,42.22
15683,4.26,Toco,6.0,3.47,29.04,65.39,64.1,-1.18
15684,53.4,3/4,4.0,1.02,154.11,122.65,203.01,43.05
15685,47.94,VUC,3.0,0.86,89.49,117.82,139.92,26.36
15686,62.52,VUC,3.0,1.76,138.92,136.55,192.46,39.31
15687,7.17,VUC,3.0,1.9,31.89,23.7,37.66,7.99
15688,7.22,VUC,3.0,0.99,23.41,28.59,35.11,2.13
15689,420.59,Carreta_Sider,28.0,10.66,587.38,601.49,3111.69,1363.73
15690,205.18,Toco,6.0,2.35,491.48,548.37,859.7,217.89
15691,35.79,Toco,6.0,1.62,113.77,102.49,155.67,29.85
15692,66.66,3/4,4.0,3.88,190.48,149.77,268.71,56.96
15693,64.66,Toco,6.0,4.43,149.24,182.27,329.9,68.1
15694,417.83,Carreta_Sider,28.0,6.84,511.34,581.53,3064.14,1352.74
15695,213.99,3/4,4.0,1.81,447.99,486.01,730.71,178.14
15696,29.32,3/4,4.0,1.19,90.46,95.61,110.88,17.04
15697,23.66,VUC,3.0,1.05,70.69,57.61,74.39,15.18
15698,299.16,Carreta_Sider,28.0,26.56,457.78,486.44,2521.71,995.17
15699,409.16,Carreta_Sider,28.0,7.45,569.28,584.0,2990.85,1303.6
15700,66.16,3/4,4.0,3.59,116.05,168.08,260.74,58.97
15701,361.76,Carreta_Sider,28.0,24.24,562.58,540.35,2913.26,1201.57
15702,6.47,VUC,3.0,2.35,41.22,38.16,37.27,4.61
15703,54.67,VUC,3.0,1.72,117.24,106.68,186.2,33.73
15704,131.42,Truck,14.0,5.17,421.02,380.09,766.64,210.4
15705,42.59,3/4,4.0,3.43,91.33,113.1,174.99,33.6
15706,25.76,VUC,3.0,2.58,63.03,78.07,112.82,10.39
15707,284.79,Carreta_Bau,28.0,16.7,483.64,441.6,2201.71,907.12
15708,440.04,Carreta_Bau,28.0,5.33,522.02,612.32,3106.36,1369.64
15709,51.35,VUC,3.0,0.94,99.54,100.72,153.95,27.3
15710,23.76,Toco,6.0,1.19,56.37,72.46,114.1,22.23
15711,518.63,Carreta_Bau,28.0,8.48,661.24,701.92,3684.15,1605.16
15712,55.35,3/4,4.0,2.33,141.15,140.18,208.13,51.43
15713,293.39,Carreta_Sider,28.0,24.53,489.84,454.64,2431.24,967.68
15714,131.52,Truck,14.0,9.87,445.37,384.4,839.67,220.08
15715,17.56,VUC,3.0,1.98,29.21,47.41,68.56,13.46
15716,40.92,Toco,6.0,4.71,128.08,132.24,220.69,44.22
15717,250.63,Carreta_Bau,28.0,19.43,311.32,431.97,2013.83,803.05
15718,303.22,Carreta_Bau,28.0,14.75,465.66,442.33,2296.5,952.3
15719,50.45,VUC,3.0,2.53,128.38,117.8,171.54,32.87
15720,6.88,3/4,4.0,1.65,22.55,17.01,54.05,-0.3
15721,126.21,Toco,6.0,5.63,292.61,331.25,583.16,127.77
15722,59.58,3/4,4.0,1.0,150.99,142.43,209.58,54.89
15723,72.28,3/4,4.0,2.77,174.46,183.05,267.44,58.64
15724,462.31,Carreta_Sider,28.0,16.11,636.86,631.14,3501.19,1512.33
15725,323.99,Carreta_Bau,28.0,14.33,509.02,476.36,2441.05,1016.75
15726,271.85,Carreta_Sider,28.0,14.43,362.78,433.84,2130.76,882.26
15727,263.8,Carreta_Bau,28.0,5.2,401.67,405.21,1898.35,814.59
15728,91.0,Toco,6.0,4.73,212.4,249.09,422.81,97.37
15729,107.03,Truck,14.0,6.29,348.06,326.76,657.91,165.59
15730,22.48,Toco,6.0,3.33,74.8,93.0,124.14,20.03
15731,22.99,VUC,3.0,2.61,67.55,79.49,96.26,10.25
15732,315.52,Carreta_Bau,28.0,17.94,391.05,472.5,2431.99,999.16
15733,297.12,Carreta_Sider,28.0,24.46,384.17,466.81,2474.74,990.57
15734,242.0,Carreta_Bau,28.0,7.46,311.95,382.24,1778.7,746.27
15735,31.74,VUC,3.0,1.17,77.16,89.04,99.33,19.64
15736,374.94,Carreta_Bau,28.0,9.62,442.18,535.08,2727.19,1168.33
15737,85.06,Toco,6.0,5.42,213.97,215.34,413.3,90.18
15738,269.69,Carreta_Sider,28.0,22.8,353.2,453.1,2246.89,892.96
15739,338.0,Carreta_Bau,28.0,24.05,483.49,514.22,2679.16,1089.53
15740,41.02,3/4,4.0,2.53,90.84,132.36,167.69,36.88
15741,471.14,Carreta_Bau,28.0,9.45,558.91,634.49,3368.76,1465.82
15742,249.65,Carreta_Sider,28.0,13.17,416.4,408.05,1958.83,804.39
15743,264.12,Carreta_Bau,28.0,17.3,449.14,421.62,2067.85,834.84
15744,463.01,Carreta_Bau,28.0,4.65,581.54,627.81,3258.25,1422.49
15745,247.19,Carreta_Sider,28.0,19.42,393.83,395.75,2042.06,808.12
15746,31.46,VUC,3.0,2.63,75.17,82.19,125.07,19.92
15747,71.45,VUC,3.0,1.28,138.16,153.2,221.53,44.39
15748,281.73,Carreta_Bau,28.0,20.38,377.25,439.86,2225.46,901.97
15749,435.35,Carreta_Bau,28.0,15.71,611.94,611.22,3215.7,1369.58
15750,346.54,Carreta_Sider,28.0,4.29,464.73,495.27,2511.17,1103.58
15751,7.46,3/4,4.0,1.57,25.21,26.43,50.84,3.94
15752,53.94,VUC,3.0,1.8,113.53,117.96,172.94,30.09
15753,491.9,Carreta_Sider,28.0,21.45,736.3,701.16,3790.25,1623.74
15754,295.03,Carreta_Sider,28.0,13.77,476.29,465.58,2283.5,958.86
15755,44.97,3/4,4.0,1.23,82.14,120.04,174.19,34.56
15756,60.86,3/4,4.0,0.81,154.34,162.74,215.75,34.89
15757,70.53,Toco,6.0,4.54,164.56,196.37,340.36,83.02
15758,33.57,Toco,6.0,2.76,70.84,130.07,171.13,40.11
15759,61.91,3/4,4.0,2.8,122.07,159.8,241.02,58.67
15760,51.71,Truck,14.0,4.74,141.76,150.64,343.69,89.4
15761,16.19,3/4,4.0,3.17,60.12,47.71,99.02,13.98
15762,298.59,Carreta_Bau,28.0,12.4,463.14,494.38,2241.78,932.82
15763,113.24,Truck,14.0,2.72,360.51,319.87,650.35,172.05
15764,178.85,Truck,14.0,8.17,455.83,532.74,1064.0,293.16
15765,84.24,Toco,6.0,4.63,247.66,259.48,399.86,90.3
15766,72.67,Toco,6.0,5.66,184.51,183.28,359.88,76.71
15767,87.87,Toco,6.0,5.85,212.52,260.1,437.0,90.87
15768,69.56,Toco,6.0,3.23,196.61,212.88,331.7,70.25
15769,26.28,Toco,6.0,4.02,86.42,81.6,160.26,21.97
15770,324.5,Carreta_Sider,28.0,17.46,505.01,471.8,2542.64,1065.38
15771,174.52,Truck,14.0,8.45,577.39,523.09,1046.62,291.31
15772,287.77,Carreta_Sider,28.0,6.93,429.56,442.23,2140.77,916.23
15773,43.18,Truck,14.0,10.08,125.32,148.52,363.76,77.29
15774,39.21,3/4,4.0,3.88,102.82,114.54,174.35,34.54
15775,7.26,Truck,14.0,3.61,26.13,45.22,94.6,18.99
15776,41.36,VUC,3.0,1.25,114.9,75.62,135.59,29.27
15777,215.41,Truck,14.0,3.02,583.83,621.6,1208.16,347.91
15778,35.45,VUC,3.0,1.48,64.05,90.94,117.53,23.85
15779,103.85,VUC,3.0,1.68,247.28,233.13,312.76,62.94
15780,4.36,VUC,3.0,1.36,20.74,39.93,25.0,-3.82
15781,296.92,Carreta_Sider,28.0,15.54,469.17,436.3,2329.43,967.47
15782,369.66,Carreta_Bau,28.0,23.31,481.01,558.61,2881.54,1183.3
15783,81.09,3/4,4.0,1.33,167.41,190.73,286.65,80.82
15784,238.75,Carreta_Bau,28.0,22.24,393.88,395.21,1967.36,766.63
15785,17.09,VUC,3.0,2.47,36.79,61.11,72.56,6.9
15786,425.02,Carreta_Bau,28.0,18.03,520.76,591.1,3187.1,1345.97
15787,157.07,VUC,3.0,1.25,379.34,329.62,461.58,97.98
15788,133.8,Truck,14.0,13.24,399.93,414.34,908.85,223.2
15789,492.31,Carreta_Bau,28.0,12.86,660.81,664.93,3559.96,1536.37
15790,49.59,VUC,3.0,0.58,118.83,118.85,157.31,35.64
15791,486.7,Carreta_Bau,28.0,7.44,564.0,646.01,3450.7,1506.13
15792,267.78,Carreta_Bau,28.0,25.42,388.92,446.86,2219.55,864.49
15793,75.41,VUC,3.0,0.83,161.59,177.83,228.3,44.51
15794,59.01,3/4,4.0,2.12,122.07,136.91,229.09,47.94
15795,273.47,Carreta_Sider,28.0,20.67,347.61,457.05,2246.19,902.55
15796,456.69,Carreta_Bau,28.0,17.85,707.5,643.81,3403.47,1435.83
15797,19.41,VUC,3.0,2.12,71.1,40.03,77.45,17.48
15798,320.47,Carreta_Sider,28.0,12.5,410.08,497.39,2460.85,1043.87
15799,144.77,3/4,4.0,2.85,300.16,348.53,521.89,131.04
15800,60.26,3/4,4.0,0.63,168.95,127.13,192.31,46.38
15801,72.94,3/4,4.0,1.5,179.3,144.01,262.85,62.67
15802,81.78,Toco,6.0,1.53,196.66,213.82,349.83,84.95
15803,143.82,Truck,14.0,7.52,397.37,417.88,871.15,227.13
15804,33.0,3/4,4.0,1.1,97.16,97.97,128.91,27.95
15805,7.09,VUC,3.0,1.85,20.39,18.55,42.94,-2.72
15806,150.73,Toco,6.0,1.82,434.13,380.18,630.22,164.14
15807,426.83,Carreta_Sider,28.0,14.06,574.76,640.36,3231.33,1389.12
15808,350.81,Carreta_Bau,28.0,5.97,401.62,520.97,2495.78,1090.11
15809,59.32,Truck,14.0,7.34,204.94,171.81,409.94,99.24
15810,222.4,Carreta_Bau,28.0,23.43,407.77,394.11,1870.76,710.31
15811,24.54,Truck,14.0,5.87,91.0,117.02,216.48,38.8
15812,75.06,VUC,3.0,2.25,155.26,165.64,241.4,49.25
15813,163.88,Toco,6.0,3.07,446.93,416.41,696.55,184.67
15814,147.47,3/4,4.0,1.4,309.9,317.02,507.41,130.83
15815,65.87,VUC,3.0,1.22,132.67,129.21,201.88,41.42
15816,410.09,Carreta_Sider,28.0,11.4,665.96,590.85,3058.52,1328.25
15817,74.36,3/4,4.0,3.12,176.38,175.94,290.49,61.25
15818,92.05,Truck,14.0,4.49,268.0,276.73,567.7,150.42
15819,57.19,Toco,6.0,5.89,154.46,168.04,303.03,61.84
15820,86.29,3/4,4.0,2.94,198.19,233.73,325.44,75.1
15821,471.49,Carreta_Bau,28.0,13.75,720.01,642.03,3438.32,1476.31
15822,320.71,Carreta_Bau,28.0,27.95,428.18,485.81,2632.02,1029.65
15823,423.4,Carreta_Bau,28.0,9.34,505.68,588.38,3058.65,1310.98
15824,62.41,Toco,6.0,4.79,150.61,171.15,309.18,71.58
15825,20.54,Truck,14.0,5.32,64.19,107.22,185.45,27.62
15826,76.74,Truck,14.0,8.57,223.87,240.14,533.92,124.0
15827,215.33,3/4,4.0,0.79,585.28,506.5,734.82,183.11
15828,67.13,Toco,6.0,5.22,143.19,223.01,330.04,79.77
15829,92.99,Toco,6.0,2.77,195.95,272.32,399.53,95.45
15830,343.91,Carreta_Bau,28.0,18.11,523.69,506.04,2624.34,1077.63
15831,281.17,Carreta_Sider,28.0,26.27,411.89,451.34,2383.71,931.53
15832,26.15,VUC,3.0,0.53,57.65,52.79,79.55,17.39
15833,34.31,VUC,3.0,2.92,82.36,86.09,123.57,25.87
15834,132.27,VUC,3.0,1.79,284.4,262.49,393.29,79.04
15835,78.76,VUC,3.0,2.44,177.32,206.73,263.57,42.38
15836,9.72,VUC,3.0,1.66,28.67,25.61,39.08,1.69
15837,302.13,Carreta_Bau,28.0,23.62,445.44,467.76,2424.91,965.54
15838,61.62,VUC,3.0,2.7,123.47,144.26,202.39,50.71
15839,52.73,3/4,4.0,1.9,132.14,116.78,211.89,45.02
15840,19.36,Toco,6.0,4.59,49.47,83.19,125.11,24.5
15841,19.03,VUC,3.0,3.0,37.23,60.03,82.69,18.01
15842,77.73,Toco,6.0,4.76,174.33,208.52,373.6,83.25
15843,5.41,Truck,14.0,13.49,26.51,55.19,216.69,9.54
15844,71.96,VUC,3.0,2.33,169.27,160.22,238.36,47.96
15845,70.67,VUC,3.0,1.29,130.94,157.78,222.92,47.98
15846,454.88,Carreta_Bau,28.0,23.89,672.72,633.88,3472.97,1457.77
15847,117.01,Toco,6.0,4.3,285.42,309.89,528.67,133.36
15848,63.12,3/4,4.0,0.71,141.58,161.74,220.81,57.83
15849,41.27,Toco,6.0,1.78,92.72,109.02,187.92,42.69
15850,297.77,Carreta_Sider,28.0,10.42,449.78,462.91,2266.52,962.71
15851,466.14,Carreta_Sider,28.0,21.9,567.92,643.75,3618.45,1539.19
15852,430.78,Carreta_Bau,28.0,23.17,599.79,632.04,3311.52,1392.42
15853,6.58,Toco,6.0,5.12,23.57,21.25,92.6,11.74
15854,76.96,VUC,3.0,0.62,187.08,146.3,233.77,50.24
15855,15.44,3/4,4.0,0.85,57.52,43.08,45.89,9.98
15856,304.72,Carreta_Bau,28.0,11.33,392.09,459.14,2261.28,946.79
15857,29.55,Toco,6.0,4.37,96.17,89.88,176.09,35.02
15858,90.16,Truck,14.0,12.12,330.99,295.44,652.81,141.31
15859,31.47,VUC,3.0,2.67,74.32,75.41,129.56,28.67
15860,27.22,3/4,4.0,1.31,81.62,73.87,111.58,12.46
15861,92.58,Truck,14.0,11.23,287.03,288.06,641.9,148.17
15862,11.82,3/4,4.0,2.78,45.99,67.64,75.43,15.1
15863,167.82,Toco,6.0,5.63,491.03,428.4,754.41,185.95
15864,455.62,Carreta_Bau,28.0,22.59,529.61,678.05,3458.31,1457.82
15865,160.08,Toco,6.0,3.6,429.84,441.31,690.02,170.7
15866,18.62,VUC,3.0,2.45,52.31,35.98,85.55,11.47
15867,212.65,Truck,14.0,5.77,608.54,631.49,1218.79,347.72
15868,147.82,Truck,14.0,11.46,438.13,435.43,955.69,240.87
15869,43.89,Truck,14.0,11.4,142.35,157.14,392.92,71.42
15870,75.68,VUC,3.0,2.63,194.56,147.37,230.91,49.42
15871,290.08,Carreta_Bau,28.0,9.97,355.63,436.98,2141.9,902.29
15872,84.48,Toco,6.0,5.23,213.77,268.96,403.86,97.1
15873,72.76,Toco,6.0,1.76,213.48,187.4,322.29,80.04
15874,92.83,Truck,14.0,11.29,269.0,301.84,654.76,153.25
15875,5.53,VUC,3.0,2.82,17.39,28.31,41.22,-4.91
15876,60.38,Toco,6.0,1.08,138.52,160.45,262.45,69.99
15877,14.59,VUC,3.0,2.05,48.65,61.6,68.05,4.8
15878,86.84,3/4,4.0,2.84,201.97,204.66,326.87,83.12
15879,362.41,Carreta_Sider,28.0,23.6,455.74,550.93,2918.48,1195.1
15880,89.11,3/4,4.0,0.95,202.94,218.07,304.72,75.38
15881,31.58,VUC,3.0,2.77,74.63,97.08,120.01,23.84
15882,79.32,VUC,3.0,2.98,172.63,172.59,245.0,51.13
15883,446.53,Carreta_Bau,28.0,20.2,539.69,661.83,3370.74,1422.43
15884,291.07,Carreta_Sider,28.0,14.43,376.06,431.3,2270.72,943.81
15885,61.36,Truck,14.0,9.66,179.26,193.94,460.43,110.41
15886,13.14,Truck,14.0,2.75,74.04,79.09,114.17,22.02
15887,58.85,VUC,3.0,2.37,109.34,127.62,197.52,37.63
15888,92.82,3/4,4.0,0.84,222.67,225.3,329.67,78.29
15889,507.56,Carreta_Bau,28.0,11.88,747.03,677.31,3656.27,1593.13
15890,32.04,3/4,4.0,1.07,76.09,68.21,124.18,28.65
15891,348.24,Carreta_Bau,28.0,21.48,470.58,511.43,2712.27,1111.94
15892,4.1,Truck,14.0,9.17,23.28,53.2,133.82,-0.44
15893,92.89,3/4,4.0,2.98,241.44,216.16,341.42,85.35
15894,351.87,Carreta_Bau,28.0,5.74,438.14,504.23,2511.55,1088.16
15895,41.67,3/4,4.0,1.86,121.74,103.0,169.97,32.9
15896,169.5,VUC,3.0,1.49,338.71,371.25,509.1,109.86
15897,43.21,VUC,3.0,1.99,95.04,80.76,137.69,34.81
15898,175.8,Truck,14.0,3.32,497.95,512.83,998.31,285.29
15899,68.85,VUC,3.0,2.1,137.3,150.95,226.64,54.32
15900,59.0,3/4,4.0,1.94,161.37,135.81,223.55,54.16
15901,340.07,Carreta_Sider,28.0,25.76,537.5,544.8,2775.82,1120.7
15902,31.48,VUC,3.0,1.6,62.45,54.57,104.57,26.45
15903,13.1,3/4,4.0,0.95,52.06,51.03,57.6,2.18
15904,401.37,Carreta_Sider,28.0,6.66,488.65,584.68,2938.36,1289.11
15905,79.29,Toco,6.0,2.2,232.31,209.52,335.58,89.51
15906,182.0,3/4,4.0,1.42,474.92,448.47,625.72,160.82
15907,300.71,Carreta_Bau,28.0,23.16,355.39,472.08,2404.22,964.9
15908,246.39,Carreta_Sider,28.0,21.39,445.05,401.75,2063.74,813.13
15909,47.99,3/4,4.0,0.86,127.79,131.95,176.03,46.05
15910,65.2,VUC,3.0,2.62,130.96,142.15,218.7,36.66
15911,281.47,Carreta_Bau,28.0,6.49,437.56,419.55,2033.7,870.62
15912,82.31,Toco,6.0,4.91,248.37,240.49,393.97,89.52
15913,5.61,3/4,4.0,0.98,6.0,36.93,31.55,2.52
15914,82.2,Toco,6.0,2.82,248.31,237.68,374.35,85.89
15915,72.41,VUC,3.0,2.36,138.74,128.56,229.47,47.8
15916,90.16,3/4,4.0,1.46,235.9,222.39,315.25,79.14
15917,189.41,Truck,14.0,3.45,579.91,573.67,1072.4,311.13
15918,154.81,Truck,14.0,11.47,447.07,448.39,991.65,255.2
15919,231.21,Carreta_Sider,28.0,20.65,360.41,395.5,1944.48,758.7
15920,25.26,VUC,3.0,2.72,77.69,63.95,112.87,2.41
15921,33.34,VUC,3.0,2.09,81.63,93.24,132.19,28.86
15922,64.19,VUC,3.0,0.64,174.26,137.78,199.78,33.52
15923,464.29,Carreta_Bau,28.0,19.4,520.02,660.89,3467.8,1477.36
15924,88.25,3/4,4.0,3.4,201.65,210.79,340.76,77.52
15925,94.33,3/4,4.0,0.88,207.05,264.48,329.06,83.32
15926,41.92,3/4,4.0,1.06,111.99,115.3,150.87,30.52
15927,437.22,Carreta_Bau,28.0,20.33,678.05,651.85,3296.64,1394.49
15928,138.2,Truck,14.0,11.52,421.41,427.18,899.9,237.28
15929,132.32,Truck,14.0,6.3,435.51,391.13,801.3,215.87
15930,53.07,3/4,4.0,3.1,125.27,137.13,222.97,41.16
15931,304.5,Carreta_Sider,28.0,8.18,435.64,471.18,2281.41,968.65
15932,19.52,VUC,3.0,1.58,60.94,22.43,77.5,19.93
15933,67.15,3/4,4.0,3.14,152.28,181.31,260.3,55.46
15934,80.2,Toco,6.0,1.91,212.77,219.65,351.61,84.62
15935,76.68,3/4,4.0,1.79,178.53,195.57,268.76,77.21
15936,35.47,Toco,6.0,4.11,124.14,118.15,198.01,43.39
15937,91.66,Toco,6.0,2.66,201.36,227.82,407.71,104.53
15938,14.95,Toco,6.0,5.36,37.77,61.56,139.1,24.75
15939,212.89,Toco,6.0,5.78,458.1,545.78,933.37,228.65
15940,444.96,Carreta_Bau,28.0,19.49,617.37,610.27,3349.36,1421.48
15941,301.63,Carreta_Sider,28.0,22.82,434.57,499.27,2468.49,1004.95
15942,48.95,Toco,6.0,5.52,132.79,169.98,277.4,52.0
15943,54.47,VUC,3.0,2.24,109.66,121.24,189.9,39.04
15944,457.4,Carreta_Bau,28.0,22.6,632.32,652.89,3482.2,1467.47
15945,52.82,Toco,6.0,1.31,126.05,148.85,233.41,52.65
15946,72.97,VUC,3.0,2.55,170.53,159.71,235.21,52.12
15947,59.47,3/4,4.0,1.53,136.0,143.14,215.67,46.71
15948,140.98,Truck,14.0,2.94,365.47,399.71,794.8,238.52
15949,11.02,Truck,14.0,9.11,43.11,66.94,187.36,18.9
15950,507.28,Carreta_Bau,28.0,9.6,777.27,679.14,3622.81,1581.87
15951,20.37,VUC,3.0,0.65,54.35,63.85,69.47,4.66
15952,52.43,VUC,3.0,2.0,99.07,115.8,173.14,35.79
15953,67.2,VUC,3.0,0.7,165.52,134.91,193.93,48.35
15954,50.79,Truck,14.0,12.66,185.9,166.36,453.6,80.13
15955,36.35,3/4,4.0,3.9,96.42,104.65,168.05,28.94
15956,421.02,Carreta_Bau,28.0,21.77,630.66,597.6,3218.33,1340.46
15957,8.65,Toco,6.0,2.37,47.6,28.87,57.89,3.53
15958,75.52,VUC,3.0,1.88,177.12,191.55,231.58,42.11
15959,406.05,Carreta_Bau,28.0,4.95,541.1,547.71,2867.38,1256.74
15960,49.24,VUC,3.0,2.03,115.04,133.49,164.85,25.44
15961,53.03,VUC,3.0,1.12,121.81,138.13,163.9,24.7
15962,46.68,Toco,6.0,3.22,147.69,148.0,238.04,47.93
15963,28.15,VUC,3.0,0.91,56.3,81.9,98.33,18.02
15964,29.15,Truck,14.0,13.84,76.97,106.12,343.17,51.69
15965,494.59,Carreta_Bau,28.0,9.14,659.09,664.88,3550.36,1533.61
15966,9.78,3/4,4.0,2.02,37.06,65.93,56.29,5.32
15967,294.88,Carreta_Bau,28.0,10.26,498.21,458.92,2186.98,921.86
15968,68.39,Truck,14.0,8.54,185.55,227.4,481.67,116.53
15969,158.28,Truck,14.0,12.87,396.25,466.93,1028.84,270.09
15970,306.18,Carreta_Bau,28.0,8.09,492.37,442.55,2232.6,952.44
15971,28.74,VUC,3.0,0.81,72.29,56.19,82.55,9.82
15972,31.17,3/4,4.0,0.85,90.2,76.05,127.83,21.51
15973,94.41,VUC,3.0,1.95,205.54,204.16,286.06,67.09
15974,441.47,Carreta_Sider,28.0,18.53,498.86,640.71,3389.14,1454.7
15975,460.31,Carreta_Sider,28.0,23.75,626.83,683.8,3600.91,1523.33
15976,39.11,VUC,3.0,2.58,100.0,125.0,136.81,24.62
15977,302.63,Carreta_Sider,28.0,6.63,454.75,482.69,2240.01,961.82
15978,50.47,3/4,4.0,3.7,121.26,113.21,204.58,50.78
15979,39.17,3/4,4.0,3.42,127.27,94.96,176.13,28.48
15980,406.23,Carreta_Sider,28.0,19.6,566.99,584.75,3159.99,1343.18
15981,30.41,VUC,3.0,1.34,57.45,91.76,101.42,18.95
15982,4.53,Truck,14.0,10.97,21.38,56.72,181.89,3.19
15983,199.95,Toco,6.0,4.07,522.83,505.44,871.48,209.58
15984,81.79,VUC,3.0,1.35,189.57,180.46,238.71,50.73
15985,192.98,Truck,14.0,2.26,545.3,564.67,1082.21,307.23
15986,47.06,VUC,3.0,1.96,109.37,119.09,156.15,28.73
15987,69.51,3/4,4.0,2.56,137.19,190.11,254.13,59.21
15988,91.24,Truck,14.0,3.94,301.14,283.14,549.45,153.52
15989,344.16,Carreta_Sider,28.0,25.77,568.14,530.1,2817.18,1147.06
15990,4.26,3/4,4.0,1.14,16.22,32.62,34.75,4.53
15991,65.43,VUC,3.0,1.18,139.95,145.63,201.45,47.23
15992,274.24,Carreta_Bau,28.0,13.05,467.01,429.75,2078.93,855.24
15993,163.45,3/4,4.0,2.92,315.59,379.01,578.88,143.47
15994,418.58,Carreta_Sider,28.0,6.14,526.79,615.24,3047.82,1339.35
15995,14.8,Truck,14.0,10.46,73.74,92.01,227.94,31.93
15996,45.67,VUC,3.0,1.51,93.2,105.53,144.15,22.32
15997,81.06,3/4,4.0,1.22,173.02,226.51,289.85,63.35
15998,321.16,Carreta_Bau,28.0,6.87,442.16,474.49,2322.57,989.91
15999,316.17,Carreta_Sider,28.0,14.01,542.47,491.79,2439.9,1028.23
16000,175.46,Truck,14.0,7.41,426.04,537.74,1045.82,287.15
16001,10.51,VUC,3.0,0.8,24.54,64.03,40.08,9.46
16002,94.05,Truck,14.0,7.84,262.01,308.19,609.05,143.06
16003,56.86,VUC,3.0,1.73,150.97,135.97,171.61,43.83
16004,39.94,3/4,4.0,3.94,82.58,102.95,179.68,35.86
16005,5.78,Toco,6.0,4.54,45.81,41.69,78.26,9.11
16006,57.4,3/4,4.0,0.64,151.39,152.87,196.72,49.37
16007,197.48,3/4,4.0,2.22,428.06,462.4,674.6,164.19
16008,389.4,Carreta_Bau,28.0,4.71,571.22,544.86,2742.05,1202.25
16009,457.06,Carreta_Sider,28.0,16.37,629.91,644.17,3480.51,1490.62
16010,170.32,Toco,6.0,2.62,397.41,441.52,723.27,183.84
16011,440.25,Carreta_Bau,28.0,25.7,644.74,620.68,3396.88,1419.18
16012,429.94,Carreta_Sider,28.0,15.94,545.7,598.51,3267.41,1400.06
16013,49.04,VUC,3.0,2.62,119.28,103.22,169.31,25.19
16014,441.34,Carreta_Bau,28.0,18.1,687.0,615.3,3298.64,1397.39
16015,23.59,VUC,3.0,1.46,47.46,51.41,82.6,23.18
16016,48.63,Truck,14.0,4.83,154.2,165.0,342.8,75.66
16017,5.16,VUC,3.0,0.92,23.32,8.0,39.62,3.73
16018,342.24,Carreta_Bau,28.0,23.11,527.63,497.23,2696.46,1099.7
16019,244.53,Carreta_Bau,28.0,25.22,333.34,421.17,2055.53,796.72
16020,422.68,Carreta_Sider,28.0,11.91,598.78,621.43,3164.18,1364.14
16021,298.98,Carreta_Bau,28.0,15.97,470.94,459.22,2280.07,936.96
16022,189.29,Toco,6.0,2.37,415.99,503.69,803.55,206.83
16023,94.95,Truck,14.0,7.52,282.91,282.91,613.11,150.79
16024,266.01,Carreta_Bau,28.0,24.89,401.27,437.99,2191.97,856.08
16025,289.53,Carreta_Sider,28.0,7.48,431.05,443.78,2158.37,929.67
16026,309.77,Carreta_Bau,28.0,11.14,415.19,482.61,2296.59,964.96
16027,34.22,3/4,4.0,2.96,89.36,96.82,138.42,27.95
16028,47.7,VUC,3.0,1.24,111.33,98.73,144.77,34.4
16029,476.46,Carreta_Sider,28.0,6.13,674.91,684.71,3459.41,1526.03
16030,75.41,VUC,3.0,1.4,138.11,162.4,237.52,48.28
16031,68.86,VUC,3.0,2.17,157.95,138.59,231.86,45.39
16032,84.86,VUC,3.0,2.96,159.61,209.82,277.67,50.11
16033,89.66,3/4,4.0,3.63,174.14,226.07,322.26,78.11
16034,21.22,3/4,4.0,2.51,62.26,52.15,93.32,16.1
16035,269.75,Carreta_Bau,28.0,22.7,376.22,427.55,2213.72,863.15
16036,216.04,Truck,14.0,8.9,610.11,628.79,1279.34,361.45
16037,504.0,Carreta_Bau,28.0,15.95,575.18,677.82,3675.86,1584.11
16038,39.53,VUC,3.0,0.89,116.13,81.98,139.27,30.82
16039,66.5,Toco,6.0,2.39,125.87,181.57,291.29,72.47
16040,8.1,VUC,3.0,1.6,10.75,43.8,45.16,5.05
16041,69.24,3/4,4.0,3.95,179.15,183.71,270.76,55.8
16042,4.44,3/4,4.0,2.67,35.98,19.41,60.49,5.18
16043,197.83,Toco,6.0,5.72,421.07,519.26,862.66,230.46
16044,99.72,Truck,14.0,5.18,240.51,324.5,603.55,148.32
16045,87.18,Truck,14.0,2.92,274.73,254.79,519.88,129.69
16046,69.35,VUC,3.0,2.94,141.41,166.91,227.18,44.64
16047,55.46,VUC,3.0,1.29,117.86,127.1,176.36,36.91
16048,43.03,VUC,3.0,1.82,81.46,97.98,148.71,32.35
16049,93.91,Truck,14.0,2.95,302.75,285.76,550.56,152.51
16050,71.02,VUC,3.0,2.64,142.34,171.17,224.89,38.18
16051,77.46,VUC,3.0,0.45,196.38,153.79,222.79,51.54
16052,79.11,VUC,3.0,2.76,188.17,176.5,254.04,50.89
16053,456.17,Carreta_Bau,28.0,8.14,516.56,621.73,3258.34,1420.01
16054,5.99,VUC,3.0,0.92,6.0,25.52,33.82,0.2
16055,8.98,3/4,4.0,3.41,22.03,35.19,71.26,0.08
16056,22.05,3/4,4.0,1.91,53.49,55.08,101.32,16.34
16057,63.62,VUC,3.0,1.1,118.15,169.89,184.21,42.77
16058,60.78,3/4,4.0,2.63,173.85,115.49,236.39,53.72
16059,500.64,Carreta_Bau,28.0,10.25,742.22,688.15,3587.49,1560.57
16060,384.91,Carreta_Sider,28.0,11.02,501.86,570.54,2886.09,1238.04
16061,268.25,Carreta_Sider,28.0,5.28,389.23,420.13,1988.66,853.89
16062,33.59,VUC,3.0,1.83,72.06,86.34,109.68,29.0
16063,92.54,Truck,14.0,3.64,326.1,291.21,549.43,161.25
16064,12.47,Truck,14.0,12.06,55.32,60.66,241.81,22.85
16065,74.68,VUC,3.0,2.37,160.18,161.98,241.49,53.62
16066,326.1,Carreta_Bau,28.0,10.99,477.01,475.81,2401.97,1014.39
16067,47.76,VUC,3.0,1.81,103.7,118.18,148.77,37.45
16068,42.11,Toco,6.0,3.84,109.16,131.6,221.51,44.17
16069,6.33,VUC,3.0,2.15,20.65,12.14,33.25,-2.24
16070,70.23,VUC,3.0,1.52,154.0,156.53,216.5,50.63
16071,448.6,Carreta_Bau,28.0,19.73,541.82,622.55,3367.03,1426.53
16072,74.21,Toco,6.0,1.76,204.39,188.34,326.89,86.26
16073,33.03,3/4,4.0,2.2,92.64,83.7,132.81,32.11
16074,51.04,3/4,4.0,0.92,159.49,113.74,181.57,35.96
16075,471.27,Carreta_Bau,28.0,26.6,656.08,640.5,3627.14,1520.23
16076,59.19,VUC,3.0,1.47,94.43,135.99,184.07,33.29
16077,138.57,Toco,6.0,4.05,339.94,374.22,612.57,157.71
16078,37.46,VUC,3.0,1.7,77.5,86.12,123.9,24.45
16079,60.02,VUC,3.0,0.52,103.7,148.81,176.78,34.31
16080,463.9,Carreta_Sider,28.0,5.69,727.04,661.23,3369.34,1468.95
16081,43.51,Toco,6.0,2.25,95.59,114.47,211.82,52.54
16082,83.9,VUC,3.0,2.17,176.73,174.42,268.42,52.56
16083,69.38,3/4,4.0,2.78,210.12,151.41,256.56,57.95
16084,14.06,Truck,14.0,4.34,73.62,68.17,143.69,25.05
16085,76.76,Truck,14.0,7.91,228.67,249.67,528.75,120.97
16086,357.37,Carreta_Sider,28.0,12.94,476.65,532.04,2720.53,1149.34
16087,34.71,VUC,3.0,1.9,61.77,74.03,104.77,23.3
16088,89.14,3/4,4.0,1.74,242.47,213.34,321.41,70.35
16089,58.91,3/4,4.0,3.65,155.27,158.56,249.02,50.57
16090,108.72,Toco,6.0,3.31,336.07,295.42,478.57,113.61
16091,6.51,3/4,4.0,2.05,31.64,38.4,65.07,-1.29
16092,70.83,Toco,6.0,4.49,189.71,199.71,328.0,69.5
16093,15.9,Truck,14.0,11.39,40.15,92.85,242.97,26.85
16094,83.83,Toco,6.0,3.13,244.37,212.27,383.28,96.26
16095,141.11,Truck,14.0,3.4,386.07,408.59,808.28,231.09
16096,90.3,Toco,6.0,1.33,218.21,227.3,386.02,96.2
16097,67.27,3/4,4.0,1.71,168.51,160.07,239.35,63.7
16098,52.49,VUC,3.0,2.32,129.88,141.97,171.98,31.38
16099,114.35,Toco,6.0,4.23,333.1,290.98,518.98,129.24
16100,58.79,3/4,4.0,1.58,140.23,136.43,202.59,46.89
16101,43.03,3/4,4.0,0.61,88.43,87.31,159.85,31.98
16102,11.61,3/4,4.0,2.79,47.45,51.87,70.81,13.97
16103,498.14,Carreta_Bau,28.0,17.63,736.44,684.84,3681.32,1578.89
16104,276.27,Carreta_Sider,28.0,22.59,388.65,466.86,2294.7,915.52
16105,88.52,VUC,3.0,2.2,178.09,214.65,301.33,49.85
16106,399.14,Carreta_Bau,28.0,10.08,470.02,547.36,2899.37,1248.82
16107,95.73,Truck,14.0,10.82,293.59,296.88,653.3,161.65
16108,33.96,3/4,4.0,2.25,94.21,109.75,154.42,26.77
16109,32.47,VUC,3.0,1.92,86.27,69.6,96.65,23.82
16110,21.41,3/4,4.0,1.81,51.9,77.53,90.66,23.51
16111,94.31,VUC,3.0,2.47,218.05,172.26,297.71,57.68
16112,89.77,Toco,6.0,1.9,195.63,238.4,386.74,92.4
16113,35.8,Truck,14.0,4.53,127.54,116.22,259.16,56.22
16114,432.1,Carreta_Bau,28.0,9.85,659.55,615.47,3111.79,1334.62
16115,27.66,VUC,3.0,2.46,57.68,65.12,114.86,19.64
16116,299.87,Carreta_Sider,28.0,21.53,491.28,485.3,2435.96,992.72
16117,77.29,Toco,6.0,2.27,222.24,216.26,341.59,85.85
16118,42.46,3/4,4.0,1.09,110.27,99.41,168.14,37.78
16119,487.53,Carreta_Bau,28.0,4.87,609.18,671.88,3433.36,1507.6
16120,92.07,Toco,6.0,4.39,250.72,254.54,425.87,100.42
16121,86.01,Toco,6.0,3.65,241.26,210.3,396.59,85.75
16122,73.11,3/4,4.0,2.99,179.15,186.78,292.04,63.29
16123,316.38,Carreta_Bau,28.0,21.06,387.1,473.65,2475.95,1015.01
16124,12.18,VUC,3.0,2.6,34.03,45.34,56.9,9.75
16125,67.89,3/4,4.0,2.01,171.84,170.65,247.67,55.49
16126,93.84,Truck,14.0,11.94,316.61,307.94,668.18,159.78
16127,37.97,Toco,6.0,3.12,127.99,126.58,199.03,43.04
16128,84.22,VUC,3.0,2.25,199.69,175.26,260.4,53.49
16129,41.14,Truck,14.0,8.66,118.29,136.61,333.24,68.01
16130,92.39,Truck,14.0,13.06,228.27,287.44,666.47,152.56
16131,63.48,Toco,6.0,2.79,207.05,190.47,286.13,71.59
16132,430.24,Carreta_Bau,28.0,20.62,555.25,605.02,3253.84,1365.71
16133,362.52,Carreta_Sider,28.0,18.43,532.82,548.54,2819.24,1188.69
16134,12.78,VUC,3.0,3.0,30.77,53.03,66.59,12.75
16135,47.59,VUC,3.0,0.65,124.23,110.65,137.74,31.08
16136,8.53,VUC,3.0,1.98,30.43,55.07,45.64,6.74
16137,316.23,Carreta_Sider,28.0,9.73,427.46,472.08,2391.8,1017.24
16138,39.95,VUC,3.0,2.7,123.26,103.33,133.89,28.78
16139,87.3,Truck,14.0,11.55,262.34,280.66,632.85,142.97
16140,25.13,VUC,3.0,2.14,72.39,66.72,106.6,15.59
16141,90.5,Toco,6.0,3.35,212.25,212.25,414.43,93.7
16142,13.09,VUC,3.0,2.19,39.56,36.44,64.22,7.12
16143,64.5,Truck,14.0,8.7,214.11,184.34,473.41,95.69
16144,498.0,Carreta_Sider,28.0,11.04,642.45,688.54,3684.55,1605.95
16145,91.88,3/4,4.0,3.39,235.89,220.33,354.62,82.25
16146,305.63,Carreta_Bau,28.0,16.4,431.86,494.52,2341.41,964.6
16147,474.27,Carreta_Bau,28.0,10.32,567.48,660.05,3401.35,1483.12
16148,63.53,3/4,4.0,2.86,134.99,143.57,253.85,61.01
16149,110.33,Truck,14.0,2.32,348.13,333.04,647.1,175.97
16150,374.4,Carreta_Sider,28.0,21.34,442.28,567.35,2959.38,1228.31
16151,482.46,Carreta_Sider,28.0,15.39,702.63,683.34,3633.62,1575.33
16152,477.19,Carreta_Bau,28.0,19.3,589.44,663.22,3560.23,1520.07
16153,85.81,3/4,4.0,1.13,182.33,198.37,292.7,73.8
16154,94.18,Truck,14.0,10.65,313.06,298.27,644.93,152.97
16155,62.41,Toco,6.0,4.59,195.18,177.99,311.27,70.43
16156,75.19,3/4,4.0,3.12,137.99,193.59,287.73,62.98
16157,6.91,3/4,4.0,2.19,30.25,43.5,49.19,2.18
16158,42.89,Truck,14.0,9.72,128.79,160.95,363.34,72.38
16159,30.23,VUC,3.0,1.85,78.96,76.62,106.4,14.57
16160,301.15,Carreta_Bau,28.0,9.75,409.92,447.51,2209.52,941.48
16161,295.64,Carreta_Sider,28.0,4.75,445.25,460.8,2173.09,942.15
16162,79.0,3/4,4.0,2.01,183.53,180.14,290.76,66.18
16163,65.66,Truck,14.0,11.8,237.21,180.55,508.3,108.78
16164,59.91,Truck,14.0,5.93,163.52,168.88,406.55,91.7
16165,439.47,Carreta_Sider,28.0,22.03,679.09,612.82,3426.98,1444.61
16166,237.38,Carreta_Bau,28.0,19.42,342.67,395.19,1922.87,762.8
16167,88.77,Truck,14.0,6.3,313.2,275.64,562.72,143.29
16168,12.09,3/4,4.0,0.6,42.92,53.16,52.79,2.88
16169,90.8,3/4,4.0,2.07,169.75,225.14,329.95,81.36
16170,493.29,Carreta_Bau,28.0,13.55,605.62,689.36,3583.94,1543.1
16171,201.54,Truck,14.0,3.75,539.89,600.79,1136.73,326.43
16172,13.17,Toco,6.0,5.08,34.3,67.37,121.41,21.9
16173,35.58,3/4,4.0,3.85,98.34,110.29,165.04,29.77
16174,61.35,VUC,3.0,0.76,137.03,161.1,185.47,44.4
16175,35.07,VUC,3.0,1.04,77.65,113.62,110.29,25.86
16176,126.62,Toco,6.0,4.13,337.03,332.28,551.92,146.31
16177,423.07,Carreta_Bau,28.0,26.83,604.71,631.54,3306.79,1367.46
16178,66.11,3/4,4.0,3.78,150.51,156.31,257.46,54.64
16179,74.56,VUC,3.0,2.82,192.36,159.36,240.57,38.42
16180,79.39,VUC,3.0,1.57,185.2,198.91,238.66,46.81
16181,20.32,VUC,3.0,2.96,43.77,57.1,86.61,10.83
16182,20.57,Toco,6.0,2.76,58.95,46.94,113.87,27.16
16183,267.01,Carreta_Bau,28.0,6.26,370.65,390.25,1937.24,831.38
16184,246.21,Carreta_Bau,28.0,20.97,395.31,388.52,2005.06,779.2
16185,8.76,Truck,14.0,8.72,54.07,37.3,167.66,20.47
16186,231.39,Carreta_Bau,28.0,23.23,338.21,392.57,1944.38,737.0
16187,511.69,Carreta_Bau,28.0,18.98,603.46,690.16,3810.83,1619.96
16188,48.67,Toco,6.0,5.09,105.77,137.2,263.14,46.79
16189,337.96,Carreta_Sider,28.0,12.38,448.08,499.55,2577.0,1094.5
16190,16.52,3/4,4.0,1.58,64.71,33.51,76.55,10.94
16191,516.56,Carreta_Sider,28.0,22.22,738.49,711.83,3981.69,1711.21
16192,32.99,Truck,14.0,8.02,109.83,133.16,276.6,49.38
16193,80.48,3/4,4.0,1.21,214.06,198.93,267.61,70.85
16194,90.33,3/4,4.0,1.88,235.0,171.94,311.43,70.1
16195,78.81,3/4,4.0,3.32,190.11,183.39,298.74,73.0
16196,4.06,3/4,4.0,3.74,17.62,39.19,66.23,4.1
16197,241.02,Carreta_Bau,28.0,22.3,389.44,402.9,1989.62,771.7
16198,55.69,VUC,3.0,2.28,115.16,157.4,181.86,34.31
16199,19.17,3/4,4.0,3.36,36.36,56.3,107.17,14.44
16200,270.94,Carreta_Sider,28.0,8.97,477.29,430.62,2053.38,872.35
16201,38.19,3/4,4.0,2.57,104.93,89.13,149.3,41.57
16202,42.94,Truck,14.0,9.17,151.07,127.58,358.96,65.26
16203,89.81,Toco,6.0,5.72,264.5,247.6,439.8,97.99
16204,61.67,VUC,3.0,0.49,136.28,133.16,196.91,35.55
16205,28.36,VUC,3.0,2.92,78.92,109.44,113.21,11.05
16206,185.0,Toco,6.0,4.6,388.07,466.45,816.92,195.56
16207,62.49,VUC,3.0,0.51,150.92,134.46,183.13,35.48
16208,90.62,Truck,14.0,8.27,311.32,282.0,613.94,146.27
16209,9.38,VUC,3.0,0.63,36.85,44.71,31.61,12.97
16210,277.9,Carreta_Sider,28.0,18.56,375.22,456.21,2242.87,915.15
16211,78.25,Truck,14.0,7.47,223.84,222.43,523.85,123.49
16212,121.35,Toco,6.0,4.84,269.6,337.26,560.77,137.45
16213,23.74,3/4,4.0,2.57,45.7,67.12,118.5,16.22
16214,17.93,VUC,3.0,2.46,50.94,12.88,72.01,11.22
16215,85.8,Truck,14.0,6.49,220.58,265.75,547.37,140.95
16216,4.17,3/4,4.0,3.51,29.63,12.48,68.81,14.15
16217,71.44,3/4,4.0,3.55,136.72,192.68,281.46,63.04
16218,95.24,Toco,6.0,4.24,236.19,259.28,443.27,96.85
16219,11.94,VUC,3.0,1.12,38.59,52.17,40.5,11.29
16220,60.24,VUC,3.0,2.98,117.19,154.25,203.67,45.26
16221,60.5,VUC,3.0,2.54,130.91,131.31,196.4,43.86
16222,82.51,3/4,4.0,3.5,167.36,204.14,323.33,66.24
16223,78.86,Toco,6.0,0.96,230.9,227.64,339.79,84.22
16224,66.35,VUC,3.0,2.56,163.99,152.83,225.86,43.15
16225,38.63,3/4,4.0,1.34,85.64,90.01,139.26,41.16
16226,19.14,Toco,6.0,3.49,60.54,87.58,124.37,23.88
16227,61.85,VUC,3.0,2.25,130.11,140.6,201.75,48.66
16228,49.22,3/4,4.0,1.99,103.79,114.5,172.75,38.02
16229,11.09,VUC,3.0,1.07,44.26,62.15,47.56,5.94
16230,90.96,3/4,4.0,2.3,217.8,191.75,340.27,74.47
16231,287.56,Carreta_Bau,28.0,11.33,475.6,426.49,2153.6,903.25
16232,32.61,VUC,3.0,2.02,80.71,72.1,115.54,26.73
16233,412.06,Carreta_Bau,28.0,6.81,468.97,586.65,2940.19,1277.08
16234,4.19,3/4,4.0,1.99,39.1,20.65,41.34,4.01
16235,86.05,Toco,6.0,3.92,213.84,222.07,391.96,95.98
16236,56.51,VUC,3.0,2.98,132.18,144.49,188.81,30.21
16237,70.71,3/4,4.0,2.28,161.56,184.4,263.5,57.91
16238,280.75,Carreta_Sider,28.0,14.34,438.42,438.69,2194.5,909.88
16239,315.15,Carreta_Bau,28.0,27.74,480.62,490.34,2582.49,1018.28
16240,17.89,Toco,6.0,5.62,65.95,50.41,139.13,16.58
16241,284.39,Carreta_Bau,28.0,20.22,476.33,439.13,2254.27,900.73
16242,40.82,VUC,3.0,1.84,100.63,95.84,130.29,18.25
16243,62.7,Truck,14.0,5.32,178.88,182.27,420.95,103.49
16244,318.89,Carreta_Sider,28.0,19.05,492.19,470.03,2523.29,1038.65
16245,26.84,VUC,3.0,2.58,51.61,63.16,105.0,22.5
16246,67.84,3/4,4.0,3.94,178.82,183.23,272.08,60.54
16247,424.63,Carreta_Sider,28.0,8.27,546.85,614.13,3124.27,1365.72
16248,436.61,Carreta_Bau,28.0,10.72,623.21,598.18,3150.35,1357.79
16249,25.26,3/4,4.0,3.61,91.6,109.96,117.0,31.15
16250,23.03,3/4,4.0,3.53,67.78,53.62,119.97,30.98
16251,451.17,Carreta_Bau,28.0,21.26,639.7,643.09,3410.02,1438.91
16252,5.06,Truck,14.0,3.33,40.76,30.99,80.97,10.08
16253,29.65,VUC,3.0,2.25,82.88,91.23,99.13,19.15
16254,26.45,VUC,3.0,1.65,59.95,65.63,105.41,21.98
16255,185.28,Truck,14.0,6.52,493.0,538.95,1081.65,304.89
16256,289.58,Carreta_Bau,28.0,10.17,372.53,450.41,2121.27,893.59
16257,448.18,Carreta_Bau,28.0,11.77,526.32,618.69,3251.07,1397.29
16258,73.56,3/4,4.0,2.42,159.72,190.23,271.84,64.47
16259,55.84,3/4,4.0,1.15,137.33,138.08,194.68,50.45
16260,20.18,Toco,6.0,3.5,75.24,33.14,133.14,22.68
16261,495.3,Carreta_Bau,28.0,5.35,690.63,698.89,3492.33,1519.5
16262,55.7,Toco,6.0,2.99,120.27,163.77,265.26,63.02
16263,24.52,VUC,3.0,2.9,61.41,59.92,103.05,25.21
16264,325.77,Carreta_Bau,28.0,21.79,469.68,510.93,2563.85,1028.51
16265,42.72,Toco,6.0,1.25,123.88,109.85,181.25,50.11
16266,304.52,Carreta_Bau,28.0,20.57,427.33,453.15,2397.4,978.89
16267,84.83,Toco,6.0,1.9,235.8,207.22,376.89,95.48
16268,419.95,Carreta_Bau,28.0,15.49,481.08,589.88,3117.02,1322.96
16269,69.45,3/4,4.0,1.6,162.73,160.89,245.42,62.8
16270,63.25,VUC,3.0,2.83,145.11,139.51,213.34,41.0
16271,29.61,Truck,14.0,2.75,118.83,85.6,195.82,50.05
16272,15.34,Toco,6.0,5.39,74.67,50.13,129.63,17.39
16273,72.52,VUC,3.0,2.24,184.48,168.49,227.03,47.53
16274,55.68,VUC,3.0,1.38,112.46,146.07,169.09,31.67
16275,60.67,Toco,6.0,5.39,154.51,171.42,314.53,64.82
16276,516.47,Carreta_Bau,28.0,13.87,654.96,694.88,3743.01,1630.18
16277,92.74,Truck,14.0,10.41,323.63,297.78,634.24,149.97
16278,276.02,Carreta_Sider,28.0,22.95,495.51,463.81,2295.34,902.44
16279,165.17,Truck,14.0,5.51,537.43,501.15,952.03,284.71
16280,35.7,Truck,14.0,2.96,104.49,130.43,236.01,54.94
16281,449.58,Carreta_Sider,28.0,24.86,526.2,643.95,3536.72,1490.28
16282,76.87,3/4,4.0,1.39,212.79,185.7,266.12,62.34
16283,54.87,Toco,6.0,5.65,166.75,160.22,299.6,60.95
16284,25.41,VUC,3.0,1.25,77.42,30.45,84.45,12.35
16285,396.93,Carreta_Bau,28.0,14.07,513.84,564.99,2927.12,1254.58
16286,8.81,VUC,3.0,1.55,23.34,55.14,48.46,4.63
16287,60.06,3/4,4.0,2.19,147.83,140.78,237.64,45.64
16288,156.66,VUC,3.0,2.91,341.23,309.72,480.9,88.44
16289,31.08,VUC,3.0,1.07,69.95,66.99,108.15,25.16
16290,232.49,Carreta_Sider,28.0,18.68,375.01,380.96,1916.79,759.45
16291,330.12,Carreta_Bau,28.0,11.2,447.67,500.05,2433.45,1032.91
16292,405.87,Carreta_Sider,28.0,7.32,636.71,619.79,2980.3,1293.9
16293,426.77,Carreta_Sider,28.0,11.07,627.37,613.62,3180.79,1376.68
16294,161.19,Toco,6.0,3.72,454.88,403.64,705.1,175.41
16295,67.29,VUC,3.0,2.0,139.79,134.26,204.84,47.99
16296,187.12,3/4,4.0,1.5,368.11,445.74,639.62,157.72
16297,411.25,Carreta_Bau,28.0,27.7,624.85,607.67,3236.41,1323.15
16298,144.35,Truck,14.0,6.42,401.21,444.82,855.59,246.36
16299,67.77,Toco,6.0,5.14,172.33,180.56,339.31,76.99
16300,306.72,Carreta_Bau,28.0,5.03,452.71,474.39,2191.92,940.85
16301,45.45,VUC,3.0,2.22,114.43,109.04,154.93,30.38
16302,52.81,VUC,3.0,1.22,117.45,110.98,162.32,35.5
16303,61.02,VUC,3.0,1.82,124.99,109.48,203.34,41.63
16304,46.64,VUC,3.0,2.58,84.2,102.13,163.36,32.23
16305,327.05,Carreta_Bau,28.0,21.45,437.4,485.53,2563.09,1044.58
16306,83.84,VUC,3.0,1.37,183.23,169.68,255.33,57.99
16307,239.23,Carreta_Bau,28.0,21.63,394.59,398.38,1970.13,767.11
16308,433.44,Carreta_Bau,28.0,14.05,652.07,596.87,3182.97,1365.53
16309,10.91,VUC,3.0,0.61,26.95,21.35,34.04,-2.04
16310,118.55,VUC,3.0,2.15,291.95,243.57,373.57,67.99
16311,93.16,3/4,4.0,3.79,232.76,204.67,359.43,76.77
16312,425.41,Carreta_Sider,28.0,6.19,532.7,596.89,3095.81,1356.57
16313,369.56,Carreta_Sider,28.0,20.57,566.95,547.16,2903.79,1211.63
16314,7.04,Truck,14.0,12.09,42.09,49.09,208.99,6.62
16315,310.57,Carreta_Bau,28.0,18.4,448.54,475.62,2412.89,985.78
16316,22.94,3/4,4.0,2.25,53.99,88.82,106.39,15.08
16317,68.46,3/4,4.0,1.41,128.34,181.96,250.94,45.31
16318,465.76,Carreta_Bau,28.0,8.81,551.59,616.22,3333.39,1440.6
16319,11.73,VUC,3.0,1.46,35.2,49.42,50.35,4.44
16320,27.86,VUC,3.0,2.09,48.9,85.6,92.06,16.7
16321,18.01,Truck,14.0,5.84,70.67,87.25,173.99,33.66
16322,69.85,3/4,4.0,2.26,195.94,165.21,265.87,61.39
16323,180.95,Truck,14.0,9.24,595.58,553.47,1099.02,287.2
16324,56.68,Toco,6.0,1.97,144.75,145.54,254.32,67.95
16325,9.87,VUC,3.0,2.34,26.95,48.69,50.91,5.41
16326,45.87,3/4,4.0,2.74,135.96,133.19,186.89,39.51
16327,435.33,Carreta_Sider,28.0,18.29,641.96,636.67,3342.26,1425.64
16328,22.97,3/4,4.0,2.23,46.23,42.26,102.81,15.2
16329,92.06,Toco,6.0,2.76,252.32,248.24,408.52,102.15
16330,13.82,VUC,3.0,1.85,20.35,53.14,55.33,-0.86
16331,58.42,Toco,6.0,4.81,141.86,165.43,301.05,70.99
16332,174.8,Truck,14.0,10.5,423.77,516.04,1078.6,289.55
16333,47.85,VUC,3.0,2.33,122.75,106.37,165.78,32.87
16334,56.61,3/4,4.0,1.31,127.6,134.05,206.65,49.97
16335,515.94,Carreta_Sider,28.0,22.76,616.56,728.86,3991.55,1702.27
16336,91.04,Truck,14.0,6.09,237.21,296.68,575.97,153.95
16337,35.06,VUC,3.0,1.04,63.48,74.6,115.21,18.56
16338,72.14,3/4,4.0,1.01,144.9,181.2,257.68,55.05
16339,44.72,Toco,6.0,5.13,126.46,93.82,257.89,50.11
16340,108.93,Toco,6.0,4.08,237.32,280.49,491.2,112.15
16341,330.11,Carreta_Sider,28.0,24.22,524.33,522.72,2695.4,1090.98
16342,166.41,Toco,6.0,3.76,391.4,442.48,721.13,182.6
16343,268.39,Carreta_Sider,28.0,24.67,457.44,424.88,2253.54,893.8
16344,64.13,VUC,3.0,1.87,161.13,148.6,204.58,41.06
16345,37.27,Truck,14.0,9.79,123.85,145.01,340.67,56.84
16346,157.88,Truck,14.0,2.77,414.64,451.44,892.94,250.73
16347,177.38,Truck,14.0,10.07,515.31,500.43,1097.34,289.02
16348,120.92,3/4,4.0,2.63,324.12,266.24,441.03,102.58
16349,24.67,VUC,3.0,1.07,83.19,40.75,86.51,12.52
16350,98.4,Truck,14.0,3.44,288.87,307.81,584.91,152.88
16351,400.71,Carreta_Bau,28.0,12.46,563.5,568.47,2936.85,1249.29
16352,287.72,Carreta_Sider,28.0,5.63,418.36,435.73,2123.62,908.06
16353,114.38,Toco,6.0,3.96,319.9,288.48,511.28,130.26
16354,11.61,Toco,6.0,3.68,51.85,64.34,77.06,16.22
16355,13.26,Toco,6.0,5.58,37.17,51.68,132.95,8.56
16356,91.31,Truck,14.0,8.26,328.97,287.06,601.09,152.63
16357,75.75,Truck,14.0,10.78,269.18,229.21,546.88,125.43
16358,494.06,Carreta_Bau,28.0,20.0,720.91,666.5,3683.37,1565.0
16359,26.29,Toco,6.0,4.47,80.32,99.73,172.96,23.59
16360,52.15,3/4,4.0,1.67,122.45,132.77,195.5,43.09
16361,69.0,VUC,3.0,1.51,169.52,156.55,215.72,47.78
16362,377.88,Carreta_Sider,28.0,7.05,522.24,553.99,2792.94,1211.28
16363,36.08,Toco,6.0,4.22,98.92,123.14,203.57,36.79
16364,44.04,Toco,6.0,2.44,131.21,143.62,207.7,49.67
16365,207.32,Toco,6.0,3.7,466.55,512.74,874.37,224.93
16366,69.37,3/4,4.0,3.73,188.54,167.84,280.17,56.39
16367,24.7,Toco,6.0,4.38,96.47,67.13,149.59,31.87
16368,51.9,3/4,4.0,1.51,136.38,133.43,196.81,44.3
16369,23.12,VUC,3.0,1.76,58.37,54.85,85.61,17.39
16370,281.45,Carreta_Bau,28.0,18.53,449.34,432.39,2209.64,887.02
16371,302.94,Carreta_Bau,28.0,24.43,515.48,465.52,2451.34,969.74
16372,4.28,VUC,3.0,2.47,22.79,18.35,28.75,6.89
16373,337.22,Carreta_Sider,28.0,11.7,538.27,541.6,2557.06,1087.47
16374,459.42,Carreta_Sider,28.0,26.09,555.52,640.43,3635.51,1526.97
16375,66.81,3/4,4.0,1.1,145.65,161.64,240.17,50.38
16376,68.36,3/4,4.0,1.54,173.89,146.56,251.25,58.33
16377,94.61,3/4,4.0,0.72,264.41,227.55,328.76,73.02
16378,345.71,Carreta_Sider,28.0,11.61,562.87,496.38,2610.6,1117.91
16379,20.47,3/4,4.0,2.01,38.54,60.65,85.2,12.33
16380,71.3,3/4,4.0,1.42,130.04,163.73,246.26,58.66
16381,510.96,Carreta_Sider,28.0,4.5,770.47,719.2,3685.98,1632.92
16382,403.89,Carreta_Sider,28.0,4.45,523.73,556.92,2933.17,1286.21
16383,515.12,Carreta_Bau,28.0,26.19,620.42,695.94,3924.66,1657.56
16384,329.07,Carreta_Bau,28.0,21.69,515.95,479.32,2587.02,1054.6
16385,90.27,Truck,14.0,10.41,250.12,287.18,625.44,145.37
16386,383.34,Carreta_Bau,28.0,22.9,527.45,562.13,2971.66,1221.63
16387,62.66,VUC,3.0,2.22,168.31,137.53,194.25,38.75
16388,91.65,VUC,3.0,0.61,207.92,208.92,266.89,63.01
16389,408.61,Carreta_Sider,28.0,26.23,560.88,575.94,3285.63,1364.68
16390,94.49,Truck,14.0,7.2,281.02,286.91,614.4,151.42
16391,76.95,VUC,3.0,1.61,142.24,170.22,236.52,47.83
16392,415.77,Carreta_Bau,28.0,25.3,647.06,601.94,3237.81,1338.95
16393,94.94,Truck,14.0,4.53,291.23,289.98,582.92,165.06
16394,60.95,VUC,3.0,1.25,148.59,140.95,182.35,37.55
16395,49.23,VUC,3.0,2.63,123.34,120.73,171.96,39.04
16396,105.38,Truck,14.0,8.28,301.4,348.94,679.16,173.66
16397,149.18,VUC,3.0,1.52,247.76,328.52,449.66,99.57
16398,87.5,Toco,6.0,5.77,250.06,215.58,420.24,102.24
16399,79.62,3/4,4.0,3.62,162.95,205.87,311.1,69.71
16400,191.78,3/4,4.0,3.62,394.35,441.04,683.1,165.66
16401,14.02,Toco,6.0,1.98,60.98,45.4,85.69,13.98
16402,31.55,Truck,14.0,12.14,131.06,100.24,344.29,54.2
16403,27.72,VUC,3.0,2.12,61.78,65.86,112.52,23.85
16404,81.83,Toco,6.0,4.43,218.18,224.34,393.98,96.34
16405,25.23,3/4,4.0,0.76,51.41,81.71,89.28,26.98
16406,210.39,Toco,6.0,3.73,520.78,520.5,895.13,226.82
16407,479.78,Carreta_Bau,28.0,9.4,584.83,648.81,3439.85,1489.96
16408,31.67,VUC,3.0,2.81,60.97,71.69,125.83,16.6
16409,402.11,Carreta_Sider,28.0,17.57,592.45,581.46,3097.73,1315.11
16410,51.21,Toco,6.0,4.05,128.44,124.91,251.4,60.61
16411,10.93,Truck,14.0,5.0,56.7,41.11,104.69,14.81
16412,155.89,Toco,6.0,3.05,441.14,397.61,659.14,167.76
16413,91.47,Toco,6.0,3.6,243.0,253.26,413.05,102.73
16414,276.2,Carreta_Sider,28.0,23.53,396.82,444.82,2301.53,912.29
16415,48.69,VUC,3.0,2.01,87.63,96.15,164.16,30.45
16416,21.33,3/4,4.0,0.98,61.27,59.04,88.67,23.32
16417,28.64,VUC,3.0,1.6,71.47,54.11,114.65,18.44
16418,76.63,VUC,3.0,1.2,164.25,180.0,227.62,45.05
16419,198.33,Toco,6.0,3.65,474.22,527.3,835.73,216.33
16420,447.69,Carreta_Bau,28.0,15.38,697.01,625.59,3292.62,1412.62
16421,61.69,VUC,3.0,0.51,126.51,147.96,194.38,51.16
16422,46.28,VUC,3.0,0.98,116.76,97.23,144.04,36.85
16423,485.06,Carreta_Bau,28.0,19.91,628.57,675.77,3629.31,1558.51
16424,164.82,Truck,14.0,8.58,420.29,486.39,996.31,264.66
16425,34.18,Toco,6.0,1.17,115.05,115.71,152.85,43.27
16426,85.96,3/4,4.0,2.63,221.02,198.61,307.67,81.03
16427,74.3,VUC,3.0,1.73,156.54,163.55,229.32,47.81
16428,69.35,3/4,4.0,1.11,152.34,153.43,246.98,55.85
16429,44.59,Toco,6.0,0.91,126.62,135.97,201.35,50.93
16430,93.29,Toco,6.0,2.61,258.09,238.63,414.59,98.88
16431,68.62,Toco,6.0,4.88,175.97,184.54,350.94,69.85
16432,42.55,VUC,3.0,0.79,93.29,86.32,130.5,19.71
16433,91.41,Truck,14.0,13.34,253.08,284.93,675.36,145.2
16434,272.04,Carreta_Bau,28.0,17.11,447.44,433.61,2121.04,861.31
16435,85.51,3/4,4.0,3.18,228.98,211.15,319.09,76.82
16436,71.34,VUC,3.0,2.94,137.21,177.26,239.11,41.96
16437,73.8,3/4,4.0,1.49,197.81,169.68,263.88,64.29
16438,42.55,VUC,3.0,1.94,94.78,99.68,154.04,29.79
16439,499.96,Carreta_Sider,28.0,12.31,657.15,714.36,3707.07,1618.15
16440,50.17,VUC,3.0,0.67,128.03,101.19,149.89,34.92
16441,21.43,3/4,4.0,3.3,58.47,80.86,102.26,19.52
16442,374.26,Carreta_Sider,28.0,4.49,572.4,563.52,2723.54,1196.93
16443,463.94,Carreta_Bau,28.0,24.88,621.72,638.35,3546.85,1493.58
16444,247.02,Carreta_Sider,28.0,23.11,369.13,446.67,2091.06,810.37
16445,58.18,3/4,4.0,2.77,151.08,141.44,219.74,58.89
16446,37.66,VUC,3.0,1.96,90.72,66.07,123.12,19.46
16447,184.12,Truck,14.0,12.16,601.49,528.77,1147.92,305.99
16448,35.62,VUC,3.0,0.59,86.73,82.39,114.64,35.11
16449,388.8,Carreta_Bau,28.0,21.73,577.4,557.76,2990.78,1243.51
16450,153.41,Truck,14.0,4.25,404.45,439.83,882.33,242.69
16451,90.29,Truck,14.0,2.34,225.59,256.44,526.8,145.77
16452,19.0,Toco,6.0,2.49,63.88,45.79,104.43,23.06
16453,79.53,Truck,14.0,5.99,231.69,270.22,496.81,129.89
16454,29.61,3/4,4.0,1.25,61.02,85.71,108.04,22.2
16455,451.96,Carreta_Sider,28.0,21.12,631.27,666.01,3503.13,1481.71
16456,415.81,Carreta_Bau,28.0,17.5,596.5,576.43,3111.49,1309.96
16457,6.61,3/4,4.0,3.73,38.71,26.12,69.4,1.83
16458,224.59,Carreta_Bau,28.0,22.33,314.16,361.24,1874.94,724.25
16459,7.68,3/4,4.0,3.41,33.02,26.79,72.18,0.53
16460,306.95,Carreta_Sider,28.0,25.68,478.95,501.48,2556.53,1020.88
16461,43.06,VUC,3.0,2.51,87.77,95.21,141.81,35.03
16462,434.66,Carreta_Sider,28.0,7.01,658.18,614.51,3162.59,1393.0
16463,492.34,Carreta_Sider,28.0,8.61,593.25,676.24,3600.53,1586.59
16464,45.36,Truck,14.0,6.88,149.21,163.86,339.17,70.85
16465,33.14,VUC,3.0,1.3,69.2,72.16,112.1,24.22
16466,244.67,Carreta_Bau,28.0,25.27,341.52,420.06,2058.97,792.41
16467,64.86,3/4,4.0,2.38,177.62,155.09,246.1,59.79
16468,430.75,Carreta_Sider,28.0,25.05,521.78,666.45,3425.55,1434.15
16469,177.65,Truck,14.0,6.71,467.24,538.04,1043.9,282.79
16470,479.0,Carreta_Bau,28.0,25.77,675.66,672.26,3675.04,1544.96
16471,48.17,VUC,3.0,0.63,93.43,112.02,156.41,32.68
16472,10.74,Toco,6.0,3.17,24.34,65.7,71.26,10.88
16473,386.66,Carreta_Bau,28.0,25.65,547.2,571.21,3049.44,1241.11
16474,35.67,Toco,6.0,3.19,140.61,116.0,167.6,40.9
16475,13.28,Toco,6.0,4.64,35.45,83.6,105.56,9.65
16476,9.73,3/4,4.0,1.83,40.08,40.63,50.99,6.04
16477,159.91,Truck,14.0,11.97,506.68,447.95,1010.05,270.33
16478,22.96,3/4,4.0,2.75,96.27,70.24,108.05,24.81
16479,67.75,3/4,4.0,3.36,148.3,184.18,265.88,60.77
16480,67.34,Toco,6.0,3.64,170.0,189.98,322.59,70.98
16481,409.43,Carreta_Bau,28.0,19.38,598.59,568.92,3101.16,1295.06
16482,82.39,3/4,4.0,2.4,158.21,198.29,305.4,66.09
16483,402.72,Carreta_Sider,28.0,17.7,553.88,611.28,3112.97,1323.11
16484,410.48,Carreta_Sider,28.0,20.6,547.02,583.25,3208.73,1351.06
16485,241.57,Carreta_Bau,28.0,7.08,289.24,354.48,1768.36,747.46
16486,409.42,Carreta_Sider,28.0,22.49,527.38,592.45,3227.12,1352.64
16487,72.83,3/4,4.0,1.81,202.91,193.85,261.67,64.76
16488,446.29,Carreta_Sider,28.0,4.5,640.61,599.3,3221.31,1414.24
16489,52.73,3/4,4.0,2.79,127.19,135.64,212.09,42.62
16490,242.53,Carreta_Sider,28.0,18.8,307.8,409.73,1983.24,797.98
16491,32.45,VUC,3.0,2.3,86.56,80.04,117.17,22.24
16492,183.38,Truck,14.0,13.98,636.65,524.09,1160.15,312.63
16493,472.35,Carreta_Bau,28.0,15.18,533.17,654.42,3465.09,1491.3
16494,4.53,3/4,4.0,3.91,27.33,12.62,56.23,0.07
16495,358.79,Carreta_Bau,28.0,17.95,567.38,527.24,2731.69,1119.71
16496,62.89,VUC,3.0,1.36,150.3,129.25,193.65,41.07
16497,30.36,Toco,6.0,4.36,88.61,100.25,175.85,28.04
16498,26.76,VUC,3.0,0.95,72.71,66.68,88.37,19.44
16499,92.71,VUC,3.0,2.91,173.03,186.35,293.03,68.78
16500,19.86,Toco,6.0,3.15,46.12,76.57,116.05,16.36
16501,290.66,Carreta_Sider,28.0,4.45,491.64,442.22,2127.79,927.54
16502,6.95,VUC,3.0,2.12,29.28,32.05,42.91,8.84
16503,90.39,Toco,6.0,1.51,213.83,243.1,383.61,98.07
16504,468.89,Carreta_Sider,28.0,6.32,716.21,670.34,3414.44,1498.65
16505,152.8,Truck,14.0,2.38,521.82,456.4,846.52,233.5
16506,31.85,3/4,4.0,3.6,75.43,93.92,139.04,27.86
16507,439.5,Carreta_Sider,28.0,5.0,518.3,593.76,3199.86,1399.21
16508,39.8,VUC,3.0,1.82,98.59,88.59,131.28,30.82
16509,11.37,Toco,6.0,3.4,68.21,11.3,81.68,17.14
16510,40.77,VUC,3.0,2.77,93.2,76.42,147.21,24.13
16511,303.6,Carreta_Sider,28.0,25.89,376.37,498.16,2538.89,999.9
16512,92.47,VUC,3.0,2.8,228.65,195.27,299.23,52.56
16513,67.16,3/4,4.0,1.96,151.8,179.62,243.55,63.73
16514,113.07,Toco,6.0,3.31,281.12,284.58,495.77,122.27
16515,47.12,VUC,3.0,2.56,111.21,106.61,160.93,23.48
16516,31.98,Toco,6.0,1.51,84.03,97.58,152.7,27.47
16517,508.36,Carreta_Bau,28.0,6.92,672.49,705.12,3596.18,1574.64
16518,425.68,Carreta_Bau,28.0,26.14,472.88,624.44,3307.46,1371.65
16519,37.31,VUC,3.0,0.53,89.78,80.06,110.87,31.66
16520,59.62,3/4,4.0,1.9,129.26,139.95,220.78,49.88
16521,186.27,Truck,14.0,4.42,454.95,544.08,1070.63,301.81
16522,27.15,VUC,3.0,0.66,57.32,99.78,85.25,16.85
16523,17.83,VUC,3.0,2.93,52.08,50.1,105.33,15.8
16524,67.36,VUC,3.0,0.87,139.42,137.56,201.22,51.29
16525,83.12,3/4,4.0,2.07,221.28,188.53,292.14,75.0
16526,487.57,Carreta_Sider,28.0,10.3,758.96,678.36,3598.87,1579.6
16527,86.04,3/4,4.0,2.27,196.42,210.52,321.86,75.66
16528,80.57,VUC,3.0,2.41,173.6,164.66,259.84,44.43
16529,52.28,Truck,14.0,9.95,183.76,187.89,417.85,82.0
16530,75.78,VUC,3.0,1.91,192.25,157.98,235.14,52.88
16531,88.3,Toco,6.0,3.5,213.01,253.6,399.16,94.75
16532,492.52,Carreta_Sider,28.0,7.34,613.29,687.44,3576.27,1575.85
16533,435.2,Carreta_Bau,28.0,13.78,677.89,602.26,3195.31,1362.5
16534,6.13,3/4,4.0,3.68,35.48,8.0,61.1,12.53
16535,41.5,VUC,3.0,2.54,84.75,92.45,154.31,34.69
16536,22.58,VUC,3.0,0.62,47.71,57.52,69.55,13.03
16537,94.71,Truck,14.0,12.1,325.81,295.8,673.34,156.31
16538,88.59,VUC,3.0,2.56,212.89,202.45,289.41,64.12
16539,77.0,Toco,6.0,4.99,202.48,203.91,382.01,90.11
16540,149.05,3/4,4.0,3.37,294.38,355.58,544.16,120.24
16541,174.21,Truck,14.0,13.8,475.13,505.34,1111.25,294.93
16542,30.93,Toco,6.0,1.18,84.25,107.47,134.75,35.34
16543,415.46,Carreta_Bau,28.0,13.33,500.48,598.3,3052.56,1304.28
16544,90.64,Truck,14.0,13.62,229.7,290.29,669.17,147.18
16545,6.66,3/4,4.0,2.48,14.47,41.29,51.95,1.39
16546,483.37,Carreta_Bau,28.0,20.44,669.6,666.4,3620.63,1523.36
16547,21.11,Toco,6.0,2.75,63.99,68.28,121.87,19.49
16548,60.14,VUC,3.0,0.99,149.1,131.7,176.69,28.17
16549,186.38,Toco,6.0,5.89,411.35,496.67,834.31,204.52
16550,76.16,Truck,14.0,6.4,268.68,240.86,493.41,125.64
16551,290.85,Carreta_Sider,28.0,17.55,424.21,446.84,2318.59,944.79
16552,84.41,3/4,4.0,1.43,251.48,201.65,299.25,77.36
16553,160.79,Toco,6.0,5.83,355.88,409.09,735.74,188.45
16554,31.35,Toco,6.0,2.22,87.68,97.99,165.15,34.83
16555,39.56,Toco,6.0,5.56,108.64,116.18,242.7,46.89
16556,45.39,VUC,3.0,1.19,95.99,86.03,154.24,20.72
16557,298.15,Carreta_Bau,28.0,26.74,383.81,450.49,2448.55,962.38
16558,6.45,3/4,4.0,1.85,18.74,24.53,40.38,-1.59
16559,368.07,Carreta_Sider,28.0,24.96,539.15,577.02,2966.27,1212.81
16560,82.62,Truck,14.0,9.24,255.34,233.26,570.88,129.38
16561,34.75,VUC,3.0,0.74,77.49,88.49,108.96,21.09
16562,22.13,3/4,4.0,1.61,77.09,86.92,93.55,18.38
16563,41.24,3/4,4.0,3.19,103.6,122.28,170.03,35.07
16564,102.89,VUC,3.0,2.15,248.6,223.95,319.83,60.72
16565,68.66,VUC,3.0,1.36,133.25,150.37,209.05,44.26
16566,368.24,Carreta_Bau,28.0,8.85,470.7,534.98,2658.64,1140.95
16567,83.25,VUC,3.0,2.56,198.03,205.48,267.13,54.9
16568,23.6,Toco,6.0,4.07,63.81,88.84,145.28,24.61
16569,19.71,Truck,14.0,10.22,56.98,88.34,236.79,23.49
16570,366.89,Carreta_Bau,28.0,15.6,579.91,548.73,2743.3,1153.02
16571,288.38,Carreta_Bau,28.0,12.54,418.71,440.57,2169.63,905.92
16572,89.88,Truck,14.0,6.65,294.08,278.5,573.15,150.25
16573,475.55,Carreta_Bau,28.0,4.94,701.61,654.51,3333.25,1459.62
16574,54.13,3/4,4.0,3.81,124.24,128.97,230.46,43.1
16575,37.29,Truck,14.0,6.46,113.25,172.7,289.32,58.31
16576,152.3,3/4,4.0,2.24,377.07,356.76,529.79,134.94
16577,22.14,VUC,3.0,1.36,51.95,55.6,74.61,16.45
16578,116.81,Truck,14.0,6.33,411.51,363.59,714.47,183.17
16579,305.73,Carreta_Sider,28.0,20.52,393.96,494.76,2450.46,1007.86
16580,321.54,Carreta_Sider,28.0,20.15,483.62,488.04,2573.33,1062.93
16581,208.34,Truck,14.0,11.74,571.7,587.83,1282.92,346.82
16582,94.57,VUC,3.0,0.63,187.7,201.55,284.06,55.5
16583,503.69,Carreta_Sider,28.0,25.0,562.89,722.51,3937.91,1675.86
16584,69.45,VUC,3.0,2.89,190.22,145.96,225.42,46.47
16585,23.83,VUC,3.0,2.97,65.96,62.53,108.11,14.4
16586,12.3,3/4,4.0,1.04,34.16,41.09,56.87,14.71
16587,22.13,3/4,4.0,2.25,86.68,42.68,95.3,18.74
16588,202.83,Toco,6.0,5.69,462.55,528.62,894.77,225.49
16589,209.82,Truck,14.0,11.13,634.49,627.79,1278.67,351.63
16590,26.54,VUC,3.0,0.6,63.05,69.46,94.13,14.15
16591,14.11,3/4,4.0,3.56,44.81,54.28,96.66,6.41
16592,439.67,Carreta_Sider,28.0,24.16,658.03,632.79,3461.3,1458.29
16593,24.9,3/4,4.0,3.25,72.66,70.87,123.6,29.2
16594,487.2,Carreta_Bau,28.0,14.0,739.77,677.75,3551.26,1519.17
16595,322.86,Carreta_Bau,28.0,19.25,446.19,466.28,2503.21,1029.01
16596,14.63,3/4,4.0,3.03,52.42,35.25,82.44,12.72
16597,38.37,3/4,4.0,1.95,98.69,81.45,163.27,29.71
16598,48.24,3/4,4.0,3.27,110.23,147.95,195.75,38.27
16599,45.43,Truck,14.0,5.35,156.21,148.53,329.86,77.94
16600,79.46,Toco,6.0,1.84,215.15,233.94,337.19,88.37
16601,27.11,Truck,14.0,12.32,78.94,107.53,312.68,39.91
16602,84.73,Truck,14.0,6.14,213.82,287.52,544.29,138.92
16603,86.64,Truck,14.0,2.78,291.28,281.99,501.73,145.38
16604,91.34,Toco,6.0,5.15,241.15,236.13,428.62,104.33
16605,103.1,3/4,4.0,3.32,248.16,247.79,387.65,80.41
16606,20.47,Toco,6.0,4.99,53.68,57.88,133.15,25.8
16607,246.06,Carreta_Sider,28.0,12.31,330.2,408.8,1929.39,789.3
16608,26.36,VUC,3.0,1.99,54.03,82.38,107.24,18.08
16609,60.77,3/4,4.0,0.65,150.23,176.55,223.65,46.58
16610,16.82,VUC,3.0,0.46,33.44,65.99,57.28,12.54
16611,190.17,Truck,14.0,5.19,523.5,560.7,1088.6,303.8
16612,11.79,VUC,3.0,1.79,12.34,42.23,51.6,2.34
16613,10.71,3/4,4.0,2.64,30.63,37.09,68.7,10.7
16614,59.16,VUC,3.0,0.79,144.36,159.22,179.68,37.84
16615,312.18,Carreta_Sider,28.0,24.85,509.46,480.26,2575.41,1039.84
16616,77.23,3/4,4.0,3.86,156.03,174.7,314.19,64.34
16617,27.56,Toco,6.0,1.51,66.66,71.06,131.17,21.81
16618,385.09,Carreta_Sider,28.0,23.81,500.78,592.14,3084.83,1278.3
16619,88.95,Truck,14.0,9.41,280.15,290.87,605.99,153.44
16620,76.07,VUC,3.0,1.73,179.94,175.23,236.76,45.91
16621,261.79,Carreta_Sider,28.0,15.84,450.62,426.43,2087.76,855.06
16622,11.05,Truck,14.0,11.02,41.94,45.95,214.15,16.73
16623,41.06,Toco,6.0,1.97,108.42,123.64,191.39,53.63
16624,10.19,Toco,6.0,4.01,58.34,63.14,94.42,8.5
16625,87.28,Toco,6.0,2.23,224.71,218.13,386.83,93.46
16626,323.38,Carreta_Bau,28.0,6.23,393.56,454.74,2330.57,989.37
16627,417.94,Carreta_Bau,28.0,17.36,546.99,596.89,3124.77,1330.0
16628,71.59,VUC,3.0,1.13,149.67,170.12,212.49,42.72
16629,66.48,Truck,14.0,10.94,200.61,227.94,501.9,116.46
16630,199.61,3/4,4.0,2.81,416.26,476.98,716.97,167.23
16631,178.29,Truck,14.0,4.77,585.72,523.48,1010.39,287.06
16632,66.13,VUC,3.0,2.65,162.72,126.14,210.56,39.27
16633,437.39,Carreta_Bau,28.0,12.46,565.42,616.57,3185.91,1364.99
16634,29.95,Toco,6.0,4.52,84.32,111.38,172.97,31.4
16635,110.74,Toco,6.0,2.26,339.27,282.07,483.03,118.21
16636,88.95,3/4,4.0,1.27,209.12,211.28,318.93,72.5
16637,87.97,3/4,4.0,3.52,236.79,182.31,332.36,68.33
16638,159.0,3/4,4.0,3.72,387.08,366.72,585.93,139.07
16639,100.25,Toco,6.0,2.7,285.32,287.79,432.98,98.32
16640,71.29,VUC,3.0,1.25,121.97,152.64,213.12,43.62
16641,46.67,VUC,3.0,2.24,100.22,94.34,168.47,22.33
16642,331.04,Carreta_Bau,28.0,9.61,463.25,511.45,2408.84,1034.97
16643,8.29,VUC,3.0,2.65,35.73,39.38,55.7,11.57
16644,6.58,Toco,6.0,0.94,14.75,41.3,52.26,9.93
16645,350.04,Carreta_Sider,28.0,7.58,532.61,519.48,2573.19,1118.15
16646,16.57,Truck,14.0,3.54,54.3,61.13,140.33,22.87
16647,58.21,3/4,4.0,1.68,136.82,141.56,221.6,47.67
16648,76.63,Toco,6.0,5.32,181.78,233.09,374.2,84.47
16649,320.69,Carreta_Bau,28.0,19.43,443.5,473.52,2489.84,1021.24
16650,90.31,3/4,4.0,0.97,205.29,235.13,316.97,77.12
16651,271.06,Carreta_Bau,28.0,6.08,389.45,416.4,1961.54,827.31
16652,319.84,Carreta_Sider,28.0,11.06,517.68,490.21,2419.45,1034.68
16653,177.42,Toco,6.0,4.06,422.05,432.25,773.61,195.78
16654,19.96,VUC,3.0,1.96,40.07,60.1,80.72,8.95
16655,29.07,Truck,14.0,3.46,110.12,104.35,201.0,41.77
16656,8.92,VUC,3.0,2.39,21.65,9.27,49.3,6.1
16657,94.0,3/4,4.0,2.75,204.23,226.12,337.92,81.16
16658,446.15,Carreta_Bau,28.0,27.6,552.04,631.59,3478.41,1435.73
16659,511.83,Carreta_Bau,28.0,17.35,763.56,704.2,3770.49,1619.41
16660,75.06,Truck,14.0,6.0,208.41,223.44,487.18,122.57
16661,47.74,Toco,6.0,1.51,153.66,121.65,218.07,55.17
16662,324.76,Carreta_Sider,28.0,26.07,404.67,510.07,2686.82,1079.59
16663,56.38,VUC,3.0,0.55,137.5,122.31,173.66,25.2
16664,254.1,Carreta_Sider,28.0,12.5,418.35,404.51,1980.76,823.11
16665,55.16,VUC,3.0,1.8,115.49,109.11,182.23,26.98
16666,431.51,Carreta_Sider,28.0,17.76,631.15,623.74,3301.21,1406.74
16667,177.06,3/4,4.0,2.58,321.77,418.76,614.35,144.05
16668,27.15,3/4,4.0,3.04,66.24,81.2,127.05,25.75
16669,20.87,Truck,14.0,3.63,82.88,77.44,171.04,28.06
16670,231.33,Carreta_Bau,28.0,21.32,344.89,359.67,1904.58,742.79
16671,31.02,3/4,4.0,3.62,52.83,74.51,150.38,21.03
16672,26.49,Toco,6.0,1.06,84.96,73.07,125.89,18.04
16673,54.74,Truck,14.0,2.53,203.32,187.6,321.76,85.69
16674,32.05,VUC,3.0,2.98,103.96,90.98,140.03,14.42
16675,494.49,Carreta_Sider,28.0,11.62,710.73,696.29,3655.67,1603.01
16676,70.33,3/4,4.0,2.15,155.83,167.66,254.96,56.13
16677,55.68,3/4,4.0,1.65,107.68,157.86,214.12,52.56
16678,174.18,VUC,3.0,1.87,361.55,379.04,517.75,110.5
16679,52.44,VUC,3.0,2.26,119.06,91.91,169.92,35.76
16680,90.57,Toco,6.0,4.78,277.36,265.64,422.63,97.0
16681,142.65,Toco,6.0,2.71,334.95,367.04,606.26,165.73
16682,327.2,Carreta_Bau,28.0,10.4,496.71,493.58,2396.72,1014.46
16683,33.34,Toco,6.0,3.69,82.3,108.91,185.81,21.04
16684,344.65,Carreta_Sider,28.0,13.35,434.23,498.95,2628.93,1118.01
16685,61.81,VUC,3.0,2.04,113.91,133.46,192.26,34.76
16686,4.0,Toco,6.0,4.02,21.97,8.0,60.86,5.39
16687,348.79,Carreta_Sider,28.0,25.49,528.69,525.53,2845.12,1158.35
16688,164.9,Toco,6.0,0.92,396.53,424.49,678.2,172.09
16689,71.06,3/4,4.0,0.95,183.98,174.23,249.06,57.06
16690,49.73,Toco,6.0,4.91,115.26,134.17,264.16,56.83
16691,22.96,3/4,4.0,2.58,60.98,64.14,104.07,17.75
16692,4.14,3/4,4.0,0.81,6.0,26.16,25.0,2.67
16693,401.49,Carreta_Bau,28.0,26.63,518.87,594.35,3151.01,1291.93
16694,197.97,Truck,14.0,9.84,519.97,572.14,1203.55,334.13
16695,68.33,VUC,3.0,1.69,164.62,151.0,228.17,50.34
16696,64.31,Toco,6.0,4.88,154.82,161.69,320.87,63.46
16697,64.55,VUC,3.0,1.97,118.81,128.51,210.97,41.61
16698,43.81,3/4,4.0,1.87,95.71,129.25,163.11,32.86
16699,497.94,Carreta_Bau,28.0,11.26,641.73,699.09,3579.68,1549.14
16700,62.18,Toco,6.0,3.21,134.88,175.45,294.75,51.39
16701,55.99,3/4,4.0,2.22,166.16,136.18,198.47,45.81
16702,191.88,Toco,6.0,4.53,473.95,484.88,837.93,209.36
16703,102.36,Truck,14.0,7.73,365.22,330.05,650.75,173.87
16704,25.74,VUC,3.0,0.5,53.98,10.57,73.93,21.36
16705,51.21,VUC,3.0,2.2,100.42,150.23,173.27,35.61
16706,50.83,3/4,4.0,0.84,139.47,129.42,191.61,45.9
16707,78.95,VUC,3.0,2.61,161.25,139.97,252.34,55.76
16708,43.45,VUC,3.0,2.26,87.74,136.98,151.19,30.59
16709,43.68,VUC,3.0,1.97,100.37,69.13,149.72,35.07
16710,93.58,VUC,3.0,1.61,207.08,173.22,286.71,53.54
16711,85.4,Toco,6.0,1.78,195.98,215.78,363.39,88.83
16712,336.33,Carreta_Sider,28.0,19.79,490.03,512.44,2670.81,1101.22
16713,26.05,3/4,4.0,0.97,85.88,90.18,101.67,18.91
16714,181.21,VUC,3.0,1.99,375.5,379.91,521.21,116.06
16715,362.14,Carreta_Bau,28.0,8.56,435.09,507.42,2621.64,1132.95
16716,192.42,Toco,6.0,3.94,499.01,487.97,818.16,214.48
16717,276.94,Carreta_Sider,28.0,7.8,436.62,426.87,2078.49,893.06
16718,171.29,Toco,6.0,1.38,454.35,458.62,723.4,181.95
16719,277.24,Carreta_Sider,28.0,15.41,371.44,454.56,2185.38,901.53
16720,86.84,Truck,14.0,10.55,243.36,264.26,602.98,146.3
16721,16.55,3/4,4.0,1.41,46.62,47.75,76.7,16.02
16722,81.66,3/4,4.0,2.29,183.55,171.74,309.71,71.42
16723,20.68,3/4,4.0,3.32,71.96,72.08,100.86,29.39
16724,42.73,3/4,4.0,2.47,141.13,110.77,156.85,39.27
16725,93.54,Toco,6.0,3.95,264.26,255.46,435.28,98.16
16726,12.83,VUC,3.0,1.01,27.33,47.7,54.47,4.6
16727,80.42,Truck,14.0,3.58,262.15,269.89,487.09,133.22
16728,49.02,3/4,4.0,1.11,107.7,118.99,167.1,44.68
16729,153.02,Toco,6.0,5.86,364.74,398.25,696.05,174.98
16730,14.1,Toco,6.0,1.34,54.45,75.26,83.22,17.61
16731,238.64,Carreta_Bau,28.0,7.81,306.52,373.49,1774.06,734.83
16732,90.68,3/4,4.0,1.3,186.0,215.8,318.44,83.49
16733,179.55,Truck,14.0,11.48,471.0,568.39,1119.85,304.36
16734,441.84,Carreta_Sider,28.0,13.67,539.11,631.43,3307.99,1430.64
16735,53.98,3/4,4.0,3.29,112.74,161.43,225.56,48.28
16736,404.98,Carreta_Bau,28.0,14.17,580.79,566.15,2994.51,1273.62
16737,84.14,VUC,3.0,2.48,205.17,179.77,270.33,52.9
16738,83.09,Toco,6.0,5.47,206.67,197.71,411.73,86.22
16739,165.9,3/4,4.0,2.12,407.08,393.22,575.85,143.24
16740,5.33,VUC,3.0,2.97,24.32,35.0,47.25,-3.96
16741,28.1,Truck,14.0,13.2,108.07,113.53,331.9,43.93
16742,34.66,3/4,4.0,0.65,74.54,98.69,133.44,37.26
16743,52.67,VUC,3.0,1.89,124.5,133.41,178.82,35.97
16744,10.54,3/4,4.0,2.83,42.29,19.57,70.49,10.93
16745,39.4,Toco,6.0,5.2,116.5,119.49,225.4,42.05
16746,78.13,VUC,3.0,2.17,163.93,196.78,250.72,42.74
16747,19.76,VUC,3.0,2.21,66.08,49.97,79.04,14.86
16748,67.82,Truck,14.0,5.55,207.3,195.58,450.19,112.2
16749,45.89,VUC,3.0,2.54,117.55,122.9,156.43,33.87
16750,130.23,VUC,3.0,0.61,283.27,281.35,382.51,79.76
16751,10.43,VUC,3.0,2.13,42.73,34.36,49.88,4.7
16752,20.14,VUC,3.0,0.97,54.95,48.12,75.51,15.57
16753,105.94,3/4,4.0,3.2,214.31,265.29,391.64,84.75
16754,191.34,Truck,14.0,11.5,492.24,556.53,1195.6,321.28
16755,16.83,3/4,4.0,1.19,41.42,73.28,70.94,13.25
16756,60.39,3/4,4.0,3.3,137.48,152.56,246.95,53.44
16757,299.08,Carreta_Bau,28.0,24.13,372.38,478.21,2410.24,970.9
16758,264.95,Carreta_Bau,28.0,5.46,344.04,416.46,1907.78,816.19
16759,11.95,3/4,4.0,2.06,28.42,26.3,64.27,10.8
16760,78.9,Truck,14.0,4.39,280.84,251.28,488.48,127.16
16761,77.41,VUC,3.0,0.77,146.72,167.34,225.81,38.84
16762,11.29,VUC,3.0,2.5,20.07,45.99,56.6,10.41
16763,507.89,Carreta_Bau,28.0,11.18,725.44,688.19,3651.13,1574.49
16764,431.7,Carreta_Sider,28.0,19.53,621.54,600.51,3340.33,1420.55
16765,84.83,VUC,3.0,0.46,208.88,197.19,248.76,49.62
16766,128.23,Truck,14.0,3.05,332.34,349.33,733.01,201.56
16767,162.55,Toco,6.0,4.01,474.0,421.14,699.18,177.33
16768,91.28,VUC,3.0,1.39,185.59,226.47,279.56,51.54
16769,106.3,Truck,14.0,12.57,289.97,348.6,747.87,176.44
16770,7.96,3/4,4.0,0.88,11.84,38.78,45.25,1.13
16771,90.48,Toco,6.0,4.08,275.6,235.49,417.74,92.43
16772,29.43,VUC,3.0,2.24,47.35,72.9,105.19,17.97
16773,64.49,VUC,3.0,2.01,140.55,160.19,204.43,47.71
16774,153.75,VUC,3.0,2.19,356.66,317.55,463.88,103.11
16775,19.91,Toco,6.0,2.17,80.07,74.03,108.73,18.64
16776,78.39,VUC,3.0,2.41,168.37,162.37,245.04,50.13
16777,80.61,Truck,14.0,8.7,202.96,249.53,540.13,129.4
16778,93.03,Toco,6.0,4.92,268.97,243.04,433.77,96.52
16779,94.32,Toco,6.0,1.52,277.33,255.79,401.45,95.31
16780,320.0,Carreta_Bau,28.0,7.22,524.37,476.58,2311.56,992.42
16781,10.9,Truck,14.0,6.81,49.22,87.95,150.34,14.07
16782,63.87,3/4,4.0,1.93,155.23,155.86,235.44,53.59
16783,28.85,Toco,6.0,1.56,99.86,94.14,139.24,25.66
16784,15.43,Toco,6.0,1.31,52.57,73.02,91.77,20.37
16785,127.61,Toco,6.0,1.31,310.94,331.05,534.83,138.94
16786,17.54,VUC,3.0,0.58,32.84,49.61,48.22,18.78
16787,89.22,Truck,14.0,2.49,256.62,280.2,514.65,149.28
16788,120.44,Truck,14.0,11.71,395.33,357.89,817.57,195.24
16789,145.22,Toco,6.0,5.67,385.9,381.01,667.49,156.83
16790,379.5,Carreta_Sider,28.0,14.33,495.73,547.88,2898.18,1233.89
16791,66.21,3/4,4.0,1.23,151.06,158.23,242.15,50.86
16792,8.59,VUC,3.0,1.29,61.95,60.41,44.26,6.64
16793,103.23,VUC,3.0,2.54,204.11,223.28,321.23,65.52
16794,93.56,VUC,3.0,2.82,181.3,208.81,304.04,65.86
16795,507.09,Carreta_Bau,28.0,9.88,660.59,649.7,3632.87,1584.1
16796,77.51,3/4,4.0,0.7,138.46,193.6,275.79,62.69
16797,256.83,Carreta_Sider,28.0,11.55,412.97,439.09,1983.47,819.89
16798,32.14,Toco,6.0,2.87,86.62,86.81,164.13,39.77
16799,46.85,3/4,4.0,0.61,110.4,134.49,162.59,35.71
16800,70.12,VUC,3.0,2.19,126.03,148.48,231.01,45.26
16801,65.52,3/4,4.0,1.02,156.8,137.84,235.16,53.86
16802,238.05,Carreta_Sider,28.0,6.15,320.25,377.64,1784.45,761.66
16803,46.14,Truck,14.0,10.66,136.36,150.11,397.31,73.12
16804,50.63,VUC,3.0,2.42,115.86,118.99,162.35,27.32
16805,296.8,Carreta_Bau,28.0,8.58,485.87,439.34,2174.49,922.64
16806,315.09,Carreta_Bau,28.0,22.49,457.03,466.43,2494.79,1011.47
16807,7.93,VUC,3.0,1.21,11.09,36.41,34.01,4.42
16808,273.51,Carreta_Sider,28.0,11.53,434.32,447.51,2099.24,882.21
16809,49.56,VUC,3.0,0.76,109.54,123.09,151.72,25.26
16810,301.69,Carreta_Sider,28.0,9.59,415.13,464.78,2275.9,972.42
16811,34.96,Truck,14.0,2.56,110.77,119.8,220.55,58.77
16812,29.94,3/4,4.0,2.88,75.1,91.62,122.36,25.08
16813,28.54,VUC,3.0,2.62,71.03,64.55,109.5,13.75
16814,63.05,3/4,4.0,0.76,152.4,167.15,227.71,52.7
16815,43.06,3/4,4.0,1.47,94.32,93.53,167.15,36.92
16816,42.75,VUC,3.0,1.33,106.25,75.99,143.89,27.01
16817,239.39,Carreta_Bau,28.0,13.54,401.41,391.43,1843.67,745.91
16818,18.49,Toco,6.0,5.1,82.13,52.16,135.44,21.67
16819,91.53,Truck,14.0,2.61,243.92,267.61,532.08,147.05
16820,231.85,Carreta_Sider,28.0,18.82,350.67,375.67,1923.22,761.87
16821,106.61,3/4,4.0,2.41,263.73,261.61,396.0,89.9
16822,380.52,Carreta_Sider,28.0,24.16,589.81,560.97,3045.79,1267.11
16823,24.38,Toco,6.0,2.46,76.54,98.81,128.44,26.22
16824,40.96,VUC,3.0,0.71,88.0,107.09,126.42,32.73
16825,21.31,Truck,14.0,3.65,89.41,87.54,167.46,35.31
16826,67.99,VUC,3.0,2.06,140.41,175.08,213.26,38.1
16827,43.69,VUC,3.0,1.84,80.35,89.63,144.59,32.26
16828,357.34,Carreta_Bau,28.0,18.3,546.06,525.76,2718.21,1130.81
16829,41.64,3/4,4.0,1.07,101.0,75.99,158.4,32.47
16830,379.25,Carreta_Sider,28.0,5.21,591.49,542.11,2775.02,1213.17
16831,83.63,VUC,3.0,1.89,174.43,166.18,257.92,47.56
16832,73.11,3/4,4.0,0.88,143.05,190.52,268.07,51.98
16833,51.31,VUC,3.0,2.82,140.39,136.74,177.28,32.51
16834,494.95,Carreta_Bau,28.0,23.32,662.94,684.47,3738.79,1586.54
16835,46.64,VUC,3.0,0.91,95.73,140.1,148.76,33.78
16836,91.35,Toco,6.0,3.95,223.26,232.84,412.72,100.43
16837,91.04,VUC,3.0,0.79,244.84,182.42,273.75,46.08
16838,296.06,Carreta_Sider,28.0,26.48,460.23,467.83,2491.81,980.65
16839,469.75,Carreta_Sider,28.0,18.23,754.24,675.57,3583.62,1531.22
16840,283.68,Carreta_Bau,28.0,11.76,386.84,445.07,2119.57,877.6
16841,297.99,Carreta_Bau,28.0,20.39,441.92,469.29,2342.98,947.73
16842,364.0,Carreta_Bau,28.0,4.26,437.08,511.98,2580.11,1122.89
16843,186.76,3/4,4.0,1.58,462.85,446.28,643.58,161.63
16844,68.13,Truck,14.0,4.89,201.53,207.83,436.76,112.38
16845,73.17,VUC,3.0,1.33,192.27,203.5,224.01,43.78
16846,85.82,Toco,6.0,1.34,183.2,244.08,365.59,96.73
16847,91.75,3/4,4.0,3.89,210.34,193.28,355.02,78.57
16848,11.49,VUC,3.0,1.64,35.29,29.73,54.84,7.66
16849,94.76,Truck,14.0,12.29,283.03,286.01,677.56,154.3
16850,187.38,Toco,6.0,1.2,549.29,507.44,775.64,197.88
16851,311.68,Carreta_Sider,28.0,24.31,414.5,478.04,2558.76,1030.83
16852,67.98,VUC,3.0,2.12,124.1,121.19,213.74,37.03
16853,124.16,Truck,14.0,10.18,375.66,390.32,802.32,207.92
16854,57.94,Toco,6.0,5.01,153.22,123.52,296.49,64.72
16855,41.6,VUC,3.0,1.79,81.52,93.5,127.61,30.69
16856,34.61,VUC,3.0,2.07,84.51,95.67,126.04,18.83
16857,77.18,Truck,14.0,12.81,259.75,243.01,592.12,132.17
16858,63.55,VUC,3.0,0.77,139.81,162.77,187.38,32.16
16859,22.26,Toco,6.0,1.18,64.16,78.88,101.98,26.36
16860,59.5,3/4,4.0,3.94,124.33,137.34,241.0,55.05
16861,16.85,Toco,6.0,5.4,52.95,66.67,126.25,13.46
16862,195.58,Toco,6.0,3.52,579.93,524.28,833.53,218.17
16863,49.22,VUC,3.0,2.44,135.59,118.13,166.57,39.8
16864,57.09,Truck,14.0,12.59,182.69,199.78,485.38,92.2
16865,61.85,VUC,3.0,1.64,129.36,146.5,198.12,46.85
16866,17.22,VUC,3.0,0.7,46.72,37.75,66.57,2.32
16867,12.7,Toco,6.0,3.35,48.7,28.4,93.8,13.1
16868,27.54,VUC,3.0,1.35,61.37,74.86,88.32,4.47
16869,432.2,Carreta_Bau,28.0,4.75,561.89,616.15,3057.89,1336.28
16870,59.24,VUC,3.0,2.9,97.48,143.98,199.43,31.21
16871,292.09,Carreta_Sider,28.0,21.24,411.01,445.58,2369.71,952.2
16872,88.78,3/4,4.0,3.27,178.1,220.53,337.05,77.68
16873,74.9,3/4,4.0,2.63,158.03,196.47,271.43,69.02
16874,71.86,VUC,3.0,1.14,160.1,176.9,217.88,43.55
16875,34.05,VUC,3.0,1.94,84.27,91.94,115.92,22.61
16876,14.17,3/4,4.0,2.91,38.51,52.3,84.91,20.94
16877,85.17,Truck,14.0,9.21,244.97,258.01,588.58,135.13
16878,49.58,3/4,4.0,1.03,105.48,123.33,177.78,36.38
16879,106.31,Truck,14.0,11.78,309.46,342.4,728.64,181.88
16880,13.15,3/4,4.0,1.61,67.55,33.61,68.68,12.17
16881,52.68,Toco,6.0,2.92,157.98,136.97,245.02,64.05
16882,120.82,3/4,4.0,2.47,271.79,295.14,434.21,96.26
16883,65.46,VUC,3.0,2.94,130.4,153.76,223.21,34.03
16884,485.79,Carreta_Sider,28.0,11.64,678.28,702.45,3597.66,1561.24
16885,501.61,Carreta_Bau,28.0,5.2,588.11,688.83,3525.68,1550.49
16886,367.47,Carreta_Bau,28.0,27.34,521.58,539.26,2934.54,1192.45
16887,33.11,VUC,3.0,2.89,82.38,103.78,135.57,27.07
16888,4.84,VUC,3.0,0.96,28.79,26.99,25.0,5.84
16889,60.57,VUC,3.0,2.56,108.84,148.03,200.46,45.74
16890,173.6,Truck,14.0,13.04,445.78,511.96,1117.98,286.58
16891,251.44,Carreta_Sider,28.0,4.51,418.73,405.54,1862.02,789.76
16892,7.65,VUC,3.0,2.37,29.31,22.27,46.69,-3.12
16893,43.38,3/4,4.0,1.21,100.21,82.6,160.44,28.95
16894,79.05,VUC,3.0,2.56,170.03,201.56,257.08,41.84
16895,94.9,Toco,6.0,1.01,240.62,239.31,403.56,93.85
16896,37.7,Toco,6.0,4.43,106.65,106.21,216.22,36.71
16897,224.82,Carreta_Sider,28.0,23.64,309.68,379.43,1950.27,747.09
16898,5.83,VUC,3.0,0.54,7.25,50.1,25.0,5.13
16899,48.85,VUC,3.0,2.38,130.85,120.93,155.64,39.27
16900,428.69,Carreta_Bau,28.0,7.03,582.14,603.04,3048.05,1321.0
16901,29.14,VUC,3.0,0.65,68.94,86.07,79.94,20.17
16902,85.24,Truck,14.0,13.06,224.53,282.04,645.28,148.8
16903,323.26,Carreta_Bau,28.0,26.17,424.63,497.98,2602.6,1038.68
16904,68.75,3/4,4.0,3.12,171.6,172.9,264.82,56.79
16905,40.79,3/4,4.0,3.63,129.22,129.6,173.42,42.18
16906,426.35,Carreta_Sider,28.0,4.6,665.58,588.05,3079.61,1354.46
16907,248.22,Carreta_Sider,28.0,16.38,369.79,394.77,2004.4,816.5
16908,464.54,Carreta_Sider,28.0,24.94,710.68,681.82,3649.7,1534.1
16909,277.39,Carreta_Bau,28.0,25.45,448.88,445.84,2299.05,900.27
16910,73.34,3/4,4.0,1.85,200.91,174.59,277.07,68.09
16911,272.38,Carreta_Sider,28.0,11.93,368.46,463.94,2102.34,875.15
16912,35.05,Truck,14.0,10.43,139.57,112.46,317.42,56.31
16913,302.87,Carreta_Bau,28.0,5.63,452.32,448.79,2169.46,928.69
16914,346.52,Carreta_Sider,28.0,22.78,521.39,534.67,2802.29,1142.35
16915,475.0,Carreta_Sider,28.0,10.14,574.22,662.08,3508.53,1520.94
16916,289.55,Carreta_Bau,28.0,16.61,387.65,435.06,2232.53,905.66
16917,51.48,VUC,3.0,0.94,136.32,114.12,154.41,26.25
16918,490.31,Carreta_Bau,28.0,21.68,703.33,703.54,3691.73,1570.1
16919,87.97,VUC,3.0,2.89,244.13,189.3,285.67,48.39
16920,22.21,VUC,3.0,1.83,51.66,64.49,85.92,21.14
16921,262.31,Carreta_Bau,28.0,26.83,377.93,416.98,2212.74,850.62
16922,232.94,Carreta_Bau,28.0,13.77,378.66,385.96,1811.13,738.02
16923,32.49,Toco,6.0,2.36,70.5,114.53,164.74,36.64
16924,84.59,Toco,6.0,5.18,185.52,226.83,396.13,101.67
16925,46.03,VUC,3.0,0.55,103.5,116.54,132.82,21.68
16926,32.93,VUC,3.0,1.17,63.69,78.63,103.77,27.74
16927,7.39,3/4,4.0,2.95,36.54,34.09,59.01,21.54
16928,220.39,Carreta_Bau,28.0,8.7,290.31,362.18,1656.71,683.4
16929,42.12,VUC,3.0,2.72,116.8,104.62,164.0,27.26
16930,103.99,VUC,3.0,1.68,235.99,229.55,318.1,62.03
16931,49.55,3/4,4.0,1.44,117.53,105.24,187.5,41.84
16932,455.89,Carreta_Sider,28.0,13.04,637.94,630.65,3402.13,1477.11
16933,40.98,VUC,3.0,1.17,70.36,72.47,127.98,14.19
16934,128.67,3/4,4.0,2.98,326.76,283.07,462.29,113.29
16935,237.09,Carreta_Bau,28.0,6.82,328.64,379.6,1732.24,739.24
16936,201.44,VUC,3.0,2.63,394.84,421.76,607.47,127.06
16937,411.39,Carreta_Bau,28.0,7.74,629.23,565.66,2939.52,1273.43
16938,29.25,Truck,14.0,5.46,89.42,132.77,221.54,51.54
16939,37.59,3/4,4.0,2.73,106.89,117.12,163.38,27.44
16940,62.46,Toco,6.0,2.71,181.1,150.59,295.04,71.08
16941,491.35,Carreta_Sider,28.0,16.34,782.44,681.35,3712.07,1603.38
16942,85.11,Toco,6.0,3.8,160.79,215.97,390.56,104.44
16943,63.12,VUC,3.0,1.11,173.65,142.89,187.38,39.36
16944,62.8,3/4,4.0,2.42,175.88,137.92,233.42,50.7
16945,78.34,Toco,6.0,5.69,176.63,204.83,394.51,88.17
16946,442.1,Carreta_Sider,28.0,4.26,570.07,628.66,3191.94,1405.91
16947,231.0,Carreta_Sider,28.0,18.39,385.57,386.82,1918.56,764.48
16948,288.7,Carreta_Sider,28.0,11.82,472.27,430.98,2222.03,940.34
16949,199.99,Truck,14.0,12.36,583.41,590.63,1242.85,329.07
16950,487.69,Carreta_Sider,28.0,6.5,672.65,680.48,3564.02,1556.66
16951,19.03,VUC,3.0,0.6,27.21,54.32,71.0,8.47
16952,145.47,Toco,6.0,2.96,402.36,356.72,623.46,152.91
16953,31.4,3/4,4.0,2.89,95.11,100.41,132.34,10.56
16954,499.58,Carreta_Bau,28.0,4.35,568.65,665.76,3500.46,1546.37
16955,440.8,Carreta_Sider,28.0,23.51,690.62,626.34,3462.86,1455.12
16956,8.6,VUC,3.0,1.31,12.2,31.37,34.93,3.24
16957,35.82,3/4,4.0,3.73,82.92,106.47,156.31,44.87
16958,94.89,Toco,6.0,5.52,272.86,263.1,453.96,101.93
16959,33.97,Toco,6.0,4.8,113.16,122.86,202.48,36.47
16960,397.42,Carreta_Bau,28.0,21.74,497.07,565.28,3062.67,1269.93
16961,82.24,3/4,4.0,2.64,225.73,176.66,306.96,71.8
16962,11.81,Toco,6.0,4.95,30.52,46.1,112.73,9.92
16963,45.83,VUC,3.0,0.9,109.58,66.86,129.86,34.54
16964,35.98,Toco,6.0,5.07,114.42,98.34,213.78,40.5
16965,22.34,3/4,4.0,2.52,38.31,61.57,97.89,19.57
16966,37.9,VUC,3.0,2.44,80.46,84.39,137.46,21.28
16967,63.27,Toco,6.0,3.42,140.24,182.55,298.42,68.05
16968,48.62,VUC,3.0,2.06,105.16,112.68,160.26,36.26
16969,80.83,VUC,3.0,1.32,197.18,184.73,236.17,56.33
16970,86.35,3/4,4.0,2.04,176.56,211.93,308.65,70.83
16971,423.95,Carreta_Bau,28.0,12.88,609.74,573.57,3093.48,1324.87
16972,47.85,Toco,6.0,4.68,120.79,147.16,247.57,56.99
16973,93.34,Toco,6.0,1.92,223.28,240.33,411.21,101.4
16974,239.22,Carreta_Bau,28.0,26.35,327.56,401.0,2037.23,775.2
16975,10.55,VUC,3.0,2.56,33.87,41.79,54.5,2.03
16976,29.15,VUC,3.0,2.65,55.46,62.39,117.12,18.92
16977,220.75,Carreta_Bau,28.0,25.95,356.92,366.56,1908.74,715.12
16978,41.92,VUC,3.0,1.56,72.86,99.35,150.61,23.24
16979,257.1,Carreta_Bau,28.0,25.43,334.0,410.64,2153.92,836.32
16980,172.19,Truck,14.0,7.38,513.76,530.82,1010.45,288.82
16981,412.2,Carreta_Bau,28.0,6.62,527.64,574.49,2938.52,1274.03
16982,296.89,Carreta_Bau,28.0,5.38,484.83,424.29,2132.02,914.97
16983,57.03,Truck,14.0,2.86,193.64,211.67,361.86,92.82
16984,471.47,Carreta_Sider,28.0,8.67,675.46,666.6,3459.47,1513.57
16985,53.68,VUC,3.0,1.37,101.01,122.33,176.07,40.27
16986,468.31,Carreta_Sider,28.0,27.51,644.33,701.22,3718.72,1557.73
16987,55.69,VUC,3.0,1.07,132.91,131.07,173.54,30.92
16988,85.56,Truck,14.0,12.96,262.76,270.61,630.17,144.05
16989,29.26,VUC,3.0,2.52,75.79,51.26,102.81,21.53
16990,78.33,VUC,3.0,2.65,158.9,142.27,258.71,50.96
16991,54.78,VUC,3.0,2.45,102.45,143.0,183.72,40.11
16992,48.63,Truck,14.0,13.68,192.14,174.08,441.5,88.18
16993,161.24,Toco,6.0,1.51,372.47,411.13,679.47,175.59
16994,31.25,Toco,6.0,3.34,94.57,94.93,150.3,35.76
16995,188.0,Toco,6.0,2.65,479.33,484.66,789.71,201.55
16996,269.52,Carreta_Sider,28.0,10.96,427.31,434.65,2057.74,869.3
16997,145.5,3/4,4.0,2.12,374.46,328.48,520.39,116.27
16998,31.67,Truck,14.0,7.82,95.29,119.23,274.61,45.77
16999,388.01,Carreta_Bau,28.0,27.67,582.43,578.14,3080.4,1259.89
17000,408.48,Carreta_Bau,28.0,10.5,467.75,566.98,2962.06,1282.66
17001,401.57,Carreta_Sider,28.0,25.9,557.01,568.01,3230.01,1328.32
17002,294.84,Carreta_Bau,28.0,8.17,423.77,430.13,2154.34,917.74
17003,39.35,Toco,6.0,4.29,130.79,99.32,217.44,35.47
17004,73.48,VUC,3.0,1.23,172.5,179.93,222.23,54.92
17005,453.37,Carreta_Sider,28.0,27.06,681.31,648.29,3614.02,1510.84
17006,47.38,VUC,3.0,2.07,124.54,96.49,154.15,43.19
17007,352.48,Carreta_Bau,28.0,5.73,459.08,495.74,2510.16,1085.08
17008,18.0,3/4,4.0,3.74,47.75,69.33,94.06,13.04
17009,73.15,VUC,3.0,1.2,172.9,174.95,233.61,48.44
17010,64.37,3/4,4.0,3.75,182.93,149.32,253.05,60.27
17011,90.38,Truck,14.0,2.26,264.35,268.41,531.91,148.24
17012,517.29,Carreta_Bau,28.0,9.4,721.45,695.51,3693.75,1614.38
17013,52.18,VUC,3.0,1.16,114.57,139.1,163.84,31.97
17014,441.56,Carreta_Bau,28.0,20.57,640.68,594.78,3337.27,1411.05
17015,63.55,Toco,6.0,4.97,151.98,157.59,311.68,81.16
17016,401.96,Carreta_Sider,28.0,19.2,483.98,625.42,3133.48,1322.27
17017,47.62,VUC,3.0,0.61,128.0,126.41,141.93,25.79
17018,65.95,3/4,4.0,2.07,201.46,141.86,252.14,57.89
17019,43.69,Truck,14.0,7.98,161.46,194.01,340.33,61.6
17020,16.54,VUC,3.0,1.36,39.47,55.64,53.69,14.05
17021,147.4,Toco,6.0,3.04,308.08,382.8,647.89,151.14
17022,448.86,Carreta_Bau,28.0,15.69,657.14,646.84,3307.32,1418.64
17023,93.79,Toco,6.0,3.73,225.03,238.22,428.98,101.95
17024,69.55,VUC,3.0,2.06,167.92,149.09,201.8,49.92
17025,59.38,VUC,3.0,0.99,145.9,135.35,180.92,37.79
17026,47.81,VUC,3.0,2.75,107.66,118.93,171.14,38.34
17027,68.74,3/4,4.0,3.41,174.87,174.73,271.05,62.11
17028,15.54,Truck,14.0,11.46,44.71,78.34,240.44,31.27
17029,33.68,Toco,6.0,5.01,92.69,98.77,196.76,35.22
17030,224.87,Carreta_Bau,28.0,16.71,388.63,374.68,1797.71,708.23
17031,15.35,Toco,6.0,5.76,35.79,63.87,124.92,10.08
17032,15.47,Toco,6.0,2.77,59.87,57.63,96.05,11.01
17033,5.94,VUC,3.0,1.52,8.96,21.38,43.76,4.28
17034,72.79,Truck,14.0,11.81,204.02,227.73,542.67,121.16
17035,24.69,3/4,4.0,3.55,57.97,51.83,123.51,23.33
17036,273.04,Carreta_Bau,28.0,14.89,421.29,442.99,2087.93,855.9
17037,79.71,VUC,3.0,2.61,201.55,187.64,258.5,52.85
17038,291.67,Carreta_Bau,28.0,19.27,338.97,463.67,2288.44,933.06
17039,235.81,Carreta_Sider,28.0,13.43,381.51,372.45,1859.87,766.35
17040,141.09,Toco,6.0,5.52,318.65,360.94,639.7,156.52
17041,179.73,VUC,3.0,1.73,423.84,380.53,532.37,116.72
17042,86.3,Toco,6.0,5.23,204.08,238.44,410.03,101.57
17043,19.34,Truck,14.0,11.77,71.07,75.59,263.08,32.97
17044,68.51,3/4,4.0,0.93,142.54,191.87,238.12,54.37
17045,436.47,Carreta_Sider,28.0,24.93,611.49,651.44,3440.57,1445.78
17046,372.21,Carreta_Bau,28.0,8.07,553.01,532.32,2684.49,1152.15
17047,45.89,VUC,3.0,2.53,115.08,111.99,167.02,27.05
17048,87.63,Truck,14.0,11.09,290.34,272.39,610.18,148.98
17049,48.08,Toco,6.0,4.66,118.21,129.74,259.97,61.34
17050,38.48,VUC,3.0,2.8,85.33,59.02,143.8,23.15
17051,495.71,Carreta_Bau,28.0,18.49,637.45,695.56,3666.89,1567.31
17052,30.81,VUC,3.0,1.31,62.28,76.74,101.79,13.25
17053,86.23,VUC,3.0,1.96,168.91,206.57,263.35,64.19
17054,24.58,VUC,3.0,2.23,52.55,71.97,101.18,20.75
17055,79.32,3/4,4.0,1.84,168.38,191.84,281.9,63.43
17056,21.67,VUC,3.0,1.1,47.82,58.3,88.79,14.43
17057,443.95,Carreta_Bau,28.0,15.85,507.15,610.39,3287.5,1407.05
17058,62.55,VUC,3.0,2.74,123.36,125.34,201.15,40.59
17059,45.05,VUC,3.0,2.06,108.91,91.8,162.31,33.39
17060,13.52,VUC,3.0,2.74,45.83,28.12,74.12,8.06
17061,15.46,3/4,4.0,2.22,44.07,48.04,77.08,11.62
17062,29.62,3/4,4.0,3.82,98.98,94.47,148.32,12.44
17063,73.77,VUC,3.0,2.47,169.47,174.44,244.05,45.97
17064,70.33,VUC,3.0,1.35,142.4,135.71,211.26,42.1
17065,22.67,VUC,3.0,1.59,53.09,71.48,88.28,17.1
17066,265.94,Carreta_Bau,28.0,27.95,342.91,432.74,2245.4,860.95
17067,429.14,Carreta_Sider,28.0,26.9,609.93,642.77,3440.39,1430.7
17068,339.98,Carreta_Sider,28.0,13.96,439.12,519.39,2607.18,1107.74
17069,47.33,3/4,4.0,3.43,110.05,99.05,192.08,29.12
17070,216.68,3/4,4.0,3.69,579.42,501.44,773.12,187.26
17071,509.41,Carreta_Sider,28.0,10.19,804.61,728.62,3746.57,1633.83
17072,12.83,Toco,6.0,3.54,52.08,35.32,96.84,7.69
17073,69.15,VUC,3.0,2.38,176.48,142.37,226.53,43.46
17074,76.19,VUC,3.0,0.65,154.42,140.67,235.62,47.96
17075,489.61,Carreta_Sider,28.0,23.38,711.22,693.59,3802.77,1622.05
17076,85.31,3/4,4.0,1.32,204.34,184.55,296.97,73.52
17077,84.6,VUC,3.0,1.67,213.35,174.4,270.89,50.07
17078,142.68,3/4,4.0,1.88,354.36,336.37,500.57,119.31
17079,34.75,3/4,4.0,3.12,88.95,105.72,149.32,37.01
17080,451.75,Carreta_Sider,28.0,9.75,499.41,612.36,3338.81,1460.81
17081,128.02,Truck,14.0,7.65,347.47,377.78,788.41,207.37
17082,489.75,Carreta_Sider,28.0,10.52,721.15,681.91,3613.27,1577.95
17083,360.27,Carreta_Sider,28.0,5.5,486.34,525.55,2652.0,1143.74
17084,27.16,VUC,3.0,2.6,59.83,80.6,100.24,22.85
17085,165.8,Truck,14.0,4.77,526.02,497.74,946.44,278.9
17086,442.34,Carreta_Sider,28.0,9.73,632.61,640.8,3277.81,1419.75
17087,314.21,Carreta_Sider,28.0,5.31,456.62,476.25,2305.7,1006.9
17088,85.59,Truck,14.0,8.08,232.54,263.17,571.44,143.6
17089,17.29,3/4,4.0,1.51,29.05,47.15,80.72,13.66
17090,9.4,3/4,4.0,2.52,32.41,45.99,49.72,4.52
17091,32.6,VUC,3.0,2.29,74.86,68.53,126.11,33.53
17092,73.19,VUC,3.0,0.57,150.83,150.62,213.15,49.73
17093,120.31,Truck,14.0,4.49,325.81,366.78,721.31,198.54
17094,434.33,Carreta_Sider,28.0,13.5,531.29,633.47,3261.4,1406.66
17095,430.04,Carreta_Bau,28.0,25.14,554.38,615.92,3337.56,1382.59
17096,67.17,Truck,14.0,3.41,231.62,220.02,423.05,101.6
17097,93.82,Toco,6.0,4.69,233.47,247.63,434.55,106.94
17098,36.72,VUC,3.0,2.88,77.78,87.15,135.85,22.21
17099,29.1,3/4,4.0,0.86,64.92,85.19,107.59,19.04
17100,38.42,3/4,4.0,1.73,107.85,90.37,159.55,28.05
17101,75.19,VUC,3.0,2.41,180.07,177.77,242.58,60.92
17102,23.5,Toco,6.0,5.67,91.72,76.6,168.66,24.59
17103,90.25,Toco,6.0,2.16,221.02,238.01,392.69,98.65
17104,50.64,VUC,3.0,2.09,103.33,118.38,170.98,26.73
17105,75.27,VUC,3.0,2.32,143.32,179.45,244.13,47.89
17106,79.28,3/4,4.0,1.97,152.42,161.36,285.25,60.08
17107,299.88,Carreta_Sider,28.0,20.13,365.64,454.3,2429.11,987.23
17108,47.57,Truck,14.0,8.63,175.87,175.92,372.03,73.39
17109,71.46,VUC,3.0,2.84,131.17,167.26,242.34,50.81
17110,37.19,3/4,4.0,2.43,102.83,92.99,144.98,22.66
17111,405.72,Carreta_Sider,28.0,16.5,552.51,593.6,3113.33,1320.04
17112,77.79,VUC,3.0,2.16,172.02,181.21,252.98,56.2
17113,112.06,Toco,6.0,1.68,282.14,315.31,478.51,127.31
17114,78.98,3/4,4.0,2.41,179.02,186.04,299.95,67.13
17115,230.2,Carreta_Bau,28.0,5.41,331.11,382.34,1666.51,708.31
17116,381.12,Carreta_Sider,28.0,19.12,509.8,574.65,2977.97,1250.3
17117,55.52,VUC,3.0,1.81,112.7,114.0,168.91,45.93
17118,193.01,Truck,14.0,12.09,545.14,561.01,1200.42,319.41
17119,23.85,3/4,4.0,3.31,60.15,87.19,113.41,20.55
17120,286.42,Carreta_Sider,28.0,14.49,501.25,469.38,2237.74,924.97
17121,92.29,Truck,14.0,9.94,240.98,286.53,639.45,148.64
17122,90.18,Toco,6.0,2.45,251.82,255.96,407.85,99.21
17123,491.08,Carreta_Bau,28.0,13.43,759.86,677.12,3559.1,1545.36
17124,446.37,Carreta_Sider,28.0,6.06,705.04,628.56,3257.5,1425.84
17125,60.4,Truck,14.0,3.3,202.41,194.87,383.29,100.94
17126,332.15,Carreta_Sider,28.0,23.69,462.14,494.95,2702.49,1094.38
17127,93.53,Toco,6.0,5.86,260.66,247.94,460.06,98.46
17128,49.75,3/4,4.0,2.26,135.63,119.55,190.67,46.15
17129,340.1,Carreta_Bau,28.0,7.25,465.39,506.07,2444.29,1051.04
17130,38.17,VUC,3.0,0.68,88.66,94.08,114.68,18.11
17131,45.91,Truck,14.0,2.64,125.96,148.08,293.72,74.37
17132,471.98,Carreta_Bau,28.0,25.11,630.41,679.68,3613.56,1517.43
17133,8.18,VUC,3.0,1.58,27.18,8.56,36.79,4.28
17134,53.97,3/4,4.0,3.59,122.18,124.01,218.42,54.57
17135,64.63,3/4,4.0,1.83,181.33,177.31,238.55,63.82
17136,461.8,Carreta_Bau,28.0,18.2,575.51,652.94,3431.87,1468.22
17137,13.97,Toco,6.0,4.34,64.44,33.25,114.4,17.45
17138,27.26,VUC,3.0,0.58,61.45,71.22,93.75,24.0
17139,132.53,Truck,14.0,10.21,327.5,381.63,855.84,219.35
17140,69.63,3/4,4.0,3.32,191.62,165.93,290.97,58.97
17141,76.22,3/4,4.0,0.68,226.96,190.96,268.46,60.22
17142,292.87,Carreta_Bau,28.0,5.6,473.45,435.67,2113.81,900.06
17143,176.11,3/4,4.0,2.38,338.43,406.56,619.2,154.21
17144,93.71,Toco,6.0,5.85,203.64,240.64,450.03,96.64
17145,130.37,Toco,6.0,5.86,298.07,358.15,601.21,141.94
17146,219.27,Toco,6.0,1.46,626.28,563.03,909.76,231.83
17147,27.04,3/4,4.0,3.19,65.64,65.97,127.05,16.2
17148,354.52,Carreta_Bau,28.0,23.08,427.99,528.19,2770.58,1132.81
17149,432.61,Carreta_Sider,28.0,25.07,507.47,630.41,3424.03,1436.4
17150,80.57,Truck,14.0,2.62,235.76,240.06,481.65,133.87
17151,19.66,VUC,3.0,2.93,44.05,56.32,94.47,10.37
17152,482.8,Carreta_Bau,28.0,23.76,538.68,698.25,3678.56,1548.02
17153,274.76,Carreta_Sider,28.0,18.66,359.34,428.5,2215.52,892.63
17154,15.91,VUC,3.0,0.62,58.39,52.8,50.84,3.9
17155,274.49,Carreta_Bau,28.0,9.92,410.62,431.27,2026.75,845.47
17156,160.13,Toco,6.0,2.67,399.47,418.94,689.19,177.52
17157,177.81,Truck,14.0,12.3,471.35,540.27,1115.32,294.11
17158,138.56,Truck,14.0,11.16,381.68,416.18,894.81,230.5
17159,70.36,3/4,4.0,3.8,191.06,180.81,282.2,63.6
17160,44.57,VUC,3.0,1.53,100.71,106.0,134.47,32.52
17161,76.25,Toco,6.0,5.58,173.3,191.18,382.75,94.56
17162,29.71,VUC,3.0,2.73,80.82,60.17,121.97,19.22
17163,23.4,3/4,4.0,0.66,46.55,82.05,90.46,15.82
17164,509.76,Carreta_Sider,28.0,9.89,771.71,701.69,3746.79,1643.27
17165,149.23,Toco,6.0,4.98,394.23,382.84,665.53,176.31
17166,53.94,3/4,4.0,2.86,132.64,147.4,223.26,43.43
17167,416.57,Carreta_Bau,28.0,9.5,517.54,580.53,3002.04,1292.43
17168,14.49,Truck,14.0,11.4,59.03,82.43,234.48,11.24
17169,29.37,3/4,4.0,1.68,69.19,79.73,114.36,14.35
17170,19.13,VUC,3.0,1.99,43.39,38.05,58.83,19.43
17171,33.12,VUC,3.0,2.83,90.04,96.05,133.39,20.83
17172,73.66,Toco,6.0,2.12,204.73,188.29,325.97,73.29
17173,230.05,Carreta_Bau,28.0,5.52,388.21,381.49,1665.78,709.97
17174,323.29,Carreta_Sider,28.0,19.91,433.07,507.42,2592.98,1074.82
17175,14.99,Truck,14.0,10.77,67.51,65.89,231.31,24.8
17176,59.68,3/4,4.0,1.66,131.94,156.82,218.81,59.73
17177,57.21,3/4,4.0,2.19,106.81,136.91,224.21,43.77
17178,465.9,Carreta_Sider,28.0,16.13,726.67,652.53,3530.05,1525.61
17179,492.87,Carreta_Bau,28.0,23.62,617.39,689.22,3736.04,1576.53
17180,52.97,VUC,3.0,2.22,111.24,132.91,172.03,30.45
17181,48.07,3/4,4.0,1.53,114.07,126.51,184.42,35.62
17182,64.41,3/4,4.0,1.53,197.41,148.59,240.75,52.41
17183,197.1,Toco,6.0,2.56,469.33,483.73,826.89,217.13
17184,81.51,VUC,3.0,0.82,222.8,177.06,230.5,48.96
17185,18.75,VUC,3.0,0.79,64.54,35.52,69.84,17.16
17186,78.09,3/4,4.0,3.38,185.01,189.35,305.17,63.69
17187,9.59,3/4,4.0,3.43,34.78,38.22,77.68,7.86
17188,47.87,VUC,3.0,1.11,105.77,120.73,150.06,27.68
17189,50.54,Truck,14.0,12.22,154.92,182.63,445.35,93.09
17190,482.29,Carreta_Bau,28.0,17.78,752.96,680.78,3567.17,1529.62
17191,21.98,VUC,3.0,2.27,52.7,58.28,87.0,15.67
17192,12.16,Toco,6.0,5.39,56.73,46.32,108.93,12.06
17193,10.82,Toco,6.0,2.47,51.63,52.29,82.89,8.73
17194,7.39,Toco,6.0,4.28,13.93,45.18,82.37,3.06
17195,202.12,VUC,3.0,1.24,443.42,432.36,592.18,135.03
17196,437.04,Carreta_Bau,28.0,25.69,671.88,651.38,3386.88,1398.28
17197,56.2,Toco,6.0,2.43,152.43,166.59,257.16,58.63
17198,101.48,VUC,3.0,2.04,234.3,237.9,317.61,69.9
17199,322.47,Carreta_Sider,28.0,8.75,489.43,470.76,2422.16,1026.45
17200,403.47,Carreta_Sider,28.0,13.0,574.26,572.4,3048.18,1307.23
17201,18.15,Toco,6.0,2.69,54.4,53.43,96.33,15.22
17202,77.59,3/4,4.0,3.15,165.31,189.64,297.44,66.76
17203,85.8,3/4,4.0,1.57,187.81,204.42,307.72,71.17
17204,451.55,Carreta_Sider,28.0,11.99,731.74,645.36,3374.43,1447.65
17205,30.61,3/4,4.0,0.63,88.56,106.41,108.97,28.53
17206,18.97,Toco,6.0,2.51,45.54,64.88,102.06,15.48
17207,41.27,3/4,4.0,1.53,83.1,114.31,162.55,31.87
17208,84.22,3/4,4.0,2.45,174.34,204.65,310.83,71.85
17209,40.38,VUC,3.0,1.47,110.0,110.8,128.02,27.65
17210,452.48,Carreta_Bau,28.0,27.54,520.98,653.67,3517.72,1463.74
17211,13.86,3/4,4.0,2.46,44.28,46.69,66.19,15.74
17212,222.02,Carreta_Sider,28.0,5.93,373.59,378.1,1667.18,695.91
17213,457.59,Carreta_Sider,28.0,23.47,704.68,670.77,3579.3,1516.31
17214,93.6,Truck,14.0,2.73,264.6,296.14,548.7,149.67
17215,232.55,Carreta_Bau,28.0,24.13,321.29,388.14,1957.28,743.19
17216,49.47,VUC,3.0,1.48,93.89,123.6,158.31,32.89
17217,194.35,Truck,14.0,2.83,471.28,561.03,1082.43,315.4
17218,95.63,3/4,4.0,3.92,199.18,215.89,364.6,78.64
17219,35.16,3/4,4.0,2.28,98.31,88.12,137.37,36.83
17220,85.32,Truck,14.0,12.27,221.49,278.9,632.58,147.63
17221,88.39,Toco,6.0,3.04,236.48,244.12,395.74,97.48
17222,49.21,VUC,3.0,1.63,131.83,104.26,145.98,25.39
17223,31.91,VUC,3.0,1.37,61.37,97.48,96.6,31.1
17224,47.92,VUC,3.0,1.39,132.43,97.15,159.48,31.96
17225,195.18,Truck,14.0,11.54,550.97,577.26,1203.0,324.38
17226,23.95,Toco,6.0,1.06,62.77,71.48,113.46,25.98
17227,47.52,Truck,14.0,7.93,122.14,163.44,363.67,80.4
17228,24.88,VUC,3.0,1.13,70.14,46.12,87.61,20.41
17229,60.62,VUC,3.0,1.87,148.23,114.1,203.93,38.86
17230,145.34,Toco,6.0,2.0,333.9,366.82,617.88,149.45
17231,73.15,Toco,6.0,2.68,200.66,208.52,332.17,84.04
17232,92.22,Truck,14.0,8.45,262.96,288.12,606.09,146.91
17233,80.67,3/4,4.0,3.12,225.67,177.28,296.67,64.22
17234,11.84,VUC,3.0,2.86,29.53,51.76,69.04,7.44
17235,23.25,3/4,4.0,1.43,54.98,70.55,99.32,17.19
17236,381.85,Carreta_Sider,28.0,15.69,504.77,574.1,2935.74,1245.17
17237,52.38,Toco,6.0,2.68,135.51,143.39,257.18,59.32
17238,156.53,Toco,6.0,3.99,371.93,379.3,675.65,168.56
17239,27.44,VUC,3.0,1.38,70.11,89.89,90.27,18.09
17240,343.79,Carreta_Sider,28.0,6.51,447.78,506.48,2536.35,1095.62
17241,5.31,3/4,4.0,2.69,17.39,42.43,49.32,8.36
17242,72.69,VUC,3.0,0.54,140.63,155.9,224.48,48.01
17243,148.75,VUC,3.0,0.56,358.99,318.51,430.79,96.85
17244,394.38,Carreta_Sider,28.0,25.24,554.25,567.07,3176.58,1308.07
17245,36.56,Truck,14.0,12.46,128.0,123.4,368.08,62.14
17246,216.36,3/4,4.0,2.51,456.62,517.73,764.88,186.65
17247,226.2,Carreta_Bau,28.0,4.63,402.46,370.81,1618.35,700.5
17248,10.02,Toco,6.0,2.65,47.66,60.9,77.31,14.11
17249,367.16,Carreta_Bau,28.0,12.44,588.66,535.37,2704.53,1149.08
17250,50.3,3/4,4.0,3.05,156.68,132.28,190.54,37.38
17251,92.93,Truck,14.0,11.76,310.44,304.3,659.25,156.74
17252,65.75,Truck,14.0,6.32,213.51,222.62,432.05,108.96
17253,494.05,Carreta_Bau,28.0,14.24,729.46,680.71,3596.15,1547.33
17254,18.45,VUC,3.0,1.02,51.92,51.73,67.01,15.91
17255,50.8,Toco,6.0,4.61,116.25,159.31,261.72,56.58
17256,86.06,Truck,14.0,6.25,234.28,251.7,550.17,138.97
17257,8.94,Toco,6.0,4.5,51.59,39.04,92.66,10.88
17258,516.43,Carreta_Bau,28.0,21.02,583.83,690.63,3869.98,1650.71
17259,246.84,Carreta_Sider,28.0,7.92,440.82,382.54,1868.73,798.53
17260,62.05,Toco,6.0,5.42,178.1,177.14,318.9,68.42
17261,497.19,Carreta_Sider,28.0,23.82,729.43,720.23,3868.69,1644.94
17262,355.24,Carreta_Sider,28.0,18.08,514.64,560.48,2776.52,1165.4
17263,69.64,3/4,4.0,0.89,205.03,168.51,235.43,51.17
17264,68.07,VUC,3.0,0.88,174.13,146.37,209.58,47.26
17265,17.67,VUC,3.0,0.69,55.61,47.54,68.05,4.33
17266,86.56,Toco,6.0,3.26,268.08,235.73,401.26,86.98
17267,33.33,VUC,3.0,1.13,73.31,106.2,113.0,28.9
17268,480.25,Carreta_Bau,28.0,23.97,604.99,672.29,3651.09,1529.59
17269,106.84,Truck,14.0,7.29,297.91,309.66,674.28,180.62
17270,8.71,Toco,6.0,3.21,22.92,46.98,86.89,17.24
17271,109.1,VUC,3.0,2.8,222.78,238.73,341.0,73.13
17272,126.69,Truck,14.0,8.98,371.5,381.33,793.63,210.9
17273,11.57,VUC,3.0,1.44,43.13,32.83,64.01,-0.49
17274,45.64,3/4,4.0,3.94,106.05,148.16,192.41,37.17
17275,436.87,Carreta_Sider,28.0,15.21,657.24,620.86,3299.19,1422.79
17276,153.63,Truck,14.0,9.0,379.45,435.28,947.86,253.74
17277,7.64,VUC,3.0,1.42,34.52,20.1,40.9,7.09
17278,170.05,Toco,6.0,4.31,384.15,430.94,744.79,187.89
17279,74.94,3/4,4.0,3.24,151.18,165.9,294.61,64.54
17280,343.79,Carreta_Bau,28.0,19.16,575.14,506.74,2642.52,1085.5
17281,501.91,Carreta_Sider,28.0,10.11,748.87,721.67,3694.09,1617.03
17282,82.79,VUC,3.0,2.85,154.19,165.86,264.32,48.57
17283,5.22,3/4,4.0,2.34,34.17,8.71,45.97,2.61
17284,77.71,VUC,3.0,2.56,185.28,183.44,253.8,57.61
17285,336.02,Carreta_Bau,28.0,4.41,471.16,481.88,2389.46,1026.72
17286,406.35,Carreta_Sider,28.0,16.52,644.11,588.07,3107.79,1324.69
17287,174.79,Toco,6.0,5.67,446.42,465.77,769.82,198.28
17288,93.29,VUC,3.0,2.2,174.25,196.9,296.43,63.58
17289,6.76,VUC,3.0,0.74,15.59,8.0,25.59,5.78
17290,69.97,VUC,3.0,2.26,146.53,168.11,218.47,41.96
17291,94.92,3/4,4.0,0.65,207.65,225.2,316.14,85.15
17292,76.54,Truck,14.0,6.49,251.7,238.37,509.17,118.18
17293,483.52,Carreta_Sider,28.0,9.83,588.38,649.8,3563.33,1558.64
17294,49.99,3/4,4.0,1.46,136.97,112.84,189.15,42.65
17295,118.75,VUC,3.0,0.56,251.82,252.93,349.39,70.52
17296,215.2,Truck,14.0,9.44,631.29,613.49,1282.57,351.83
17297,287.83,Carreta_Bau,28.0,21.86,436.11,461.66,2301.62,928.06
17298,84.52,3/4,4.0,1.59,222.37,202.69,302.17,65.15
17299,191.12,Truck,14.0,9.08,517.5,557.72,1141.09,304.92
17300,377.1,Carreta_Sider,28.0,16.04,569.81,571.99,2888.81,1225.5
17301,68.42,Truck,14.0,13.92,186.06,217.01,573.78,116.62
17302,383.49,Carreta_Sider,28.0,23.53,607.03,580.26,3060.06,1276.02
17303,185.04,VUC,3.0,2.86,423.19,393.28,556.73,121.41
17304,30.61,3/4,4.0,3.4,122.57,97.1,137.06,18.24
17305,24.41,3/4,4.0,2.84,66.2,77.25,121.83,21.35
17306,50.64,3/4,4.0,0.84,110.6,136.64,182.54,46.33
17307,37.94,VUC,3.0,2.64,120.9,84.41,132.22,26.37
17308,98.65,Truck,14.0,11.16,267.04,298.35,679.52,165.79
17309,33.98,VUC,3.0,1.17,83.16,81.06,112.8,12.2
17310,20.19,Truck,14.0,5.31,85.16,90.9,180.98,25.92
17311,80.92,3/4,4.0,2.38,191.46,201.54,304.42,68.05
17312,68.16,VUC,3.0,1.17,147.52,163.3,221.99,48.92
17313,34.15,Toco,6.0,5.85,89.53,94.49,207.88,34.01
17314,25.63,VUC,3.0,0.94,66.45,46.44,82.86,17.21
17315,15.66,3/4,4.0,1.12,57.67,43.71,61.75,13.89
17316,14.24,Toco,6.0,1.12,42.39,44.43,73.86,9.91
17317,126.58,Truck,14.0,8.68,325.4,368.07,783.99,203.76
17318,95.18,Toco,6.0,4.68,235.18,251.78,450.27,104.49
17319,60.92,VUC,3.0,1.95,159.47,120.25,187.02,37.42
17320,13.9,VUC,3.0,0.98,32.01,33.25,46.43,12.89
17321,91.38,Truck,14.0,13.09,310.78,274.56,670.57,150.38
17322,29.4,3/4,4.0,1.89,80.08,65.11,130.12,29.23
17323,6.35,Toco,6.0,1.62,30.69,17.32,42.47,4.97
17324,479.79,Carreta_Sider,28.0,8.75,617.25,657.86,3519.28,1539.8
17325,359.21,Carreta_Sider,28.0,14.63,530.22,542.85,2755.31,1170.98
17326,81.84,Truck,14.0,8.58,212.58,252.81,551.66,133.53
17327,153.83,Truck,14.0,9.26,423.91,459.15,949.61,250.57
17328,37.45,Toco,6.0,1.27,109.35,107.62,160.02,39.48
17329,35.21,VUC,3.0,2.66,89.4,94.86,126.85,27.46
17330,14.79,VUC,3.0,1.31,64.45,50.1,65.49,11.07
17331,64.1,3/4,4.0,1.48,165.97,165.61,238.38,43.01
17332,134.32,3/4,4.0,2.94,255.66,312.59,481.47,111.39
17333,36.65,Toco,6.0,4.03,123.1,110.21,191.57,36.47
17334,442.48,Carreta_Sider,28.0,27.83,608.27,633.38,3542.69,1479.85
17335,78.89,VUC,3.0,1.5,169.3,164.79,232.62,40.8
17336,439.69,Carreta_Sider,28.0,8.56,626.55,634.36,3233.94,1411.83
17337,489.14,Carreta_Bau,28.0,27.35,542.22,678.93,3764.82,1582.49
17338,61.39,VUC,3.0,1.68,160.86,135.3,191.24,42.52
17339,84.07,VUC,3.0,2.14,202.53,194.07,262.82,53.93
17340,162.69,Truck,14.0,2.6,410.91,479.3,916.89,251.83
17341,60.65,VUC,3.0,1.31,107.57,137.15,181.45,37.3
17342,74.91,3/4,4.0,3.96,214.65,180.7,303.55,72.44
17343,316.97,Carreta_Bau,28.0,27.15,520.48,499.7,2592.22,1020.02
17344,67.39,Truck,14.0,13.81,221.12,212.85,566.37,123.68
17345,46.1,VUC,3.0,2.55,104.39,112.59,162.0,34.1
17346,66.67,3/4,4.0,2.3,170.07,160.51,260.07,55.84
17347,64.39,VUC,3.0,1.91,146.4,152.64,211.5,42.58
17348,4.61,VUC,3.0,0.64,10.38,30.43,25.0,4.77
17349,67.58,VUC,3.0,2.47,143.97,153.63,212.49,41.08
17350,27.86,VUC,3.0,2.36,57.13,85.27,111.79,16.02
17351,53.31,VUC,3.0,2.26,120.19,132.35,178.95,44.52
17352,14.13,Toco,6.0,2.85,50.95,50.42,104.69,22.72
17353,146.63,Toco,6.0,2.26,460.04,381.64,627.87,155.55
17354,6.1,3/4,4.0,3.35,38.36,34.41,66.43,1.36
17355,5.38,3/4,4.0,3.91,21.32,42.98,60.04,-3.3
17356,18.4,3/4,4.0,2.04,42.63,36.65,87.53,26.33
17357,433.15,Carreta_Sider,28.0,5.52,653.28,628.32,3136.83,1385.68
17358,5.81,VUC,3.0,2.75,16.57,8.0,51.12,10.03
17359,16.05,VUC,3.0,2.21,45.25,52.46,78.57,7.67
17360,270.31,Carreta_Bau,28.0,20.18,405.29,432.13,2164.87,857.05
17361,54.88,VUC,3.0,2.86,111.32,123.58,186.31,31.36
17362,390.73,Carreta_Sider,28.0,20.16,590.41,587.39,3046.75,1268.17
17363,107.88,3/4,4.0,2.7,281.22,239.66,389.54,87.67
17364,425.62,Carreta_Sider,28.0,21.1,607.26,610.42,3318.48,1402.92
17365,40.42,VUC,3.0,1.68,71.56,81.05,137.04,27.14
17366,93.25,3/4,4.0,1.58,204.77,213.69,318.58,75.2
17367,77.59,VUC,3.0,1.09,196.39,186.1,233.59,52.43
17368,192.53,Truck,14.0,10.74,552.36,583.87,1171.13,314.83
17369,453.19,Carreta_Bau,28.0,9.97,692.56,623.51,3268.41,1415.6
17370,173.99,Truck,14.0,13.18,456.99,520.36,1098.11,294.21
17371,17.36,Truck,14.0,6.9,91.48,102.52,195.32,32.34
17372,430.79,Carreta_Bau,28.0,19.28,580.48,603.72,3240.32,1368.56
17373,41.93,Truck,14.0,2.61,111.78,130.84,254.14,62.91
17374,151.99,Toco,6.0,3.19,372.29,405.32,666.23,158.72
17375,43.22,Toco,6.0,2.94,97.65,118.51,220.7,35.87
17376,36.95,3/4,4.0,3.17,99.45,85.66,168.94,35.53
17377,49.1,3/4,4.0,0.79,144.88,136.54,176.57,32.31
17378,376.95,Carreta_Bau,28.0,13.78,613.1,560.26,2786.34,1182.97
17379,64.96,3/4,4.0,3.52,171.78,154.78,259.18,57.17
17380,62.32,3/4,4.0,2.87,180.86,154.81,245.9,47.96
17381,36.5,VUC,3.0,2.43,80.28,100.82,127.85,23.11
17382,68.16,Truck,14.0,11.18,182.58,210.82,513.08,114.45
17383,426.18,Carreta_Bau,28.0,19.95,488.96,618.17,3223.22,1354.05
17384,30.34,Toco,6.0,2.9,85.56,114.57,160.57,35.08
17385,80.03,VUC,3.0,1.47,179.42,159.65,251.09,48.85
17386,259.15,Carreta_Bau,28.0,5.42,416.59,378.42,1879.44,798.2
17387,91.76,Toco,6.0,1.89,240.04,221.4,402.37,93.73
17388,30.82,3/4,4.0,2.5,83.36,77.81,125.14,25.54
17389,75.41,Toco,6.0,5.46,189.07,189.35,372.69,83.53
17390,78.02,Truck,14.0,9.39,244.79,262.16,549.1,123.61
17391,48.66,VUC,3.0,1.44,115.65,99.12,160.62,33.18
17392,11.99,3/4,4.0,3.43,44.69,38.35,85.82,-1.99
17393,75.54,VUC,3.0,1.59,178.77,172.85,233.15,53.73
17394,198.84,Toco,6.0,2.23,459.46,495.04,830.99,206.35
17395,241.42,Carreta_Sider,28.0,6.11,401.21,387.8,1811.7,775.63
17396,221.05,Carreta_Sider,28.0,23.92,352.58,392.7,1923.19,735.1
17397,41.08,VUC,3.0,2.02,118.03,140.85,141.74,31.56
17398,22.93,VUC,3.0,1.93,66.98,65.51,82.63,9.13
17399,364.05,Carreta_Sider,28.0,21.35,558.97,527.1,2902.43,1198.2
17400,113.94,Truck,14.0,9.3,370.87,356.4,739.15,188.67
17401,61.03,VUC,3.0,1.34,119.79,142.18,189.02,40.99
17402,43.76,VUC,3.0,2.02,75.46,109.98,149.16,32.43
17403,11.97,3/4,4.0,1.08,45.65,40.79,53.53,13.23
17404,93.51,VUC,3.0,1.21,211.11,216.68,272.46,61.76
17405,26.26,Toco,6.0,3.64,86.31,81.41,153.35,31.03
17406,50.5,3/4,4.0,0.84,142.16,131.83,171.7,45.35
17407,112.61,Toco,6.0,5.09,347.09,300.61,519.47,124.36
17408,64.72,VUC,3.0,0.56,135.15,146.42,182.21,46.31
17409,14.47,3/4,4.0,1.87,50.32,43.7,56.93,11.81
17410,71.29,Toco,6.0,3.22,169.47,210.53,332.83,68.81
17411,217.3,Toco,6.0,4.37,486.7,572.89,926.73,244.36
17412,212.71,VUC,3.0,0.84,475.0,475.56,619.75,136.44
17413,62.99,3/4,4.0,3.39,158.78,159.04,251.72,53.53
17414,48.93,3/4,4.0,2.05,140.36,128.12,189.28,41.93
17415,170.25,Truck,14.0,5.09,548.0,503.23,979.49,282.4
17416,399.65,Carreta_Bau,28.0,6.54,562.76,548.79,2845.43,1236.52
17417,52.08,VUC,3.0,2.81,133.52,133.08,175.8,41.7
17418,105.1,Truck,14.0,6.9,293.57,316.07,664.29,173.33
17419,90.89,Toco,6.0,2.84,199.26,250.93,400.7,96.33
17420,86.89,Truck,14.0,4.24,265.31,250.57,525.51,133.23
17421,14.19,VUC,3.0,1.74,62.96,50.14,65.1,9.56
17422,37.56,Truck,14.0,5.91,125.58,149.1,279.98,67.42
17423,51.03,VUC,3.0,0.87,117.98,108.08,144.78,29.35
17424,87.72,Truck,14.0,11.06,293.84,269.77,614.72,147.0
17425,487.8,Carreta_Sider,28.0,25.58,716.61,694.19,3834.45,1628.47
17426,78.31,VUC,3.0,1.35,182.92,167.02,239.47,41.0
17427,416.93,Carreta_Bau,28.0,11.02,637.81,603.38,3027.12,1303.65
17428,39.17,VUC,3.0,1.4,79.67,95.21,129.82,27.74
17429,84.65,3/4,4.0,3.74,211.87,192.64,338.95,75.09
17430,266.26,Carreta_Sider,28.0,18.09,467.26,419.05,2136.04,862.71
17431,460.05,Carreta_Sider,28.0,8.15,614.27,619.58,3372.42,1470.67
17432,357.72,Carreta_Bau,28.0,19.25,552.82,515.34,2740.56,1125.62
17433,337.35,Carreta_Sider,28.0,13.75,518.53,491.87,2586.35,1087.37
17434,38.41,Toco,6.0,0.99,109.81,96.3,176.66,44.95
17435,28.68,3/4,4.0,3.9,78.75,76.17,147.1,23.24
17436,59.5,Toco,6.0,1.49,164.2,150.08,260.52,67.5
17437,36.39,VUC,3.0,1.5,75.61,85.8,110.03,27.06
17438,60.64,VUC,3.0,2.13,147.27,143.24,213.16,33.58
17439,41.28,Truck,14.0,9.07,128.95,149.17,345.62,68.6
17440,228.03,Carreta_Sider,28.0,4.3,382.23,373.7,1688.67,716.98
17441,376.82,Carreta_Bau,28.0,18.67,448.69,511.71,2870.59,1196.65
17442,154.37,VUC,3.0,2.3,313.63,323.33,463.3,102.23
17443,318.08,Carreta_Bau,28.0,24.41,492.92,504.13,2557.3,1019.75
17444,76.41,3/4,4.0,1.23,206.96,215.24,269.77,55.4
17445,90.84,VUC,3.0,0.54,195.92,209.81,278.72,49.49
17446,144.35,Truck,14.0,13.34,431.85,436.43,959.98,253.83
17447,284.19,Carreta_Sider,28.0,20.39,412.88,442.18,2306.58,937.42
17448,28.6,Toco,6.0,3.22,82.6,107.81,170.12,29.6
17449,50.41,3/4,4.0,3.07,149.24,126.86,208.67,48.04
17450,69.92,VUC,3.0,0.85,172.1,152.31,206.12,51.45
17451,18.43,Truck,14.0,13.5,55.62,101.82,276.51,36.86
17452,76.43,VUC,3.0,2.12,152.69,126.88,246.28,48.43
17453,57.05,3/4,4.0,3.58,119.53,143.21,241.96,47.62
17454,17.63,VUC,3.0,1.87,45.08,28.66,73.97,15.32
17455,356.92,Carreta_Bau,28.0,23.26,549.08,537.2,2799.02,1141.69
17456,83.01,3/4,4.0,1.71,203.9,222.98,308.97,75.81
17457,161.09,Toco,6.0,1.58,367.47,420.53,678.19,172.38
17458,189.4,Truck,14.0,6.31,522.35,581.13,1097.22,311.31
17459,42.83,3/4,4.0,3.65,81.82,115.61,182.16,42.24
17460,440.63,Carreta_Sider,28.0,20.81,574.18,659.16,3423.94,1443.38
17461,20.07,VUC,3.0,1.61,44.26,31.85,78.91,13.57
17462,21.78,Truck,14.0,4.9,75.82,89.2,193.96,40.88
17463,75.48,VUC,3.0,1.98,148.95,149.44,239.91,44.62
17464,203.68,Toco,6.0,3.92,455.81,525.21,877.72,219.51
17465,135.61,Truck,14.0,8.42,340.73,401.61,843.8,228.0
17466,89.15,3/4,4.0,3.11,185.89,212.29,341.26,84.15
17467,38.42,3/4,4.0,1.43,110.44,98.15,151.38,14.57
17468,11.17,VUC,3.0,1.75,26.05,50.67,50.08,13.16
17469,235.54,Carreta_Bau,28.0,11.54,381.0,378.93,1788.79,724.54
17470,13.17,3/4,4.0,1.3,27.6,47.62,62.72,10.69
17471,63.56,3/4,4.0,1.73,125.7,157.4,234.62,46.54
17472,492.43,Carreta_Bau,28.0,23.31,658.86,695.41,3734.44,1574.19
17473,37.74,3/4,4.0,0.99,81.27,96.25,141.21,31.93
17474,42.78,3/4,4.0,1.54,113.39,95.42,153.03,38.54
17475,34.67,Toco,6.0,3.62,98.65,118.97,177.55,44.87
17476,46.36,Truck,14.0,6.87,124.83,150.27,341.94,68.68
17477,62.56,Toco,6.0,5.12,171.51,179.09,321.16,74.83
17478,53.24,VUC,3.0,2.44,90.77,133.43,174.48,33.23
17479,18.95,Toco,6.0,4.36,76.62,52.67,134.7,19.48
17480,389.86,Carreta_Sider,28.0,10.92,593.78,556.28,2911.38,1265.3
17481,48.71,VUC,3.0,0.5,103.73,92.06,147.44,34.71
17482,339.56,Carreta_Sider,28.0,11.67,586.56,504.29,2574.99,1087.95
17483,45.92,VUC,3.0,1.98,90.67,122.2,145.84,29.21
17484,452.18,Carreta_Sider,28.0,6.61,623.58,636.53,3300.03,1440.8
17485,53.66,3/4,4.0,3.4,142.18,156.3,229.99,44.07
17486,375.58,Carreta_Sider,28.0,27.68,443.36,575.33,3068.73,1252.59
17487,14.07,3/4,4.0,3.11,49.69,40.41,83.97,14.39
17488,17.97,3/4,4.0,2.01,51.63,46.62,85.82,8.9
17489,52.25,3/4,4.0,3.31,104.36,155.46,214.29,43.86
17490,29.06,3/4,4.0,1.53,73.65,91.37,116.37,22.4
17491,439.74,Carreta_Sider,28.0,26.91,534.81,642.96,3509.64,1466.98
17492,374.29,Carreta_Sider,28.0,12.93,590.36,553.42,2824.9,1211.42
17493,462.31,Carreta_Sider,28.0,20.62,701.2,658.07,3573.19,1525.31
17494,61.24,Truck,14.0,2.33,226.83,158.41,360.63,99.02
17495,360.2,Carreta_Sider,28.0,19.21,448.89,543.33,2831.23,1184.35
17496,207.57,3/4,4.0,1.61,448.88,459.35,719.62,175.48
17497,37.92,VUC,3.0,0.71,79.48,85.04,120.2,18.1
17498,24.09,VUC,3.0,1.56,72.56,44.68,80.84,13.53
17499,112.48,3/4,4.0,0.96,301.67,262.62,391.97,90.22
17500,63.73,VUC,3.0,0.92,160.26,129.2,191.71,44.03
17501,39.85,VUC,3.0,2.73,94.53,96.48,140.47,30.31
17502,139.76,Toco,6.0,1.22,335.15,370.83,597.63,148.13
17503,18.34,Truck,14.0,9.54,60.11,85.6,223.52,30.89
17504,77.6,VUC,3.0,0.6,190.58,150.75,232.85,40.79
17505,43.29,VUC,3.0,2.28,93.62,78.91,158.97,26.11
17506,312.79,Carreta_Bau,28.0,27.47,415.41,466.06,2563.9,997.66
17507,508.0,Carreta_Sider,28.0,14.42,631.05,725.32,3795.31,1653.69
17508,417.77,Carreta_Sider,28.0,27.24,541.79,650.63,3356.8,1403.94
17509,424.56,Carreta_Sider,28.0,19.47,567.89,608.96,3277.41,1390.49
17510,87.27,Truck,14.0,9.19,231.28,258.16,593.95,144.46
17511,21.6,3/4,4.0,1.18,44.73,83.04,88.49,20.11
17512,83.75,VUC,3.0,2.88,180.03,179.79,269.5,49.23
17513,78.25,3/4,4.0,3.53,213.12,190.11,312.65,66.91
17514,377.11,Carreta_Bau,28.0,7.34,449.92,536.97,2702.09,1170.61
17515,478.98,Carreta_Sider,28.0,4.88,670.27,657.3,3454.35,1525.41
17516,13.46,Truck,14.0,6.37,47.86,53.64,170.85,22.15
17517,407.57,Carreta_Bau,28.0,7.99,559.85,569.28,2912.15,1262.89
17518,204.8,Truck,14.0,6.1,633.49,590.41,1184.75,327.96
17519,52.38,Toco,6.0,5.79,151.18,125.93,288.1,61.56
17520,63.49,VUC,3.0,2.65,118.17,131.35,210.52,50.25
17521,49.09,3/4,4.0,2.1,142.75,123.38,195.74,31.49
17522,39.51,Toco,6.0,2.31,105.59,108.54,190.55,31.68
17523,89.89,Toco,6.0,3.85,235.76,247.96,409.55,91.95
17524,67.77,VUC,3.0,2.84,132.97,141.95,211.85,42.2
17525,91.89,Toco,6.0,4.93,255.73,272.24,421.91,99.93
17526,81.01,Toco,6.0,5.33,199.46,221.3,412.0,90.23
17527,307.28,Carreta_Bau,28.0,22.31,376.86,472.25,2447.06,982.37
17528,266.85,Carreta_Bau,28.0,16.19,347.78,410.22,2080.32,841.44
17529,78.36,3/4,4.0,1.08,167.89,185.84,293.43,71.66
17530,70.03,Toco,6.0,5.07,203.72,166.97,344.05,72.63
17531,62.79,VUC,3.0,2.11,144.75,142.07,202.16,45.11
17532,84.7,Toco,6.0,4.84,231.16,256.72,392.24,103.16
17533,59.82,Toco,6.0,4.64,197.23,180.58,297.85,58.37
17534,10.85,3/4,4.0,1.44,32.43,17.1,52.54,-0.66
17535,57.01,VUC,3.0,1.18,139.99,133.6,174.29,37.11
17536,165.29,3/4,4.0,3.51,400.41,390.67,601.89,145.91
17537,13.36,VUC,3.0,1.49,29.55,61.53,60.24,8.71
17538,189.51,Toco,6.0,1.81,533.24,472.38,798.13,191.96
17539,90.39,Truck,14.0,9.75,218.79,313.73,610.1,140.35
17540,62.85,Toco,6.0,2.42,193.75,175.15,286.03,65.05
17541,216.19,3/4,4.0,2.79,468.43,485.22,759.45,186.77
17542,54.56,3/4,4.0,2.61,111.2,115.02,225.85,44.72
17543,168.8,Truck,14.0,9.99,423.12,498.31,1041.58,279.19
17544,187.36,VUC,3.0,2.98,355.59,401.02,566.82,124.01
17545,22.0,Truck,14.0,5.4,92.19,71.33,201.69,40.22
17546,50.93,3/4,4.0,3.92,128.92,139.63,215.15,38.41
17547,35.17,VUC,3.0,2.4,75.96,93.04,130.62,23.29
17548,65.46,Toco,6.0,5.26,149.11,182.53,333.14,79.54
17549,59.0,Toco,6.0,4.99,132.97,154.31,297.37,61.09
17550,49.44,3/4,4.0,0.68,138.15,125.37,171.9,37.82
17551,484.47,Carreta_Bau,28.0,16.19,729.46,693.47,3562.37,1529.33
17552,240.88,Carreta_Sider,28.0,6.72,334.23,374.7,1806.4,764.41
17553,27.0,Toco,6.0,4.33,107.5,62.74,152.97,23.76
17554,51.84,VUC,3.0,0.6,95.95,113.36,160.91,30.79
17555,446.69,Carreta_Sider,28.0,4.99,613.13,617.54,3241.85,1420.9
17556,122.37,Toco,6.0,5.52,357.55,296.13,558.9,139.34
17557,46.01,VUC,3.0,2.79,86.0,113.91,157.08,25.63
17558,81.47,VUC,3.0,2.04,144.61,161.84,258.41,52.72
17559,512.27,Carreta_Bau,28.0,15.15,735.71,678.54,3749.03,1619.32
17560,420.04,Carreta_Sider,28.0,23.92,638.81,629.95,3330.25,1396.82
17561,480.35,Carreta_Sider,28.0,27.15,615.26,713.33,3807.94,1600.58
17562,85.38,Truck,14.0,2.75,214.2,297.43,499.51,137.43
17563,73.09,VUC,3.0,0.71,205.7,140.4,220.49,41.43
17564,33.09,3/4,4.0,3.68,71.65,96.59,153.02,30.08
17565,7.47,VUC,3.0,0.7,27.62,8.05,25.96,12.35
17566,318.51,Carreta_Bau,28.0,21.2,441.71,483.76,2502.97,1022.08
17567,88.21,Truck,14.0,8.69,234.8,272.4,585.95,144.45
17568,364.68,Carreta_Sider,28.0,16.61,509.92,514.36,2816.35,1191.36
17569,248.35,Carreta_Bau,28.0,6.52,311.24,393.21,1806.72,764.37
17570,278.61,Carreta_Sider,28.0,21.54,389.23,448.63,2287.17,913.48
17571,414.07,Carreta_Bau,28.0,18.53,644.02,597.92,3115.24,1311.24
17572,116.24,Toco,6.0,5.64,348.88,289.53,526.98,130.29
17573,94.27,Truck,14.0,7.82,253.61,320.17,606.28,157.55
17574,15.56,Truck,14.0,12.96,94.29,80.85,272.73,25.55
17575,66.39,VUC,3.0,0.92,149.58,153.27,200.63,44.12
17576,110.53,Truck,14.0,4.53,272.4,351.97,660.78,165.27
17577,466.84,Carreta_Sider,28.0,26.79,687.73,677.12,3701.82,1555.82
17578,42.69,3/4,4.0,0.94,84.58,97.76,155.22,32.4
17579,17.52,3/4,4.0,1.4,55.45,69.98,70.47,8.41
17580,94.83,Toco,6.0,1.62,229.66,249.2,402.79,103.45
17581,88.92,Toco,6.0,4.52,268.69,252.74,428.53,104.82
17582,141.75,Toco,6.0,4.88,381.81,367.34,630.74,156.03
17583,93.42,Toco,6.0,5.5,261.16,281.53,457.41,107.88
17584,401.44,Carreta_Bau,28.0,7.69,529.11,562.23,2870.93,1242.48
17585,17.09,VUC,3.0,1.27,43.59,38.82,61.57,21.13
17586,48.77,3/4,4.0,1.68,142.84,128.84,184.31,33.12
17587,85.52,Truck,14.0,13.68,206.74,265.63,646.04,142.54
17588,179.81,Toco,6.0,3.87,492.52,448.96,769.93,199.86
17589,65.44,Truck,14.0,6.12,221.51,227.4,435.77,105.95
17590,43.55,Truck,14.0,5.65,115.66,129.39,303.19,77.36
17591,51.02,VUC,3.0,1.26,132.07,131.52,162.61,22.06
17592,250.64,Carreta_Sider,28.0,21.15,346.45,437.38,2087.61,824.74
17593,219.76,Toco,6.0,3.7,490.74,554.05,940.53,238.04
17594,303.39,Carreta_Bau,28.0,19.04,359.41,466.32,2361.78,962.54
17595,7.51,3/4,4.0,2.2,37.76,21.17,56.01,-1.55
17596,446.33,Carreta_Bau,28.0,4.82,626.12,627.68,3147.03,1373.91
17597,59.65,VUC,3.0,2.2,139.81,117.38,195.63,36.92
17598,467.1,Carreta_Sider,28.0,21.43,552.16,684.62,3629.37,1540.15
17599,82.23,3/4,4.0,1.21,224.21,198.05,294.11,74.14
17600,4.25,VUC,3.0,2.11,23.11,9.89,32.91,3.3
17601,189.37,3/4,4.0,3.58,411.64,427.87,686.22,165.71
17602,238.5,Carreta_Sider,28.0,18.55,393.86,404.26,1964.09,787.43
17603,18.56,Truck,14.0,10.06,67.88,65.37,249.25,36.54
17604,51.14,3/4,4.0,2.98,117.34,137.92,194.1,31.89
17605,450.69,Carreta_Bau,28.0,11.92,521.63,626.11,3267.21,1413.7
17606,133.09,VUC,3.0,0.84,257.38,279.41,388.07,87.86
17607,144.68,Toco,6.0,3.31,452.59,381.27,614.85,155.63
17608,55.05,VUC,3.0,1.04,125.51,113.89,170.61,32.55
17609,35.25,Truck,14.0,10.28,108.69,124.77,327.61,52.5
17610,298.82,Carreta_Bau,28.0,21.22,376.04,454.37,2354.14,943.14
17611,430.81,Carreta_Sider,28.0,4.39,565.78,591.47,3113.82,1374.07
17612,237.79,Carreta_Bau,28.0,26.91,294.54,392.0,2047.69,770.91
17613,124.51,Truck,14.0,13.11,377.57,357.89,853.47,207.28
17614,6.54,3/4,4.0,1.05,20.25,21.92,31.27,9.0
17615,71.67,VUC,3.0,1.67,151.73,135.36,218.52,51.04
17616,506.34,Carreta_Sider,28.0,9.17,781.12,688.66,3718.97,1617.33
17617,26.11,Toco,6.0,5.82,63.69,73.24,164.9,30.26
17618,494.04,Carreta_Sider,28.0,17.67,566.05,703.68,3752.91,1613.94
17619,372.06,Carreta_Sider,28.0,20.86,455.08,544.29,2925.78,1226.54
17620,384.8,Carreta_Bau,28.0,27.47,581.06,548.95,3065.35,1243.66
17621,62.66,3/4,4.0,2.89,137.55,150.34,247.99,57.46
17622,491.82,Carreta_Sider,28.0,24.92,759.53,730.63,3833.47,1624.05
17623,54.88,VUC,3.0,1.06,91.62,101.48,166.77,41.32
17624,43.21,VUC,3.0,1.03,107.14,110.58,137.75,24.72
17625,57.72,VUC,3.0,1.58,115.26,135.87,169.72,36.25
17626,67.25,VUC,3.0,2.7,166.82,180.59,221.77,35.15
17627,368.64,Carreta_Bau,28.0,5.13,509.4,526.64,2619.04,1136.19
17628,430.08,Carreta_Bau,28.0,14.7,543.11,603.74,3154.6,1352.97
17629,56.07,Toco,6.0,5.11,127.96,159.5,294.91,61.48
17630,291.99,Carreta_Bau,28.0,8.42,413.14,437.08,2132.84,902.96
17631,54.73,VUC,3.0,2.02,111.73,135.02,184.77,29.21
17632,191.9,Truck,14.0,2.93,469.12,549.7,1071.9,310.22
17633,448.83,Carreta_Sider,28.0,4.45,543.98,673.15,3239.7,1418.61
17634,43.68,3/4,4.0,1.68,119.18,124.74,159.26,40.74
17635,43.13,Truck,14.0,11.69,125.24,149.47,389.9,80.03
17636,48.68,Truck,14.0,2.59,160.81,155.29,302.1,88.85
17637,45.14,Toco,6.0,2.76,121.77,129.95,224.55,43.29
17638,385.86,Carreta_Bau,28.0,21.54,437.79,559.73,2966.49,1234.15
17639,43.95,Toco,6.0,2.78,135.03,136.3,202.9,44.62
17640,23.14,Truck,14.0,7.8,87.06,96.72,228.55,43.91
17641,69.96,Toco,6.0,3.45,189.11,212.09,316.24,77.96
17642,218.06,Truck,14.0,12.9,666.86,626.39,1347.31,362.12
17643,16.1,3/4,4.0,3.58,49.96,52.61,99.55,9.36
17644,359.89,Carreta_Sider,28.0,5.71,545.54,513.32,2640.13,1145.68
17645,442.01,Carreta_Sider,28.0,20.67,505.47,633.6,3425.94,1450.63
17646,86.69,Truck,14.0,8.56,289.19,262.87,577.15,141.87
17647,60.86,VUC,3.0,1.35,148.33,148.37,185.88,38.89
17648,8.45,VUC,3.0,1.71,16.3,21.31,42.99,2.65
17649,63.97,3/4,4.0,3.59,115.53,179.05,252.95,52.06
17650,209.9,3/4,4.0,3.23,475.79,503.49,751.36,183.59
17651,421.46,Carreta_Bau,28.0,17.72,667.61,606.95,3151.44,1337.77
17652,36.9,VUC,3.0,0.9,118.56,72.1,115.78,19.23
17653,88.61,Truck,14.0,9.46,256.03,296.56,599.32,145.41
17654,89.18,Truck,14.0,8.03,298.16,270.56,583.17,141.43
17655,80.98,VUC,3.0,1.59,185.3,174.26,240.76,64.84
17656,125.75,Toco,6.0,5.71,264.57,337.73,573.13,134.87
17657,360.6,Carreta_Sider,28.0,27.82,601.55,541.21,2978.83,1204.87
17658,519.55,Carreta_Sider,28.0,26.84,655.75,757.01,4075.06,1732.93
17659,55.67,VUC,3.0,2.33,112.7,138.78,182.69,32.8
17660,87.65,Toco,6.0,3.95,243.94,277.17,399.47,91.37
17661,63.13,3/4,4.0,1.69,177.4,160.37,240.06,51.68
17662,463.21,Carreta_Bau,28.0,26.74,581.66,654.2,3574.65,1489.42
17663,467.15,Carreta_Sider,28.0,15.04,698.13,691.53,3509.32,1519.89
17664,384.15,Carreta_Bau,28.0,9.0,422.53,518.34,2775.88,1190.01
17665,83.64,VUC,3.0,0.73,192.68,187.03,242.02,53.35
17666,18.56,VUC,3.0,2.58,48.57,49.86,73.58,1.78
17667,291.0,Carreta_Sider,28.0,12.01,445.01,469.47,2227.66,936.21
17668,86.28,Toco,6.0,4.81,208.63,276.51,411.38,92.85
17669,382.82,Carreta_Bau,28.0,19.13,562.64,544.78,2909.8,1220.47
17670,64.2,3/4,4.0,1.56,155.95,174.65,227.85,44.64
17671,231.51,Carreta_Bau,28.0,24.45,381.32,406.22,1959.59,748.18
17672,31.6,VUC,3.0,2.6,80.84,96.92,113.94,23.91
17673,329.93,Carreta_Bau,28.0,8.29,501.76,484.8,2381.16,1015.23
17674,94.8,VUC,3.0,0.76,226.71,216.75,271.63,62.36
17675,66.51,3/4,4.0,2.64,154.19,151.09,253.91,52.05
17676,86.67,3/4,4.0,1.39,208.81,233.07,302.66,75.41
17677,4.51,VUC,3.0,1.3,11.86,8.0,28.78,6.02
17678,324.36,Carreta_Bau,28.0,26.49,524.24,482.48,2632.19,1049.42
17679,326.09,Carreta_Bau,28.0,8.38,514.44,473.09,2362.6,1009.58
17680,270.09,Carreta_Sider,28.0,15.4,351.73,423.36,2153.74,882.27
17681,244.94,Carreta_Sider,28.0,11.22,415.55,403.12,1900.68,797.81
17682,235.4,Carreta_Bau,28.0,12.48,360.83,372.66,1801.25,735.71
17683,54.26,3/4,4.0,1.86,126.25,124.45,195.45,44.91
17684,190.51,3/4,4.0,1.48,376.51,423.12,654.29,163.24
17685,68.84,Toco,6.0,4.79,196.53,206.9,336.19,61.51
17686,281.38,Carreta_Sider,28.0,23.52,436.91,461.75,2344.72,926.11
17687,5.25,VUC,3.0,1.83,48.01,8.0,31.87,8.41
17688,145.04,Toco,6.0,5.49,371.1,386.53,657.97,161.42
17689,73.39,Toco,6.0,1.6,196.73,194.29,319.6,77.22
17690,63.28,Toco,6.0,3.48,157.25,153.4,305.78,64.05
17691,29.0,Truck,14.0,11.96,81.83,96.06,327.0,48.3
17692,66.69,Toco,6.0,4.07,178.66,198.58,322.47,70.22
17693,15.91,3/4,4.0,3.95,52.51,72.09,104.53,5.08
17694,78.99,VUC,3.0,1.97,139.53,185.02,254.71,57.42
17695,82.83,VUC,3.0,2.9,201.26,173.52,272.23,50.86
17696,48.18,VUC,3.0,0.7,104.31,118.33,148.51,28.93
17697,50.18,3/4,4.0,0.74,113.64,133.67,181.78,32.69
17698,478.17,Carreta_Bau,28.0,12.69,672.41,621.49,3478.85,1495.4
17699,40.59,Truck,14.0,12.11,106.22,153.97,385.02,72.49
17700,35.43,VUC,3.0,0.58,77.55,87.62,114.01,26.88
17701,83.43,3/4,4.0,1.46,203.01,233.91,293.23,70.04
17702,31.74,Truck,14.0,13.82,103.73,150.93,371.25,50.0
17703,40.66,VUC,3.0,2.08,110.61,95.58,142.29,26.39
17704,124.62,Truck,14.0,6.78,340.03,380.15,758.77,205.15
17705,31.29,VUC,3.0,0.65,89.34,78.21,97.65,12.17
17706,63.76,VUC,3.0,2.38,154.14,137.72,207.09,42.67
17707,78.09,VUC,3.0,2.81,185.85,154.9,254.23,54.97
17708,18.95,3/4,4.0,3.12,55.19,49.86,101.3,15.96
17709,27.18,3/4,4.0,1.0,64.96,69.53,103.27,22.52
17710,450.9,Carreta_Bau,28.0,16.86,691.58,646.58,3332.27,1421.3
17711,13.47,3/4,4.0,1.97,34.01,49.13,80.2,12.86
17712,197.53,3/4,4.0,3.67,475.72,448.22,706.37,178.93
17713,18.58,VUC,3.0,2.39,59.71,41.34,81.62,19.1
17714,41.03,3/4,4.0,3.33,121.07,114.58,176.04,32.45
17715,74.6,VUC,3.0,1.51,149.21,161.44,235.92,45.78
17716,53.29,3/4,4.0,0.68,138.51,118.91,189.29,50.97
17717,8.85,VUC,3.0,2.39,27.2,18.69,50.1,8.72
17718,457.62,Carreta_Sider,28.0,19.27,718.81,681.83,3514.9,1503.9
17719,401.11,Carreta_Bau,28.0,7.57,601.43,560.74,2877.91,1234.19
17720,60.88,Toco,6.0,4.76,169.19,186.15,306.51,71.54
17721,76.37,3/4,4.0,1.11,190.8,160.45,270.2,62.26
17722,486.41,Carreta_Sider,28.0,21.8,598.58,710.73,3755.56,1604.93
17723,39.81,VUC,3.0,2.27,79.04,105.98,136.94,22.28
17724,26.3,3/4,4.0,0.63,85.45,86.18,105.13,30.02
17725,464.85,Carreta_Bau,28.0,22.64,614.14,630.44,3520.54,1481.7
17726,73.52,3/4,4.0,1.99,212.04,179.92,274.4,71.85
17727,6.18,Toco,6.0,3.48,16.53,24.14,72.79,6.86
17728,78.22,Truck,14.0,13.58,233.13,235.64,608.09,129.94
17729,77.19,VUC,3.0,2.8,192.13,145.81,250.28,46.12
17730,84.81,3/4,4.0,1.9,235.32,189.39,297.26,68.91
17731,392.96,Carreta_Bau,28.0,21.09,506.74,552.15,3014.3,1251.68
17732,12.14,VUC,3.0,1.76,26.26,48.97,44.27,8.47
17733,13.81,Toco,6.0,5.09,73.48,47.21,119.74,17.94
17734,83.42,VUC,3.0,1.27,216.85,181.57,253.02,51.99
17735,159.46,VUC,3.0,1.65,321.8,356.71,478.32,104.82
17736,47.25,3/4,4.0,0.98,120.0,121.43,165.77,45.23
17737,328.34,Carreta_Sider,28.0,26.25,417.34,503.17,2707.92,1097.74
17738,39.7,Toco,6.0,5.49,140.86,122.37,232.01,47.11
17739,56.17,VUC,3.0,1.15,114.68,116.83,172.71,38.13
17740,9.33,Toco,6.0,3.87,32.35,19.07,72.47,4.87
17741,62.58,VUC,3.0,1.41,124.67,146.35,194.68,40.94
17742,90.0,Truck,14.0,3.95,213.15,284.13,552.01,139.18
17743,239.43,Carreta_Bau,28.0,5.27,415.82,371.67,1736.14,743.59
17744,471.45,Carreta_Bau,28.0,23.78,639.97,659.99,3581.86,1512.64
17745,465.7,Carreta_Sider,28.0,11.08,670.87,651.46,3456.33,1507.43
17746,65.49,Truck,14.0,8.23,195.74,232.62,470.23,113.0
17747,46.27,Toco,6.0,5.5,121.3,139.81,244.05,53.46
17748,228.47,Carreta_Sider,28.0,4.67,309.86,369.3,1693.86,723.5
17749,91.44,Truck,14.0,8.61,227.55,297.05,616.23,138.59
17750,380.47,Carreta_Sider,28.0,26.94,514.92,590.41,3082.7,1270.38
17751,238.77,Carreta_Sider,28.0,23.46,381.71,410.21,2036.62,789.1
17752,66.65,VUC,3.0,1.01,149.42,162.73,200.9,46.16
17753,383.23,Carreta_Bau,28.0,8.98,496.98,551.16,2763.52,1194.83
17754,355.9,Carreta_Sider,28.0,22.35,620.38,541.54,2855.79,1177.77
17755,9.18,VUC,3.0,0.65,27.67,45.05,43.04,7.0
17756,312.15,Carreta_Sider,28.0,18.46,439.23,471.45,2476.68,1013.87
17757,64.97,3/4,4.0,1.4,144.41,146.69,228.55,60.71
17758,9.43,3/4,4.0,3.45,33.59,45.31,80.18,1.85
17759,31.96,VUC,3.0,1.42,89.23,68.86,112.59,17.14
17760,60.03,Truck,14.0,7.04,215.12,206.11,418.74,96.06
17761,23.62,Toco,6.0,4.95,43.34,83.13,160.9,26.12
17762,468.32,Carreta_Sider,28.0,6.3,531.36,684.61,3411.44,1493.53
17763,7.48,Truck,14.0,9.25,56.56,36.9,161.6,9.51
17764,60.23,VUC,3.0,2.9,124.53,150.49,200.46,43.52
17765,199.57,Toco,6.0,4.22,540.97,503.11,860.31,211.73
17766,30.01,3/4,4.0,0.88,102.13,86.2,100.3,22.86
17767,433.92,Carreta_Bau,28.0,25.82,497.63,631.41,3362.54,1386.2
17768,52.5,VUC,3.0,0.78,94.08,125.58,154.61,27.9
17769,388.04,Carreta_Sider,28.0,12.98,592.15,574.91,2933.86,1248.51
17770,214.54,Toco,6.0,1.83,574.2,550.66,886.1,233.06
17771,27.76,VUC,3.0,2.29,48.2,67.05,107.7,18.93
17772,66.47,VUC,3.0,1.13,159.44,160.91,204.42,38.1
17773,85.51,Toco,6.0,2.23,240.52,241.69,374.53,75.79
17774,274.22,Carreta_Sider,28.0,14.04,322.64,430.03,2148.68,882.15
17775,124.33,Truck,14.0,5.5,295.09,360.95,746.89,195.58
17776,11.88,VUC,3.0,2.45,45.08,41.83,59.88,5.92
17777,75.56,3/4,4.0,2.39,193.56,187.28,281.51,67.97
17778,348.97,Carreta_Sider,28.0,17.43,481.59,504.34,2718.29,1133.12
17779,18.2,VUC,3.0,0.86,33.25,53.0,58.28,4.72
17780,472.35,Carreta_Sider,28.0,25.94,530.0,671.52,3734.66,1562.23
17781,145.07,Truck,14.0,6.25,350.24,403.43,862.24,235.36
17782,33.98,VUC,3.0,1.41,72.63,88.01,113.14,10.82
17783,36.52,3/4,4.0,1.42,105.82,80.0,139.56,21.76
17784,22.77,Toco,6.0,5.8,66.42,96.38,166.31,27.65
17785,10.85,Toco,6.0,4.0,33.84,58.48,89.77,19.47
17786,151.1,3/4,4.0,0.81,415.11,354.33,514.95,125.73
17787,296.69,Carreta_Bau,28.0,8.78,365.28,463.14,2176.8,920.36
17788,214.52,Truck,14.0,7.82,538.56,638.36,1246.01,361.19
17789,73.93,3/4,4.0,1.24,180.8,167.34,264.77,59.14
17790,76.22,VUC,3.0,1.99,133.25,183.69,234.4,46.55
17791,212.69,Truck,14.0,5.76,579.0,608.2,1206.0,341.66
17792,94.71,Truck,14.0,6.26,290.67,303.14,593.73,161.16
17793,89.05,VUC,3.0,2.46,179.64,190.3,273.97,60.62
17794,43.55,3/4,4.0,2.38,99.95,95.59,165.27,39.63
17795,366.43,Carreta_Sider,28.0,6.89,552.66,541.94,2713.43,1172.93
17796,269.36,Carreta_Sider,28.0,13.05,369.02,421.1,2100.58,869.93
17797,16.14,3/4,4.0,3.65,49.89,68.56,100.43,12.34
17798,453.98,Carreta_Sider,28.0,24.34,704.59,677.34,3569.17,1499.8
17799,4.97,VUC,3.0,2.39,15.76,8.0,33.3,1.25
17800,52.37,VUC,3.0,2.6,135.49,121.08,177.43,35.57
17801,82.31,Truck,14.0,3.19,216.1,262.14,487.82,130.85
17802,277.29,Carreta_Sider,28.0,7.11,340.29,432.74,2058.5,890.82
17803,28.38,VUC,3.0,0.5,57.85,72.46,100.11,19.08
17804,22.1,VUC,3.0,0.77,72.3,61.49,72.45,14.86
17805,43.94,VUC,3.0,2.55,112.35,81.34,148.51,24.29
17806,356.49,Carreta_Bau,28.0,5.1,454.16,531.22,2533.11,1093.04
17807,264.1,Carreta_Bau,28.0,15.27,428.75,422.46,2030.48,826.23
17808,85.31,Truck,14.0,5.04,296.17,253.89,522.42,143.14
17809,203.81,Toco,6.0,5.15,588.14,510.78,898.89,216.39
17810,45.1,Truck,14.0,11.65,182.24,169.98,398.52,75.77
17811,69.77,3/4,4.0,3.2,144.24,175.78,271.0,60.91
17812,46.09,Truck,14.0,6.6,136.96,160.52,339.21,71.46
17813,295.32,Carreta_Bau,28.0,26.23,396.68,470.11,2420.76,951.17
17814,37.94,Toco,6.0,5.47,110.85,118.37,217.65,42.87
17815,44.12,Toco,6.0,4.22,142.79,102.87,245.45,42.51
17816,73.92,VUC,3.0,2.01,194.15,159.07,228.58,43.73
17817,72.65,VUC,3.0,1.31,155.02,169.52,216.59,45.55
17818,401.2,Carreta_Sider,28.0,21.71,601.03,602.54,3159.45,1322.06
17819,499.94,Carreta_Sider,28.0,26.54,755.4,709.42,3920.12,1657.26
17820,43.29,Toco,6.0,2.51,116.52,125.22,213.96,46.61
17821,112.92,Toco,6.0,2.36,307.44,312.48,486.34,121.57
17822,28.35,Truck,14.0,5.24,104.77,124.51,227.11,50.38
17823,16.66,Toco,6.0,5.91,49.67,68.09,142.47,18.0
17824,4.12,Truck,14.0,8.53,31.86,53.1,137.34,4.31
17825,321.03,Carreta_Sider,28.0,27.23,511.96,510.79,2684.16,1073.67
17826,14.31,3/4,4.0,2.7,46.5,58.46,83.8,17.36
17827,365.29,Carreta_Bau,28.0,11.18,550.82,524.91,2677.09,1133.48
17828,18.98,3/4,4.0,2.59,60.68,50.43,84.13,13.12
17829,131.43,Toco,6.0,1.69,335.86,366.94,553.07,129.33
17830,66.78,3/4,4.0,2.12,137.97,189.8,248.16,51.26
17831,447.4,Carreta_Bau,28.0,14.74,558.49,623.79,3298.57,1414.66
17832,212.28,3/4,4.0,2.56,435.03,493.51,732.0,174.94
17833,78.43,3/4,4.0,1.92,168.37,192.72,281.59,68.04
17834,466.84,Carreta_Sider,28.0,15.03,708.74,663.83,3525.08,1519.51
17835,71.06,VUC,3.0,2.68,186.46,160.82,226.58,43.05
17836,69.81,VUC,3.0,0.91,148.58,172.04,206.06,41.34
17837,94.48,3/4,4.0,3.74,206.73,212.47,371.13,88.33
17838,329.86,Carreta_Bau,28.0,17.02,431.19,482.3,2518.24,1047.03
17839,159.63,VUC,3.0,2.05,331.54,353.62,483.68,113.76
17840,91.6,3/4,4.0,0.95,239.02,221.49,324.57,62.95
17841,409.17,Carreta_Bau,28.0,7.66,463.76,590.02,2926.94,1270.67
17842,28.47,VUC,3.0,2.32,79.75,73.42,107.86,6.09
17843,17.2,VUC,3.0,2.75,65.6,54.65,85.74,10.59
17844,17.95,VUC,3.0,1.77,53.89,47.57,65.79,9.94
17845,85.5,Toco,6.0,1.75,229.18,248.05,381.22,85.13
17846,13.31,3/4,4.0,3.31,52.65,59.62,79.79,7.95
17847,34.95,3/4,4.0,3.72,120.55,80.03,167.24,28.28
17848,52.26,3/4,4.0,2.88,154.45,142.26,212.05,46.4
17849,59.82,Toco,6.0,1.83,165.75,180.78,263.24,57.74
17850,161.82,Truck,14.0,7.01,422.87,477.66,966.18,259.18
17851,58.21,3/4,4.0,3.8,116.79,157.3,240.29,52.56
17852,401.16,Carreta_Bau,28.0,8.76,494.07,582.59,2874.58,1249.61
17853,75.56,3/4,4.0,1.18,193.97,182.64,267.84,75.71
17854,56.02,3/4,4.0,2.99,147.37,146.83,214.5,48.34
17855,81.45,VUC,3.0,1.83,215.97,174.03,256.21,55.02
17856,438.48,Carreta_Bau,28.0,9.07,602.56,615.14,3144.98,1361.74
17857,11.7,3/4,4.0,2.7,32.84,30.24,76.54,16.5
17858,82.17,Toco,6.0,5.68,196.7,233.74,398.41,86.02
17859,339.6,Carreta_Sider,28.0,24.55,485.97,546.54,2758.03,1125.18
17860,210.21,Truck,14.0,2.18,649.4,596.13,1155.96,335.99
17861,57.69,VUC,3.0,2.69,107.89,151.51,207.82,39.64
17862,24.29,Toco,6.0,4.1,89.66,81.01,168.63,30.73
17863,92.97,Toco,6.0,2.26,243.36,239.25,418.75,98.31
17864,89.52,VUC,3.0,0.69,170.14,193.96,254.42,60.23
17865,280.87,Carreta_Sider,28.0,27.31,384.65,460.03,2387.41,928.95
17866,80.96,VUC,3.0,0.52,207.01,173.77,231.57,51.48
17867,86.96,Toco,6.0,1.84,200.07,249.23,381.86,83.05
17868,38.77,3/4,4.0,2.88,92.42,100.27,177.27,31.54
17869,24.73,Toco,6.0,4.77,78.1,87.71,164.79,39.21
17870,319.41,Carreta_Sider,28.0,10.55,488.25,514.96,2415.77,1029.72
17871,20.64,Toco,6.0,4.66,68.88,70.74,134.98,19.8
17872,83.51,3/4,4.0,3.2,186.49,196.89,315.29,73.84
17873,79.22,3/4,4.0,3.33,167.74,188.97,304.87,67.47
17874,93.27,Truck,14.0,11.07,229.71,307.83,657.19,148.23
17875,81.19,VUC,3.0,0.53,212.57,178.43,235.99,41.15
17876,61.55,3/4,4.0,3.63,172.4,158.92,251.24,52.66
17877,377.96,Carreta_Bau,28.0,17.59,598.39,538.02,2855.68,1194.76
17878,364.42,Carreta_Sider,28.0,14.46,539.48,538.4,2788.3,1181.72
17879,265.18,Carreta_Sider,28.0,4.78,359.11,428.95,1953.32,847.59
17880,417.22,Carreta_Bau,28.0,18.26,640.68,573.25,3133.71,1328.77
17881,16.95,3/4,4.0,1.15,56.57,29.31,71.14,17.36
17882,19.0,VUC,3.0,1.85,67.13,45.97,70.06,10.14
17883,47.11,VUC,3.0,0.93,106.02,104.33,151.58,30.02
17884,422.85,Carreta_Bau,28.0,20.57,572.57,599.05,3216.95,1351.71
17885,73.87,Truck,14.0,3.16,195.3,226.98,445.73,122.35
17886,19.77,VUC,3.0,1.98,59.15,54.74,78.44,15.29
17887,87.31,Truck,14.0,9.76,310.45,268.19,606.3,140.96
17888,66.22,Truck,14.0,6.8,244.77,231.4,450.04,112.86
17889,390.94,Carreta_Sider,28.0,26.03,470.9,599.08,3159.3,1306.88
17890,210.67,Toco,6.0,3.59,564.25,535.79,898.37,233.24
17891,32.42,VUC,3.0,2.36,79.46,93.51,122.77,35.77
17892,294.49,Carreta_Bau,28.0,14.78,397.14,412.12,2251.69,930.39
17893,84.6,VUC,3.0,2.47,176.57,192.53,277.14,60.78
17894,58.48,3/4,4.0,3.65,160.16,160.2,237.56,53.78
17895,70.72,3/4,4.0,2.0,139.29,166.11,267.8,59.08
17896,278.92,Carreta_Bau,28.0,27.22,412.41,452.94,2318.45,894.45
17897,39.08,3/4,4.0,1.12,105.75,94.28,144.3,28.74
17898,39.81,VUC,3.0,2.61,93.66,100.79,148.25,22.18
17899,442.14,Carreta_Bau,28.0,16.71,633.89,602.06,3290.29,1390.77
17900,5.15,3/4,4.0,1.07,30.74,40.41,26.56,2.86
17901,52.95,Toco,6.0,4.09,119.41,151.5,264.71,57.89
17902,438.48,Carreta_Sider,28.0,7.33,585.69,625.41,3210.31,1408.86
17903,463.08,Carreta_Bau,28.0,25.32,575.59,653.86,3555.96,1483.0
17904,193.25,Truck,14.0,11.81,470.8,585.81,1188.86,325.25
17905,413.09,Carreta_Bau,28.0,19.77,546.59,594.08,3130.84,1314.64
17906,73.23,VUC,3.0,1.04,181.16,176.64,213.06,48.23
17907,92.16,Truck,14.0,13.56,273.75,283.9,688.37,153.59
17908,464.92,Carreta_Sider,28.0,24.51,731.75,680.83,3658.1,1551.88
17909,85.19,Truck,14.0,10.61,239.67,290.95,597.64,136.79
17910,11.92,3/4,4.0,1.84,44.11,65.98,53.82,7.25
17911,165.76,Truck,14.0,7.86,433.57,454.25,995.13,271.31
17912,93.23,Toco,6.0,2.62,229.0,251.17,407.43,102.43
17913,17.6,VUC,3.0,2.62,53.21,29.88,78.28,12.61
17914,111.97,Truck,14.0,5.78,281.69,333.08,681.05,181.05
17915,139.84,Truck,14.0,4.94,359.29,407.54,812.96,228.26
17916,352.64,Carreta_Bau,28.0,9.3,416.9,517.69,2571.82,1099.99
17917,274.2,Carreta_Bau,28.0,13.75,387.47,421.87,2082.27,860.76
17918,7.74,VUC,3.0,2.04,10.65,19.5,51.19,14.18
17919,177.9,Truck,14.0,12.0,495.64,535.54,1111.55,297.75
17920,72.15,VUC,3.0,2.81,186.39,147.98,237.67,45.87
17921,319.53,Carreta_Bau,28.0,6.11,408.88,457.16,2294.84,993.54
17922,86.44,Truck,14.0,2.66,297.02,259.42,507.02,127.99
17923,428.85,Carreta_Bau,28.0,12.83,653.14,597.81,3130.88,1338.33
17924,90.43,Truck,14.0,11.74,299.92,287.12,642.49,149.05
17925,458.72,Carreta_Sider,28.0,25.8,686.98,669.8,3623.43,1518.96
17926,79.07,VUC,3.0,0.88,155.26,166.54,232.05,53.9
17927,22.65,Toco,6.0,2.36,71.77,79.03,124.21,28.19
17928,18.01,Truck,14.0,12.83,65.78,85.59,285.67,38.18
17929,9.37,VUC,3.0,1.92,33.68,33.12,50.79,3.14
17930,414.48,Carreta_Sider,28.0,13.9,538.71,579.1,3136.3,1347.34
17931,56.96,VUC,3.0,1.07,126.36,136.22,182.31,42.47
17932,48.34,Truck,14.0,3.44,144.29,167.44,308.38,78.32
17933,13.94,VUC,3.0,0.73,39.7,51.85,37.67,13.7
17934,46.3,VUC,3.0,2.17,117.61,110.71,156.44,29.45
17935,471.34,Carreta_Sider,28.0,21.35,665.08,691.05,3650.73,1559.22
17936,55.63,3/4,4.0,1.84,141.69,146.66,221.57,43.07
17937,69.79,VUC,3.0,2.0,156.21,150.77,215.14,37.24
17938,41.69,3/4,4.0,1.13,116.46,107.53,161.59,32.87
17939,32.97,Truck,14.0,2.35,130.63,107.38,218.29,52.18
17940,351.78,Carreta_Bau,28.0,6.58,523.09,491.17,2516.36,1090.25
17941,64.58,3/4,4.0,0.96,170.23,168.87,222.65,55.97
17942,66.26,3/4,4.0,3.95,137.96,161.55,264.43,54.01
17943,450.76,Carreta_Bau,28.0,9.82,587.84,631.74,3244.02,1398.76
17944,28.61,VUC,3.0,0.79,65.96,97.33,99.72,26.15
17945,5.8,VUC,3.0,2.48,19.94,40.31,26.73,3.09
17946,90.06,Truck,14.0,6.46,238.68,264.2,575.29,143.86
17947,272.3,Carreta_Bau,28.0,9.11,416.93,408.19,2004.39,848.32
17948,72.73,Truck,14.0,4.72,187.25,235.88,454.12,112.39
17949,22.3,Truck,14.0,3.75,76.62,92.69,178.38,32.23
17950,457.3,Carreta_Bau,28.0,6.1,553.96,644.42,3248.0,1416.96
17951,475.72,Carreta_Sider,28.0,20.39,559.91,674.88,3656.59,1558.92
17952,55.48,Toco,6.0,3.14,182.07,138.56,263.26,53.44
17953,386.72,Carreta_Bau,28.0,7.73,595.94,533.28,2763.09,1197.26
17954,58.14,VUC,3.0,2.47,123.94,149.61,196.34,39.12
17955,278.19,Carreta_Sider,28.0,4.66,380.28,432.14,2041.65,891.92
17956,214.71,3/4,4.0,2.06,471.69,504.79,754.04,183.21
17957,15.46,Toco,6.0,1.55,55.61,52.24,86.53,19.07
17958,21.44,VUC,3.0,0.52,49.43,46.13,67.02,8.32
17959,91.06,Toco,6.0,3.71,261.66,253.12,412.89,100.09
17960,233.2,Carreta_Sider,28.0,7.9,401.71,361.31,1772.99,741.42
17961,50.23,3/4,4.0,0.83,118.19,133.96,184.62,46.28
17962,21.42,3/4,4.0,2.23,53.03,86.87,90.54,18.72
17963,151.25,Toco,6.0,5.2,367.21,361.06,675.7,166.81
17964,115.04,Truck,14.0,7.88,353.94,335.37,724.24,190.43
17965,76.58,3/4,4.0,0.87,186.43,185.31,270.16,61.16
17966,271.13,Carreta_Bau,28.0,11.44,456.43,410.66,2040.88,844.79
17967,46.82,3/4,4.0,2.12,130.0,118.67,172.75,34.86
17968,113.13,Toco,6.0,2.33,301.09,327.79,494.37,130.46
17969,62.1,Toco,6.0,2.62,172.71,162.89,287.11,65.77
17970,31.07,Truck,14.0,8.05,85.82,112.26,274.05,49.2
17971,469.25,Carreta_Bau,28.0,26.63,611.74,649.17,3624.94,1516.35
17972,9.27,VUC,3.0,2.5,26.89,13.09,52.06,6.09
17973,19.01,VUC,3.0,0.97,55.39,57.74,54.36,0.41
17974,92.55,Toco,6.0,4.9,233.67,225.83,412.87,112.05
17975,371.23,Carreta_Sider,28.0,13.59,487.57,530.48,2815.12,1201.03
17976,453.56,Carreta_Sider,28.0,23.61,642.18,658.28,3551.52,1496.8
17977,283.88,Carreta_Sider,28.0,18.89,492.89,459.91,2286.98,929.61
17978,190.18,Truck,14.0,10.18,539.95,547.47,1161.4,311.01
17979,218.37,Toco,6.0,2.75,579.39,544.51,917.43,233.11
17980,60.75,3/4,4.0,3.02,171.91,129.06,229.65,52.65
17981,79.63,VUC,3.0,1.89,190.0,183.56,245.9,41.94
17982,458.26,Carreta_Sider,28.0,18.92,689.93,657.98,3514.28,1505.72
17983,146.8,3/4,4.0,2.46,388.54,342.66,532.01,129.59
17984,391.76,Carreta_Bau,28.0,5.53,527.58,531.44,2782.93,1200.58
17985,190.92,Truck,14.0,7.74,481.1,570.53,1117.58,313.94
17986,5.96,VUC,3.0,0.58,16.5,17.5,25.0,-0.54
17987,245.1,Carreta_Bau,28.0,8.21,327.8,396.2,1814.16,758.52
17988,96.29,Toco,6.0,3.33,254.94,247.06,431.51,106.23
17989,298.61,Carreta_Bau,28.0,13.87,469.37,455.88,2244.83,942.16
17990,149.55,3/4,4.0,0.76,353.88,336.83,517.51,125.68
17991,73.66,VUC,3.0,0.8,164.34,176.89,222.62,39.45
17992,460.35,Carreta_Sider,28.0,15.27,678.57,638.77,3474.81,1497.87
17993,48.13,VUC,3.0,2.92,119.03,116.87,164.83,34.03
17994,136.53,Toco,6.0,3.38,295.36,337.78,601.52,144.34
17995,64.54,3/4,4.0,3.23,132.64,154.54,242.15,51.26
17996,36.6,Truck,14.0,7.37,128.88,138.74,287.74,59.3
17997,60.5,Toco,6.0,1.88,191.57,151.42,265.32,67.59
17998,7.24,3/4,4.0,0.67,34.91,37.98,36.58,3.16
17999,8.15,VUC,3.0,1.41,16.54,40.11,30.73,6.4
18000,201.41,Truck,14.0,13.04,658.8,565.89,1254.43,329.71
18001,76.69,3/4,4.0,1.7,200.75,192.95,275.34,65.84
18002,101.29,Toco,6.0,2.78,278.18,283.8,447.5,100.2
18003,15.33,3/4,4.0,2.96,47.5,40.58,84.16,14.68
18004,5.27,Toco,6.0,4.66,19.99,22.37,76.96,10.2
18005,516.97,Carreta_Sider,28.0,18.68,766.63,703.71,3921.37,1692.81
18006,367.61,Carreta_Bau,28.0,12.25,581.82,515.41,2711.83,1153.43
18007,87.03,Toco,6.0,5.72,227.57,249.95,427.42,97.84
18008,368.52,Carreta_Bau,28.0,12.59,584.08,524.45,2719.89,1147.42
18009,315.52,Carreta_Bau,28.0,11.15,409.87,474.78,2327.33,979.42
18010,28.16,3/4,4.0,3.47,80.06,71.22,131.55,22.48
18011,463.92,Carreta_Sider,28.0,26.46,765.65,671.88,3676.35,1543.46
18012,156.28,Toco,6.0,5.78,440.84,422.84,700.54,169.67
18013,431.96,Carreta_Bau,28.0,16.89,528.67,626.96,3207.28,1359.06
18014,57.0,3/4,4.0,3.56,152.64,146.2,234.44,34.95
18015,80.34,VUC,3.0,0.92,147.92,174.29,231.94,59.1
18016,71.88,Toco,6.0,5.43,191.57,187.23,356.74,88.1
18017,438.03,Carreta_Bau,28.0,22.24,530.31,632.71,3342.35,1395.44
18018,110.35,Truck,14.0,6.85,369.78,332.63,686.52,172.27
18019,8.24,Toco,6.0,2.15,36.75,57.7,54.56,16.11
18020,151.39,Toco,6.0,4.77,324.22,368.94,674.95,155.94
18021,55.05,VUC,3.0,1.55,138.66,119.74,170.81,40.33
18022,53.3,Truck,14.0,13.75,148.46,180.89,481.32,92.36
18023,327.54,Carreta_Sider,28.0,24.54,555.25,517.26,2684.58,1084.26
18024,35.86,VUC,3.0,2.47,109.72,69.04,127.74,30.3
18025,72.57,VUC,3.0,1.3,179.79,159.62,217.19,42.86
18026,91.72,Toco,6.0,4.53,208.37,259.72,421.74,104.87
18027,17.39,Toco,6.0,4.76,40.2,68.59,145.89,17.88
18028,133.33,Truck,14.0,6.97,404.38,402.99,795.2,210.87
18029,215.01,Truck,14.0,3.23,615.35,610.59,1189.1,354.63
18030,17.22,3/4,4.0,3.1,68.84,52.32,101.08,11.23
18031,70.86,VUC,3.0,1.2,187.45,143.6,221.95,42.84
18032,45.35,VUC,3.0,0.79,79.53,119.56,141.82,32.63
18033,76.36,VUC,3.0,0.56,184.2,174.73,212.79,54.07
18034,16.84,VUC,3.0,1.28,36.65,49.05,66.54,4.11
18035,7.63,3/4,4.0,2.33,23.75,35.95,46.68,13.68
18036,266.56,Carreta_Bau,28.0,5.11,401.44,422.44,1915.77,821.88
18037,67.51,VUC,3.0,1.89,154.3,179.83,216.47,43.0
18038,94.52,Toco,6.0,5.47,222.5,254.95,453.59,103.84
18039,12.63,3/4,4.0,2.63,35.12,45.95,68.93,10.68
18040,161.82,Toco,6.0,3.58,454.12,422.56,708.07,168.2
18041,82.65,3/4,4.0,1.39,209.18,219.64,299.57,71.22
18042,39.06,Toco,6.0,3.14,116.68,126.73,191.14,43.32
18043,394.26,Carreta_Sider,28.0,18.49,567.94,587.04,3054.86,1289.29
18044,5.53,Truck,14.0,12.39,30.55,59.47,195.78,10.23
18045,305.4,Carreta_Sider,28.0,25.19,443.37,490.63,2535.06,1012.91
18046,50.41,VUC,3.0,1.6,136.09,96.77,166.1,31.88
18047,366.92,Carreta_Bau,28.0,8.57,581.15,539.19,2636.91,1141.75
18048,296.58,Carreta_Sider,28.0,21.04,368.05,458.11,2395.43,975.22
18049,29.38,VUC,3.0,2.87,103.94,72.98,110.65,15.37
18050,270.31,Carreta_Sider,28.0,27.0,331.75,434.84,2325.74,904.53
18051,67.1,VUC,3.0,2.99,170.32,147.93,226.48,38.71
18052,304.27,Carreta_Bau,28.0,10.2,490.86,457.19,2252.33,953.56
18053,477.29,Carreta_Bau,28.0,24.12,711.32,687.98,3633.91,1529.26
18054,263.32,Carreta_Bau,28.0,5.43,316.27,396.11,1892.76,816.85
18055,367.96,Carreta_Sider,28.0,4.56,413.94,556.08,2666.89,1177.59
18056,30.19,VUC,3.0,2.17,70.16,52.86,105.12,19.23
18057,47.83,3/4,4.0,1.01,93.58,104.51,169.8,44.18
18058,22.25,VUC,3.0,1.44,54.26,46.6,64.33,17.34
18059,449.43,Carreta_Sider,28.0,4.5,547.01,642.38,3245.95,1430.27
18060,358.96,Carreta_Bau,28.0,6.27,540.82,499.75,2558.54,1112.55
18061,191.08,Truck,14.0,4.58,576.64,539.16,1088.83,306.43
18062,79.36,3/4,4.0,2.49,191.82,217.97,294.85,75.72
18063,88.21,3/4,4.0,1.73,215.24,210.03,318.55,74.63
18064,146.83,Truck,14.0,8.81,404.13,458.5,896.28,237.1
18065,346.12,Carreta_Sider,28.0,19.65,486.6,540.47,2728.86,1134.02
18066,40.7,Truck,14.0,2.14,133.62,147.81,261.65,69.33
18067,44.85,VUC,3.0,2.61,110.07,123.3,155.51,24.66
18068,93.42,Toco,6.0,1.19,214.8,243.79,401.74,108.72
18069,16.93,VUC,3.0,2.68,40.67,32.33,77.49,17.59
18070,404.14,Carreta_Bau,28.0,27.43,539.37,596.27,3187.73,1298.92
18071,77.58,Toco,6.0,5.51,208.73,207.4,385.63,89.81
18072,55.62,Toco,6.0,3.67,184.22,165.31,267.06,55.71
18073,84.15,VUC,3.0,2.41,163.75,198.72,262.62,50.52
18074,30.61,3/4,4.0,1.19,85.26,72.35,113.51,23.2
18075,421.71,Carreta_Bau,28.0,26.5,601.57,599.76,3291.46,1355.54
18076,30.95,VUC,3.0,0.51,67.2,74.45,99.61,23.01
18077,33.65,3/4,4.0,2.48,81.47,109.12,139.24,29.89
18078,5.51,Toco,6.0,3.25,41.64,22.77,70.29,8.09
18079,389.87,Carreta_Sider,28.0,23.17,627.35,607.62,3110.52,1289.08
18080,96.47,VUC,3.0,2.35,206.25,188.27,295.69,59.98
18081,19.46,VUC,3.0,1.29,59.34,75.3,78.33,9.77
18082,94.51,VUC,3.0,0.87,200.56,209.57,280.23,65.14
18083,26.65,VUC,3.0,2.48,54.24,75.75,106.33,15.6
18084,5.81,3/4,4.0,3.92,17.26,38.79,64.49,12.02
18085,29.35,3/4,4.0,0.93,90.68,48.24,119.07,21.23
18086,423.88,Carreta_Bau,28.0,21.64,601.82,600.51,3232.55,1353.01
18087,351.96,Carreta_Sider,28.0,16.47,437.52,527.12,2727.17,1149.35
18088,41.16,Truck,14.0,5.81,143.51,157.94,299.29,72.56
18089,53.85,3/4,4.0,0.65,113.11,133.72,182.77,49.43
18090,10.24,Toco,6.0,4.59,56.73,66.47,94.29,12.78
18091,75.93,Toco,6.0,1.57,183.96,230.47,337.23,81.35
18092,79.12,3/4,4.0,3.49,191.58,201.33,312.87,63.73
18093,23.4,VUC,3.0,1.12,53.3,63.32,75.96,13.87
18094,514.98,Carreta_Sider,28.0,18.3,594.96,709.38,3899.04,1697.11
18095,76.66,VUC,3.0,1.17,164.53,178.86,238.6,43.85
18096,419.95,Carreta_Sider,28.0,20.91,527.45,610.43,3278.87,1379.3
18097,36.89,3/4,4.0,1.0,98.72,117.2,124.24,23.79
18098,42.5,VUC,3.0,1.32,108.56,79.66,155.29,23.31
18099,89.21,VUC,3.0,1.75,212.44,186.81,274.25,51.33
18100,277.84,Carreta_Bau,28.0,18.13,459.14,445.63,2187.26,874.2
18101,85.16,Truck,14.0,9.0,269.65,290.84,580.6,141.36
18102,38.14,VUC,3.0,0.65,71.96,100.98,110.86,27.61
18103,382.36,Carreta_Bau,28.0,5.0,472.81,556.76,2709.53,1180.46
18104,356.77,Carreta_Bau,28.0,9.85,473.89,516.81,2587.33,1106.01
18105,238.39,Carreta_Sider,28.0,5.1,340.45,407.51,1770.18,750.71
18106,48.42,VUC,3.0,1.01,114.16,115.78,143.27,20.4
18107,30.07,Truck,14.0,2.81,115.18,115.31,204.93,41.99
18108,321.75,Carreta_Bau,28.0,16.75,373.82,484.8,2457.89,1011.43
18109,50.9,3/4,4.0,0.96,120.71,125.57,185.55,40.04
18110,66.05,Toco,6.0,3.02,219.79,188.65,295.81,72.76
18111,12.43,Truck,14.0,11.26,48.02,70.93,217.43,18.65
18112,87.71,Truck,14.0,11.29,248.2,283.08,611.95,153.21
18113,181.86,Truck,14.0,8.79,447.43,504.46,1098.0,309.7
18114,132.33,Truck,14.0,2.47,386.08,380.15,750.83,210.76
18115,69.42,Toco,6.0,3.64,234.36,184.2,318.57,65.97
18116,406.54,Carreta_Bau,28.0,10.21,641.95,551.36,2951.91,1264.39
18117,12.8,3/4,4.0,2.53,34.73,32.8,75.63,9.56
18118,83.08,3/4,4.0,3.69,217.63,212.74,320.78,75.33
18119,71.68,Toco,6.0,3.95,162.57,201.66,335.99,71.56
18120,258.25,Carreta_Bau,28.0,26.59,419.11,434.61,2169.56,824.43
18121,32.49,Toco,6.0,1.96,110.0,112.31,152.38,36.09
18122,51.45,Toco,6.0,2.27,118.27,160.11,245.32,52.51
18123,416.18,Carreta_Sider,28.0,7.74,619.7,596.82,3060.28,1329.9
18124,82.27,3/4,4.0,0.87,233.66,217.71,281.03,63.94
18125,302.54,Carreta_Sider,28.0,4.45,458.66,451.04,2223.66,960.07
18126,92.1,Toco,6.0,5.63,235.25,266.91,441.93,103.14
18127,29.58,Toco,6.0,3.2,70.02,105.8,153.71,20.04
18128,439.16,Carreta_Sider,28.0,26.54,546.87,654.15,3512.82,1462.11
18129,63.2,3/4,4.0,3.54,147.26,158.23,245.97,58.01
18130,82.28,VUC,3.0,2.35,165.6,173.37,255.59,55.65
18131,409.33,Carreta_Bau,28.0,26.04,467.05,593.87,3199.83,1328.66
18132,419.76,Carreta_Sider,28.0,10.48,641.73,581.9,3123.12,1349.75
18133,277.47,Carreta_Sider,28.0,24.58,386.76,466.23,2324.01,919.6
18134,503.5,Carreta_Bau,28.0,20.38,760.22,688.42,3741.88,1609.11
18135,93.92,Truck,14.0,9.23,318.52,285.78,629.68,154.53
18136,10.44,VUC,3.0,2.03,38.96,9.72,45.89,14.26
18137,49.83,VUC,3.0,2.76,106.83,101.88,170.75,36.68
18138,83.5,VUC,3.0,2.82,198.61,222.34,264.46,55.41
18139,267.23,Carreta_Bau,28.0,8.41,476.86,400.93,1956.87,829.68
18140,4.29,Toco,6.0,1.31,17.07,44.08,34.74,3.39
18141,43.79,VUC,3.0,1.15,80.54,84.8,134.42,27.6
18142,57.16,Truck,14.0,11.74,196.63,172.93,462.24,90.63
18143,51.91,VUC,3.0,0.7,90.72,118.64,163.61,36.02
18144,70.68,VUC,3.0,2.14,150.32,159.29,219.11,55.27
18145,9.96,3/4,4.0,1.96,28.06,30.04,55.15,-0.65
18146,75.47,VUC,3.0,2.78,176.12,168.64,246.14,55.29
18147,29.77,VUC,3.0,2.54,63.43,63.97,102.44,20.61
18148,79.0,VUC,3.0,1.74,164.06,192.13,237.71,55.91
18149,432.09,Carreta_Sider,28.0,13.26,597.36,648.37,3247.07,1396.82
18150,42.17,3/4,4.0,3.44,120.47,125.79,180.96,35.46
18151,7.91,VUC,3.0,1.07,27.02,9.8,30.36,11.34
18152,91.72,Truck,14.0,8.57,255.22,290.58,608.57,149.99
18153,75.03,3/4,4.0,3.77,208.93,176.23,297.19,69.13
18154,303.08,Carreta_Bau,28.0,18.57,433.39,453.82,2359.57,958.24
18155,194.91,Toco,6.0,5.64,575.21,509.94,863.36,215.21
18156,362.29,Carreta_Bau,28.0,14.72,458.2,527.09,2711.83,1142.39
18157,294.37,Carreta_Sider,28.0,19.18,442.02,466.09,2364.93,967.4
18158,35.65,VUC,3.0,2.85,91.15,87.74,124.67,27.5
18159,28.57,VUC,3.0,2.33,51.56,59.56,105.74,16.83
18160,57.6,VUC,3.0,2.76,137.56,117.76,186.98,37.68
18161,93.84,Truck,14.0,12.0,242.36,289.82,673.11,160.74
18162,30.41,VUC,3.0,0.65,83.46,71.99,104.52,26.31
18163,90.29,Truck,14.0,5.18,234.55,282.79,556.86,141.63
18164,34.07,Toco,6.0,4.68,100.74,117.42,203.18,43.39
18165,68.07,3/4,4.0,3.63,145.33,166.24,277.58,55.01
18166,207.23,Toco,6.0,4.99,586.61,531.98,902.74,229.49
18167,257.58,Carreta_Bau,28.0,11.65,385.21,414.57,1945.96,806.64
18168,162.97,3/4,4.0,2.71,359.68,375.11,583.87,136.63
18169,38.74,3/4,4.0,2.85,106.68,108.99,154.05,32.24
18170,11.74,Toco,6.0,3.13,34.01,51.97,88.23,3.87
18171,514.49,Carreta_Sider,28.0,18.19,566.84,718.5,3904.66,1687.44
18172,368.35,Carreta_Sider,28.0,27.67,504.71,544.44,3009.56,1227.71
18173,89.19,Toco,6.0,3.68,248.18,225.9,419.18,96.89
18174,18.92,VUC,3.0,0.95,64.38,65.86,72.79,9.09
18175,89.97,Truck,14.0,8.1,275.26,256.27,600.22,150.73
18176,168.76,Truck,14.0,4.19,500.73,519.08,967.18,272.36
18177,419.95,Carreta_Bau,28.0,20.58,619.06,589.19,3180.84,1331.59
18178,13.4,Toco,6.0,5.5,36.01,30.32,113.9,14.28
18179,28.29,Toco,6.0,4.35,107.14,82.94,167.53,25.82
18180,87.8,Truck,14.0,12.54,275.61,245.97,647.52,146.28
18181,63.93,Toco,6.0,4.61,187.11,154.18,319.22,73.63
18182,350.8,Carreta_Sider,28.0,14.61,535.75,527.07,2704.94,1140.58
18183,21.24,Toco,6.0,3.64,42.2,50.71,129.06,25.29
18184,57.88,VUC,3.0,1.81,129.26,110.57,183.18,42.47
18185,20.42,3/4,4.0,1.93,27.57,62.3,91.56,13.14
18186,402.08,Carreta_Bau,28.0,6.41,527.67,563.53,2853.73,1241.0
18187,83.57,3/4,4.0,2.99,210.97,209.54,324.67,62.6
18188,8.53,3/4,4.0,0.76,41.87,37.56,38.15,5.18
18189,343.41,Carreta_Bau,28.0,9.06,463.18,496.86,2496.19,1064.67
18190,120.7,Truck,14.0,7.5,374.74,371.69,754.78,200.11
18191,181.38,3/4,4.0,3.96,430.85,433.23,649.11,159.87
18192,421.72,Carreta_Sider,28.0,11.5,512.24,606.81,3150.93,1368.66
18193,52.21,VUC,3.0,2.48,117.22,127.75,176.66,31.47
18194,415.6,Carreta_Bau,28.0,14.18,465.17,549.57,3067.61,1308.08
18195,415.4,Carreta_Sider,28.0,9.47,635.37,590.17,3076.4,1338.77
18196,9.78,VUC,3.0,0.52,39.49,52.41,25.0,17.58
18197,101.47,Truck,14.0,3.15,293.57,298.38,586.09,164.66
18198,67.25,Truck,14.0,7.06,242.6,221.71,447.99,109.23
18199,89.16,Toco,6.0,2.94,204.04,241.68,410.5,97.0
18200,79.63,3/4,4.0,2.73,181.1,184.77,307.93,70.3
18201,37.83,VUC,3.0,0.61,67.77,96.16,102.4,30.61
18202,437.19,Carreta_Bau,28.0,10.96,549.37,601.07,3156.6,1362.62
18203,25.56,VUC,3.0,0.51,48.07,57.74,71.51,12.45
18204,15.01,3/4,4.0,3.56,45.77,43.78,93.3,26.08
18205,83.5,VUC,3.0,1.46,163.46,171.85,248.65,47.65
18206,11.38,VUC,3.0,1.94,25.63,22.47,52.67,11.61
18207,61.22,Truck,14.0,10.56,194.85,194.63,463.91,103.19
18208,37.42,VUC,3.0,1.13,111.44,90.24,122.98,25.33
18209,281.63,Carreta_Sider,28.0,7.41,474.51,431.06,2094.63,895.08
18210,389.81,Carreta_Sider,28.0,18.01,449.97,569.37,3035.62,1288.84
18211,94.62,Truck,14.0,12.85,225.74,332.72,693.69,158.62
18212,210.63,Toco,6.0,5.45,588.62,548.36,936.42,230.64
18213,422.05,Carreta_Sider,28.0,11.54,564.85,583.23,3155.96,1355.68
18214,50.3,VUC,3.0,1.13,120.47,119.25,167.01,21.84
18215,53.94,3/4,4.0,1.8,104.67,139.92,208.21,48.95
18216,87.53,Toco,6.0,2.15,265.69,282.95,375.97,89.69
18217,512.47,Carreta_Bau,28.0,27.16,721.78,717.99,3921.82,1652.66
18218,92.24,Toco,6.0,1.08,238.33,274.08,393.11,94.89
18219,57.11,VUC,3.0,0.94,131.31,123.95,181.92,38.76
18220,202.75,Toco,6.0,1.04,503.45,504.43,837.49,217.05
18221,76.45,VUC,3.0,2.63,192.11,154.29,251.08,53.65
18222,428.28,Carreta_Bau,28.0,15.42,512.55,614.54,3164.12,1353.37
18223,61.76,3/4,4.0,1.38,172.32,140.09,221.53,48.11
18224,352.1,Carreta_Sider,28.0,13.61,567.37,517.03,2678.88,1134.73
18225,42.89,3/4,4.0,0.96,125.57,117.94,159.67,34.93
18226,9.22,3/4,4.0,0.97,49.0,31.43,40.9,10.26
18227,211.07,VUC,3.0,2.86,494.33,448.76,625.41,138.89
18228,69.31,Toco,6.0,4.45,153.27,173.51,331.67,66.67
18229,220.1,Carreta_Sider,28.0,19.4,360.83,343.65,1845.83,722.42
18230,405.95,Carreta_Sider,28.0,15.45,559.4,609.7,3099.3,1316.08
18231,67.72,Toco,6.0,3.4,169.49,202.52,315.29,73.63
18232,14.62,3/4,4.0,3.22,82.0,46.24,93.54,17.39
18233,215.85,Toco,6.0,1.17,501.23,548.97,901.56,216.83
18234,24.94,3/4,4.0,2.87,77.53,59.16,115.26,28.87
18235,115.31,Toco,6.0,3.71,261.28,299.5,519.22,120.34
18236,70.62,Toco,6.0,2.46,190.01,226.56,313.11,80.95
18237,466.43,Carreta_Bau,28.0,9.33,682.09,664.51,3332.46,1455.26
18238,17.62,VUC,3.0,2.65,49.25,53.83,73.9,10.0
18239,345.3,Carreta_Bau,28.0,26.37,471.59,493.37,2760.87,1114.95
18240,66.88,3/4,4.0,0.93,173.62,171.3,234.02,52.1
18241,69.34,VUC,3.0,0.88,147.55,150.92,221.59,35.12
18242,417.35,Carreta_Bau,28.0,20.08,570.95,589.29,3158.11,1333.38
18243,351.37,Carreta_Sider,28.0,22.62,435.59,535.75,2816.67,1157.05
18244,36.15,VUC,3.0,1.7,116.06,114.15,123.42,32.18
18245,314.49,Carreta_Sider,28.0,26.26,493.34,498.94,2607.99,1050.8
18246,27.49,Truck,14.0,12.49,124.87,123.78,320.57,41.54
18247,37.95,VUC,3.0,0.77,91.01,96.2,122.47,26.83
18248,36.69,VUC,3.0,0.81,76.2,93.2,124.62,25.76
18249,59.24,VUC,3.0,0.67,133.02,143.15,186.49,45.83
18250,71.69,3/4,4.0,3.58,178.17,170.89,284.37,59.5
18251,82.42,Toco,6.0,3.74,180.62,203.66,378.59,88.62
18252,6.73,VUC,3.0,2.85,40.93,50.12,50.2,6.58
18253,422.24,Carreta_Bau,28.0,21.56,568.02,581.21,3220.47,1347.42
18254,108.67,Truck,14.0,10.81,344.94,337.78,729.9,172.7
18255,227.55,Carreta_Bau,28.0,7.18,369.79,388.0,1675.16,709.78
18256,70.12,Toco,6.0,1.46,175.8,195.55,298.55,82.69
18257,361.67,Carreta_Sider,28.0,26.36,458.83,561.15,2955.15,1204.38
18258,32.59,3/4,4.0,2.24,68.17,97.28,137.6,21.26
18259,496.19,Carreta_Bau,28.0,27.86,718.35,711.81,3819.06,1603.16
18260,80.32,Truck,14.0,5.94,236.73,269.03,522.85,125.59
18261,10.89,Toco,6.0,4.07,39.04,27.65,95.66,10.6
18262,54.16,VUC,3.0,1.91,131.32,142.67,166.74,35.79
18263,262.3,Carreta_Bau,28.0,5.82,428.89,400.36,1902.33,813.27
18264,509.5,Carreta_Bau,28.0,16.55,582.88,686.31,3735.01,1616.11
18265,415.99,Carreta_Sider,28.0,26.2,512.16,601.53,3328.53,1387.07
18266,301.08,Carreta_Sider,28.0,15.0,403.22,471.08,2347.79,973.6
18267,277.39,Carreta_Bau,28.0,15.45,420.32,420.89,2138.74,877.46
18268,53.93,Truck,14.0,10.44,204.5,182.19,431.81,87.59
18269,150.01,VUC,3.0,2.44,269.52,321.1,459.01,96.68
18270,33.71,VUC,3.0,2.56,88.13,86.91,114.65,21.9
18271,92.3,VUC,3.0,1.6,194.41,213.36,274.23,59.73
18272,13.73,3/4,4.0,2.11,54.56,63.33,71.26,16.68
18273,356.46,Carreta_Sider,28.0,15.47,580.92,549.54,2741.63,1162.56
18274,117.25,Toco,6.0,5.84,321.79,331.1,545.72,124.37
18275,16.41,VUC,3.0,2.82,42.55,43.9,83.37,3.24
18276,62.63,VUC,3.0,2.04,124.95,131.45,196.32,43.67
18277,50.8,Truck,14.0,5.48,127.82,166.28,344.62,84.84
18278,277.36,Carreta_Sider,28.0,25.63,383.9,445.4,2345.49,927.97
18279,196.03,Truck,14.0,4.13,614.58,551.61,1095.87,314.72
18280,28.07,Toco,6.0,1.44,82.59,84.03,140.66,31.3
18281,31.69,3/4,4.0,2.01,91.75,96.25,130.98,29.16
18282,18.29,Truck,14.0,10.26,59.43,98.78,239.62,22.4
18283,82.97,VUC,3.0,0.58,144.73,181.06,241.25,43.98
18284,55.83,VUC,3.0,1.25,131.3,142.31,178.33,39.16
18285,26.28,Toco,6.0,4.9,86.72,86.18,165.75,30.79
18286,39.8,VUC,3.0,2.13,112.24,61.6,145.43,32.46
18287,86.51,Toco,6.0,1.33,231.51,211.68,358.54,101.26
18288,501.42,Carreta_Sider,28.0,9.0,598.36,703.06,3676.79,1608.43
18289,84.7,Toco,6.0,4.6,243.12,203.6,399.97,91.26
18290,10.29,VUC,3.0,0.75,31.68,14.79,41.21,-0.31
18291,249.39,Carreta_Bau,28.0,4.43,386.84,363.73,1799.52,770.45
18292,302.93,Carreta_Bau,28.0,27.83,373.98,470.2,2490.8,968.74
18293,63.52,VUC,3.0,2.02,160.86,146.81,194.8,36.12
18294,17.92,VUC,3.0,1.54,66.16,25.72,66.49,13.0
18295,254.58,Carreta_Sider,28.0,18.41,430.39,427.1,2059.72,830.27
18296,23.19,VUC,3.0,2.16,57.57,61.05,105.44,14.76
18297,153.31,Truck,14.0,8.0,526.38,436.35,936.67,249.5
18298,82.64,VUC,3.0,2.13,164.11,183.3,262.92,47.86
18299,85.46,3/4,4.0,3.01,214.95,196.18,326.56,62.91
18300,11.52,VUC,3.0,0.91,17.86,25.3,52.47,10.77
18301,244.85,Carreta_Bau,28.0,14.28,350.55,372.18,1889.09,768.76
18302,83.53,VUC,3.0,1.23,221.2,183.67,250.25,54.76
18303,70.29,Toco,6.0,4.97,170.9,190.44,348.13,77.18
18304,74.59,3/4,4.0,3.22,173.21,179.15,284.22,63.74
18305,426.07,Carreta_Sider,28.0,23.49,591.21,623.25,3353.34,1410.49
18306,76.06,VUC,3.0,1.57,146.8,172.14,231.36,47.68
18307,359.01,Carreta_Sider,28.0,17.89,442.22,536.32,2802.88,1172.54
18308,280.9,Carreta_Sider,28.0,20.99,350.2,422.84,2302.93,919.61
18309,50.16,VUC,3.0,1.27,110.97,114.86,149.63,44.3
18310,443.74,Carreta_Sider,28.0,27.47,662.4,637.34,3545.93,1485.1
18311,96.76,Toco,6.0,2.83,248.32,272.68,427.14,111.93
18312,90.17,Truck,14.0,8.49,294.52,285.79,590.33,154.0
18313,22.23,VUC,3.0,2.56,58.67,73.08,95.08,13.09
18314,49.95,VUC,3.0,2.36,88.67,108.25,168.23,31.52
18315,32.99,3/4,4.0,2.31,78.89,102.19,131.68,28.0
18316,78.84,VUC,3.0,1.49,169.57,158.8,238.75,48.52
18317,446.31,Carreta_Bau,28.0,19.36,605.04,627.2,3352.36,1422.11
18318,120.3,Toco,6.0,3.12,325.53,302.12,532.53,126.19
18319,11.53,Truck,14.0,9.14,48.6,70.19,189.66,13.6
18320,43.46,VUC,3.0,2.49,120.35,126.81,164.27,21.81
18321,74.39,3/4,4.0,1.01,142.45,185.58,270.05,60.3
18322,32.42,Toco,6.0,4.46,90.76,79.78,189.83,33.2
18323,25.88,VUC,3.0,0.59,75.24,55.86,77.57,13.14
18324,464.87,Carreta_Bau,28.0,21.67,711.55,694.46,3518.9,1484.11
18325,497.72,Carreta_Bau,28.0,9.18,638.31,686.71,3548.2,1542.08
18326,27.89,VUC,3.0,1.71,70.55,59.38,103.84,21.59
18327,443.15,Carreta_Bau,28.0,10.55,581.6,626.78,3182.38,1376.68
18328,68.94,VUC,3.0,1.27,139.44,155.78,208.21,37.97
18329,103.33,Toco,6.0,4.11,252.29,310.91,460.09,109.74
18330,30.1,3/4,4.0,2.07,84.43,84.12,123.6,24.76
18331,40.64,Toco,6.0,3.39,95.64,116.37,196.69,48.42
18332,318.64,Carreta_Sider,28.0,27.97,409.51,502.93,2673.44,1063.5
18333,53.66,VUC,3.0,0.76,135.35,116.96,165.92,25.75
18334,89.61,Truck,14.0,6.67,256.41,266.46,568.05,148.07
18335,76.29,Truck,14.0,8.41,230.23,225.42,521.96,127.22
18336,447.24,Carreta_Bau,28.0,23.57,502.05,627.0,3421.86,1430.08
18337,326.63,Carreta_Bau,28.0,10.92,421.35,491.08,2404.96,1020.39
18338,20.86,3/4,4.0,1.94,38.57,58.93,101.86,24.78
18339,84.36,Toco,6.0,5.09,229.62,220.48,399.93,88.77
18340,247.97,Carreta_Bau,28.0,16.82,318.15,377.87,1955.42,788.37
18341,80.87,VUC,3.0,2.63,191.72,189.4,261.77,59.1
18342,71.82,Truck,14.0,2.87,239.27,246.14,419.98,115.75
18343,295.05,Carreta_Bau,28.0,11.03,382.99,432.25,2191.05,915.03
18344,51.04,VUC,3.0,1.87,108.94,108.87,166.11,39.36
18345,129.29,Toco,6.0,1.52,295.93,322.77,541.68,142.4
18346,10.35,VUC,3.0,1.68,23.13,45.7,60.22,9.37
18347,305.93,Carreta_Sider,28.0,4.62,403.54,477.03,2249.56,972.96
18348,68.75,3/4,4.0,2.32,151.67,171.28,252.73,64.12
18349,51.17,Truck,14.0,13.05,158.26,159.61,458.46,81.12
18350,32.19,VUC,3.0,2.87,75.35,85.4,128.9,25.39
18351,106.83,3/4,4.0,1.68,229.0,256.47,379.26,88.2
18352,368.75,Carreta_Bau,28.0,4.28,454.51,526.88,2599.05,1126.62
18353,260.94,Carreta_Sider,28.0,25.91,425.05,418.61,2227.28,862.57
18354,4.9,VUC,3.0,1.9,38.84,8.0,38.93,5.17
18355,25.03,Truck,14.0,9.01,94.95,76.55,261.21,42.19
18356,176.32,3/4,4.0,3.37,349.94,424.93,628.19,154.11
18357,102.39,Truck,14.0,6.78,263.85,328.7,650.63,164.64
18358,59.12,Toco,6.0,3.04,201.03,142.27,287.17,65.02
18359,486.9,Carreta_Bau,28.0,24.47,705.21,669.28,3715.9,1566.04
18360,14.22,3/4,4.0,2.27,42.05,36.94,84.11,23.86
18361,63.64,VUC,3.0,2.33,109.6,156.71,207.51,39.33
18362,331.44,Carreta_Sider,28.0,25.74,486.48,517.42,2719.11,1106.75
18363,78.59,3/4,4.0,1.94,196.39,212.28,284.39,69.55
18364,32.95,Truck,14.0,12.68,92.17,121.11,350.8,55.5
18365,11.46,VUC,3.0,1.28,31.38,17.48,43.61,0.78
18366,369.96,Carreta_Sider,28.0,26.32,576.07,552.09,3006.13,1238.05
18367,16.71,Toco,6.0,2.46,64.93,47.82,91.6,19.22
18368,426.23,Carreta_Bau,28.0,9.77,519.57,608.36,3076.21,1324.26
18369,36.57,3/4,4.0,3.05,77.47,125.2,168.74,26.94
18370,78.02,Truck,14.0,13.07,265.71,257.78,613.75,131.48
18371,61.72,3/4,4.0,3.21,164.02,144.49,245.88,48.36
18372,82.98,VUC,3.0,2.34,204.98,187.23,261.72,51.01
18373,94.49,Truck,14.0,13.68,267.35,274.53,694.94,155.09
18374,22.43,Toco,6.0,3.74,75.31,72.82,145.93,24.66
18375,361.3,Carreta_Sider,28.0,25.33,574.81,527.49,2940.53,1202.87
18376,67.23,Truck,14.0,2.54,199.88,217.32,400.45,105.79
18377,270.57,Carreta_Bau,28.0,7.35,330.54,409.85,1980.49,837.17
18378,361.72,Carreta_Sider,28.0,10.66,537.71,545.72,2715.4,1165.99
18379,46.45,Truck,14.0,13.36,153.51,173.86,428.76,73.85
18380,48.91,VUC,3.0,0.95,107.55,105.01,150.15,27.96
18381,33.63,VUC,3.0,1.43,88.2,95.99,123.49,19.11
18382,35.17,Toco,6.0,1.08,92.45,88.2,163.92,38.77
18383,65.54,3/4,4.0,0.87,164.42,197.86,228.51,62.49
18384,60.49,VUC,3.0,1.94,126.23,118.46,200.45,32.73
18385,32.98,VUC,3.0,0.7,82.17,90.4,108.02,21.93
18386,14.79,VUC,3.0,2.74,52.36,61.57,70.98,8.52
18387,202.32,3/4,4.0,3.61,479.89,469.24,715.12,174.04
18388,56.62,VUC,3.0,2.04,106.99,114.9,177.19,34.1
18389,71.29,VUC,3.0,1.46,169.57,148.17,209.37,51.2
18390,54.83,Truck,14.0,12.67,183.08,171.7,464.21,79.21
18391,333.57,Carreta_Sider,28.0,15.81,415.03,506.65,2588.84,1080.67
18392,4.33,3/4,4.0,1.25,21.14,36.42,38.68,9.07
18393,29.69,VUC,3.0,1.33,71.0,80.41,105.52,24.72
18394,182.37,Toco,6.0,2.75,538.57,467.44,774.58,205.55
18395,74.85,3/4,4.0,2.57,153.94,163.32,268.74,65.28
18396,71.57,3/4,4.0,1.96,186.16,198.93,265.11,62.82
18397,4.95,Toco,6.0,5.07,31.07,31.53,71.83,-3.85
18398,484.9,Carreta_Bau,28.0,19.11,692.64,666.27,3615.09,1539.52
18399,311.57,Carreta_Bau,28.0,10.2,460.41,465.46,2297.95,973.86
18400,194.38,Toco,6.0,2.95,559.42,473.03,824.56,207.68
18401,46.8,Truck,14.0,10.71,119.98,160.76,403.11,76.88
18402,43.8,VUC,3.0,1.07,128.99,99.46,144.36,33.9
18403,63.36,Truck,14.0,3.19,205.43,197.96,389.46,108.76
18404,366.84,Carreta_Sider,28.0,21.13,506.02,569.35,2904.11,1209.12
18405,133.39,3/4,4.0,1.98,327.76,294.87,461.87,112.37
18406,279.46,Carreta_Sider,28.0,7.16,446.32,433.06,2084.65,897.45
18407,15.37,VUC,3.0,1.67,58.22,35.9,56.41,8.0
18408,463.03,Carreta_Sider,28.0,17.54,594.15,658.46,3521.93,1518.59
18409,421.34,Carreta_Sider,28.0,4.81,606.6,610.45,3052.43,1338.28
18410,393.96,Carreta_Bau,28.0,23.03,502.92,569.97,3034.25,1264.63
18411,295.01,Carreta_Bau,28.0,15.9,450.03,445.62,2266.84,930.34
18412,60.55,Toco,6.0,1.03,174.0,134.03,262.94,61.14
18413,284.92,Carreta_Sider,28.0,24.71,449.56,471.0,2391.03,946.82
18414,90.17,Truck,14.0,9.06,314.3,257.69,612.3,146.04
18415,37.83,Truck,14.0,13.56,110.4,133.14,393.55,68.22
18416,99.81,Toco,6.0,2.33,275.04,252.06,439.38,102.27
18417,350.02,Carreta_Bau,28.0,14.02,504.83,478.66,2610.7,1100.76
18418,340.23,Carreta_Sider,28.0,19.98,520.13,521.42,2708.24,1113.95
18419,34.7,Toco,6.0,5.56,81.1,101.42,205.85,44.47
18420,6.57,VUC,3.0,2.47,32.56,34.28,46.39,7.85
18421,9.22,VUC,3.0,2.09,28.01,39.86,48.05,5.73
18422,97.24,Truck,14.0,11.57,286.43,311.32,692.83,161.18
18423,153.24,Truck,14.0,3.23,434.21,457.35,865.96,253.89
18424,100.29,3/4,4.0,3.06,266.51,246.65,380.1,89.81
18425,88.77,Truck,14.0,8.99,265.87,289.82,589.79,141.88
18426,92.77,Truck,14.0,5.36,253.42,289.05,573.08,154.62
18427,202.6,Toco,6.0,2.12,441.04,518.73,847.02,214.43
18428,4.51,VUC,3.0,1.19,16.39,19.58,25.0,3.63
18429,96.64,3/4,4.0,1.02,178.33,233.71,333.12,69.97
18430,85.96,Truck,14.0,5.35,245.76,272.36,539.14,143.01
18431,19.83,VUC,3.0,0.63,37.94,59.84,63.07,9.1
18432,55.08,VUC,3.0,2.17,102.55,123.79,175.17,34.59
18433,272.38,Carreta_Bau,28.0,16.39,452.13,453.72,2118.56,852.97
18434,297.47,Carreta_Sider,28.0,7.24,367.31,476.37,2214.84,952.47
18435,280.76,Carreta_Sider,28.0,20.79,382.3,438.8,2295.09,924.15
18436,179.74,Truck,14.0,4.22,432.84,524.65,1030.73,282.75
18437,65.71,VUC,3.0,1.71,163.24,170.3,216.82,42.3
18438,317.51,Carreta_Bau,28.0,26.1,519.46,475.29,2556.96,1021.24
18439,440.99,Carreta_Bau,28.0,22.31,584.99,607.66,3357.21,1415.44
18440,36.67,3/4,4.0,2.59,94.33,135.59,142.34,27.7
18441,218.77,Truck,14.0,9.06,714.83,631.11,1312.82,361.47
18442,52.14,VUC,3.0,0.61,108.43,90.91,158.14,25.37
18443,61.11,3/4,4.0,2.05,142.38,140.44,235.45,52.05
18444,21.65,Toco,6.0,2.47,64.9,66.67,115.15,25.08
18445,227.84,Carreta_Sider,28.0,15.5,314.16,392.92,1837.71,743.57
18446,94.48,Toco,6.0,5.75,238.21,254.42,460.83,104.31
18447,22.55,VUC,3.0,2.46,43.97,40.09,95.3,23.33
18448,325.7,Carreta_Bau,28.0,18.72,415.88,446.91,2523.88,1031.43
18449,4.94,3/4,4.0,3.0,10.54,34.85,46.19,6.64
18450,194.35,Truck,14.0,10.79,625.73,572.67,1186.89,319.7
18451,238.56,Carreta_Bau,28.0,15.06,403.46,400.46,1864.74,746.9
18452,89.93,Truck,14.0,12.41,285.55,274.36,656.86,143.71
18453,43.05,Toco,6.0,4.05,111.09,122.58,227.04,42.46
18454,287.29,Carreta_Bau,28.0,21.77,389.73,439.94,2288.07,920.13
18455,40.27,3/4,4.0,0.64,112.54,96.07,138.87,39.97
18456,29.09,3/4,4.0,2.43,72.89,86.47,128.27,27.73
18457,259.18,Carreta_Sider,28.0,12.87,325.16,409.15,2012.67,837.26
18458,442.75,Carreta_Sider,28.0,5.52,520.8,601.06,3211.25,1408.02
18459,455.82,Carreta_Sider,28.0,19.58,547.21,673.68,3508.79,1496.9
18460,6.35,Toco,6.0,5.64,30.32,40.94,90.32,1.84
18461,266.22,Carreta_Sider,28.0,21.64,424.65,443.29,2205.06,881.9
18462,285.31,Carreta_Sider,28.0,6.1,454.36,457.75,2113.86,912.32
18463,501.68,Carreta_Sider,28.0,5.55,810.01,691.28,3627.72,1594.25
18464,308.81,Carreta_Sider,28.0,12.41,452.7,470.76,2361.05,1006.08
18465,517.04,Carreta_Sider,28.0,9.88,702.39,701.51,3806.85,1657.13
18466,28.08,3/4,4.0,0.69,57.29,89.62,107.11,23.52
18467,39.79,3/4,4.0,0.74,96.37,81.89,145.92,37.16
18468,51.35,Toco,6.0,2.66,100.71,148.32,242.01,59.02
18469,45.65,Toco,6.0,1.58,123.07,138.02,200.87,45.56
18470,83.99,VUC,3.0,0.95,174.79,166.17,247.47,51.0
18471,86.93,Toco,6.0,5.33,215.74,252.27,402.19,91.36
18472,419.19,Carreta_Sider,28.0,27.85,503.85,594.62,3376.07,1400.34
18473,32.86,VUC,3.0,2.5,66.44,62.41,117.75,25.49
18474,91.32,3/4,4.0,1.39,202.56,218.07,326.9,66.9
18475,82.71,Toco,6.0,1.8,190.91,231.73,355.27,91.19
18476,88.41,Toco,6.0,3.85,245.29,218.23,410.73,93.94
18477,207.3,Truck,14.0,11.43,498.97,618.66,1264.88,343.11
18478,68.28,3/4,4.0,2.84,165.77,179.95,262.94,53.05
18479,22.04,3/4,4.0,3.33,59.57,60.72,112.53,15.88
18480,192.36,3/4,4.0,2.26,403.34,445.33,675.66,173.04
18481,21.77,VUC,3.0,2.97,47.15,75.01,103.36,12.61
18482,86.69,Truck,14.0,11.46,230.98,294.63,615.31,143.64
18483,162.6,3/4,4.0,0.77,412.79,369.15,567.44,130.3
18484,50.14,VUC,3.0,1.38,92.73,103.93,153.39,44.86
18485,437.61,Carreta_Bau,28.0,17.52,597.77,613.1,3260.25,1387.15
18486,225.42,Carreta_Bau,28.0,9.54,382.36,347.33,1689.43,701.48
18487,382.21,Carreta_Bau,28.0,13.8,581.26,564.89,2836.83,1204.81
18488,85.03,Truck,14.0,9.59,277.9,273.52,579.94,141.64
18489,324.56,Carreta_Bau,28.0,17.34,412.77,485.06,2489.01,1025.83
18490,446.05,Carreta_Bau,28.0,24.7,640.48,649.41,3415.73,1431.82
18491,69.57,3/4,4.0,1.49,156.45,181.16,256.8,50.63
18492,414.1,Carreta_Sider,28.0,26.12,610.25,627.87,3315.35,1375.6
18493,23.34,Toco,6.0,2.54,86.68,84.64,124.42,22.6
18494,122.09,3/4,4.0,3.73,320.43,308.52,448.13,107.32
18495,39.01,VUC,3.0,1.08,92.47,73.39,123.78,23.65
18496,92.07,Truck,14.0,8.14,302.98,292.08,602.53,153.97
18497,5.78,Truck,14.0,13.19,21.49,72.22,203.81,10.15
18498,238.83,Carreta_Sider,28.0,10.8,296.08,384.94,1844.83,765.52
18499,69.03,Toco,6.0,5.23,199.31,183.12,349.24,83.72
18500,93.07,Toco,6.0,3.46,271.63,243.29,417.24,99.17
18501,13.48,Toco,6.0,3.04,38.12,53.14,87.48,17.36
18502,316.04,Carreta_Bau,28.0,20.0,398.1,493.6,2466.62,998.68
18503,28.75,Toco,6.0,1.91,91.69,89.72,145.0,34.61
18504,53.78,VUC,3.0,2.13,105.86,139.47,181.53,26.58
18505,436.55,Carreta_Sider,28.0,8.4,611.92,626.96,3213.13,1409.57
18506,80.78,VUC,3.0,2.26,163.14,192.18,263.54,55.77
18507,50.09,VUC,3.0,2.01,100.15,116.64,165.8,31.22
18508,9.42,VUC,3.0,0.81,27.18,28.34,35.73,8.79
18509,398.46,Carreta_Sider,28.0,6.6,516.98,554.87,2924.28,1266.56
18510,328.5,Carreta_Bau,28.0,18.66,504.2,457.16,2526.64,1040.98
18511,15.57,VUC,3.0,0.76,30.67,38.82,51.7,13.52
18512,38.21,Toco,6.0,4.09,99.74,79.22,194.84,44.63
18513,33.35,Toco,6.0,6.0,107.27,103.11,221.08,37.08
18514,438.56,Carreta_Bau,28.0,7.13,554.8,614.41,3134.06,1359.62
18515,23.99,VUC,3.0,1.66,66.68,62.52,86.21,20.77
18516,80.45,3/4,4.0,3.74,163.82,156.71,318.22,73.28
18517,279.84,Carreta_Sider,28.0,26.5,448.63,450.34,2380.68,922.16
18518,6.45,3/4,4.0,0.7,6.0,36.98,33.48,5.31
18519,79.47,Toco,6.0,5.02,192.6,234.0,391.61,87.73
18520,87.87,Truck,14.0,4.94,254.93,277.05,532.74,135.52
18521,61.34,Truck,14.0,10.98,216.69,201.91,478.16,96.2
18522,60.91,VUC,3.0,1.36,125.27,143.93,175.88,46.28
18523,118.66,Truck,14.0,4.78,395.29,380.98,697.14,187.69
18524,17.56,VUC,3.0,1.65,52.14,49.07,58.35,9.13
18525,55.72,Toco,6.0,1.8,139.99,134.5,237.93,55.56
18526,464.98,Carreta_Sider,28.0,14.3,570.94,653.19,3491.05,1511.64
18527,318.8,Carreta_Bau,28.0,13.6,518.62,463.47,2392.15,1002.07
18528,438.57,Carreta_Sider,28.0,27.12,497.45,627.77,3500.78,1471.47
18529,261.63,Carreta_Sider,28.0,17.1,354.46,413.03,2098.47,851.65
18530,38.14,VUC,3.0,2.23,96.35,129.94,129.05,27.32
18531,345.13,Carreta_Sider,28.0,8.36,530.08,497.65,2566.79,1097.2
18532,24.84,Toco,6.0,5.99,102.5,76.17,170.77,20.55
18533,57.08,VUC,3.0,1.72,143.81,168.79,175.74,43.26
18534,235.71,Carreta_Sider,28.0,5.99,396.89,388.45,1769.41,757.54
18535,269.07,Carreta_Bau,28.0,18.7,363.02,427.27,2119.08,855.77
18536,4.11,3/4,4.0,1.68,28.03,32.19,25.94,9.09
18537,29.15,3/4,4.0,1.6,55.31,82.84,122.06,19.1
18538,157.64,VUC,3.0,1.26,375.67,328.85,453.17,108.46
18539,63.7,Toco,6.0,3.2,161.84,180.27,305.86,63.85
18540,45.41,VUC,3.0,1.18,104.4,112.92,136.78,30.44
18541,17.25,Toco,6.0,4.87,58.59,39.73,130.37,32.85
18542,4.12,Toco,6.0,1.81,17.75,22.27,34.54,-0.01
18543,28.61,Toco,6.0,1.62,74.59,64.75,138.26,37.27
18544,410.18,Carreta_Sider,28.0,6.69,493.4,574.23,2999.01,1315.42
18545,53.96,Truck,14.0,6.98,140.09,184.41,379.21,85.14
18546,52.64,Toco,6.0,1.48,120.32,141.26,223.61,66.54
18547,214.12,3/4,4.0,0.69,475.99,486.78,724.33,172.84
18548,15.93,Toco,6.0,2.4,49.66,19.92,98.37,16.94
18549,223.24,Carreta_Bau,28.0,27.52,395.46,361.62,1953.18,724.24
18550,245.53,Carreta_Sider,28.0,4.46,356.01,374.18,1808.76,780.33
18551,59.85,3/4,4.0,0.82,145.66,123.7,207.61,65.22
18552,278.65,Carreta_Sider,28.0,18.08,374.57,446.64,2235.59,905.46
18553,339.87,Carreta_Sider,28.0,16.05,460.15,515.03,2637.97,1115.5
18554,385.19,Carreta_Sider,28.0,6.68,631.33,569.11,2826.06,1219.41
18555,382.17,Carreta_Sider,28.0,25.49,569.84,593.53,3078.64,1255.14
18556,94.9,VUC,3.0,2.17,221.62,227.16,292.56,61.66
18557,275.06,Carreta_Sider,28.0,15.97,426.28,442.81,2178.0,899.78
18558,299.8,Carreta_Sider,28.0,17.14,438.34,471.07,2356.01,986.51
18559,57.22,Toco,6.0,4.96,124.3,165.89,290.21,71.1
18560,154.64,Toco,6.0,1.4,344.94,383.5,651.39,165.65
18561,52.02,Truck,14.0,13.2,156.24,182.57,470.09,89.33
18562,60.66,3/4,4.0,0.98,166.93,142.99,224.16,51.69
18563,316.64,Carreta_Sider,28.0,15.11,382.29,468.73,2460.9,1037.34
18564,84.05,VUC,3.0,1.08,179.58,159.73,244.85,47.06
18565,90.09,Truck,14.0,10.02,225.23,247.26,616.26,145.13
18566,7.73,VUC,3.0,2.59,41.4,25.98,46.22,9.32
18567,467.75,Carreta_Bau,28.0,18.88,551.89,642.05,3479.29,1489.62
18568,22.65,Toco,6.0,2.04,82.26,64.26,112.41,31.0
18569,290.69,Carreta_Bau,28.0,22.75,406.43,436.47,2330.48,929.47
18570,493.66,Carreta_Bau,28.0,26.64,623.51,683.07,3778.0,1589.12
18571,161.21,VUC,3.0,0.86,336.89,327.56,476.41,105.19
18572,408.19,Carreta_Sider,28.0,10.23,494.1,589.91,3039.95,1308.5
18573,395.9,Carreta_Sider,28.0,16.8,602.99,591.72,3043.81,1300.31
18574,14.53,Truck,14.0,10.9,63.71,65.22,230.29,21.52
18575,384.65,Carreta_Bau,28.0,7.22,526.23,558.48,2754.39,1189.95
18576,74.28,VUC,3.0,0.58,138.67,153.68,215.22,50.34
18577,8.15,Truck,14.0,8.85,26.35,25.16,177.12,9.73
18578,86.14,Truck,14.0,11.59,252.22,290.94,615.62,137.12
18579,376.71,Carreta_Sider,28.0,11.28,528.58,523.96,2817.87,1221.08
18580,5.87,VUC,3.0,1.94,23.64,17.4,39.74,-1.43
18581,58.83,VUC,3.0,2.5,124.88,145.22,199.46,39.6
18582,29.08,Truck,14.0,2.44,99.45,121.79,194.82,46.53
18583,46.82,Truck,14.0,6.1,136.53,154.7,344.08,66.41
18584,44.21,3/4,4.0,1.63,101.67,106.11,169.19,31.9
18585,104.48,Toco,6.0,4.59,321.86,306.8,474.34,116.51
18586,72.15,Truck,14.0,10.03,218.82,244.19,520.12,125.06
18587,49.19,Toco,6.0,5.12,127.23,157.48,263.29,50.48
18588,42.33,Toco,6.0,3.7,113.24,130.99,217.73,41.66
18589,70.46,Toco,6.0,2.06,173.9,200.39,320.27,78.66
18590,410.4,Carreta_Bau,28.0,14.51,505.85,584.19,3035.89,1294.65
18591,88.25,Truck,14.0,6.81,228.84,270.98,556.63,148.17
18592,76.25,VUC,3.0,2.15,165.69,143.74,240.46,50.41
18593,307.37,Carreta_Sider,28.0,26.9,417.89,470.51,2568.54,1021.37
18594,71.04,VUC,3.0,1.62,161.96,168.09,230.5,49.39
18595,48.38,VUC,3.0,2.08,109.4,129.32,155.04,30.82
18596,317.78,Carreta_Sider,28.0,8.43,501.63,482.59,2375.32,1022.44
18597,116.62,Toco,6.0,3.83,317.27,291.04,515.09,124.55
18598,175.06,Truck,14.0,10.77,558.84,521.0,1071.97,288.31
18599,85.92,Toco,6.0,4.8,264.27,237.4,398.94,97.22
18600,48.25,VUC,3.0,2.93,131.22,86.22,168.9,21.38
18601,88.66,Truck,14.0,13.85,226.11,302.37,670.14,155.09
18602,77.07,VUC,3.0,1.76,141.45,183.13,243.13,49.21
18603,17.67,VUC,3.0,2.64,52.03,35.1,71.42,-2.56
18604,482.18,Carreta_Bau,28.0,21.74,718.3,670.45,3633.24,1540.01
18605,229.1,Carreta_Bau,28.0,16.69,391.65,369.91,1826.9,721.58
18606,8.28,VUC,3.0,0.53,17.79,47.26,34.78,-0.02
18607,71.42,3/4,4.0,3.92,197.9,168.42,282.8,71.8
18608,262.4,Carreta_Bau,28.0,27.17,383.19,408.9,2211.74,851.1
18609,66.41,VUC,3.0,1.77,152.19,147.55,210.4,41.84
18610,58.79,VUC,3.0,1.33,149.19,118.64,192.18,37.69
18611,92.84,Toco,6.0,1.47,246.77,259.81,407.8,100.25
18612,175.41,Toco,6.0,1.18,511.8,447.07,732.38,178.21
18613,363.68,Carreta_Bau,28.0,23.32,476.44,520.62,2844.47,1177.8
18614,53.63,VUC,3.0,1.49,119.41,112.49,169.84,34.46
18615,35.66,VUC,3.0,1.89,61.0,79.66,123.53,31.99
18616,409.8,Carreta_Bau,28.0,11.38,563.57,571.9,2982.78,1276.13
18617,55.41,3/4,4.0,2.69,170.01,116.64,213.79,50.2
18618,486.54,Carreta_Bau,28.0,22.26,689.08,660.77,3681.94,1548.81
18619,6.59,Truck,14.0,12.73,25.7,55.51,206.09,-3.43
18620,333.88,Carreta_Sider,28.0,16.01,464.76,524.98,2603.56,1092.33
18621,212.14,Truck,14.0,5.67,521.81,608.66,1200.69,344.3
18622,56.71,Toco,6.0,1.29,173.75,158.72,246.78,57.66
18623,86.12,Toco,6.0,5.26,267.75,265.43,411.44,78.31
18624,125.16,Toco,6.0,5.25,293.54,331.77,573.11,135.96
18625,4.39,3/4,4.0,1.8,20.11,8.0,34.05,5.07
18626,80.92,Truck,14.0,4.57,247.89,257.96,508.22,124.97
18627,76.98,Toco,6.0,4.33,182.29,212.53,363.55,84.99
18628,208.1,Toco,6.0,4.76,437.69,525.05,894.74,225.73
18629,13.66,VUC,3.0,2.29,32.54,25.34,58.44,2.85
18630,357.8,Carreta_Sider,28.0,5.9,594.17,536.04,2619.86,1140.61
18631,81.06,VUC,3.0,2.96,160.88,141.88,269.09,42.38
18632,73.48,3/4,4.0,2.45,141.36,173.47,280.86,64.98
18633,48.69,3/4,4.0,2.67,113.14,119.6,186.59,42.02
18634,508.99,Carreta_Bau,28.0,5.28,772.97,674.21,3573.98,1573.01
18635,26.31,Toco,6.0,0.96,83.31,81.2,115.24,33.53
18636,30.22,VUC,3.0,0.77,87.37,56.63,94.31,17.76
18637,59.72,Truck,14.0,6.75,192.87,200.95,419.66,83.65
18638,26.41,3/4,4.0,3.81,78.6,117.0,134.17,21.61
18639,33.61,Truck,14.0,10.76,119.89,112.05,331.51,49.83
18640,88.71,Truck,14.0,13.99,285.72,287.23,673.6,155.73
18641,70.37,3/4,4.0,2.91,155.72,175.22,265.96,58.37
18642,128.66,Truck,14.0,3.29,330.22,384.7,730.94,210.36
18643,70.98,VUC,3.0,2.22,134.48,152.3,223.49,53.27
18644,90.99,3/4,4.0,2.78,252.57,218.91,342.7,73.98
18645,4.53,VUC,3.0,2.71,27.63,25.99,47.33,3.34
18646,26.25,VUC,3.0,1.84,70.35,78.11,96.21,17.07
18647,260.06,Carreta_Sider,28.0,10.04,373.27,423.8,1995.21,847.84
18648,63.88,VUC,3.0,2.32,160.73,162.38,209.13,47.77
18649,43.88,Truck,14.0,11.07,107.19,143.49,385.06,67.3
18650,378.58,Carreta_Bau,28.0,16.44,600.09,548.72,2830.75,1192.29
18651,14.27,VUC,3.0,0.69,36.05,39.39,58.23,6.65
18652,339.19,Carreta_Bau,28.0,14.05,463.43,510.12,2535.35,1061.61
18653,371.97,Carreta_Bau,28.0,24.19,483.3,525.99,2911.65,1191.73
18654,75.09,VUC,3.0,1.22,137.19,181.92,227.77,45.04
18655,8.28,VUC,3.0,2.32,38.99,34.91,59.46,5.55
18656,53.49,3/4,4.0,1.46,132.58,151.41,203.78,44.25
18657,55.18,VUC,3.0,1.29,91.41,126.51,170.06,40.86
18658,61.87,VUC,3.0,1.31,156.89,137.05,194.73,35.56
18659,32.72,Toco,6.0,1.59,72.51,89.86,162.48,26.56
18660,6.15,VUC,3.0,1.35,6.92,19.69,35.54,1.45
18661,84.9,Truck,14.0,10.71,212.62,239.07,602.42,137.23
18662,88.56,Truck,14.0,6.88,277.63,271.46,555.81,151.42
18663,291.86,Carreta_Sider,28.0,11.33,451.95,445.09,2239.32,945.91
18664,208.49,Toco,6.0,4.47,602.33,533.37,892.76,235.19
18665,47.86,VUC,3.0,1.76,102.49,101.32,144.28,35.53
18666,300.17,Carreta_Bau,28.0,14.57,495.18,458.75,2264.53,934.24
18667,5.88,3/4,4.0,3.31,12.07,28.44,52.81,0.8
18668,257.15,Carreta_Bau,28.0,13.29,324.31,377.34,1966.16,799.15
18669,56.86,3/4,4.0,2.45,143.21,143.45,226.85,56.17
18670,396.45,Carreta_Bau,28.0,4.96,513.78,566.13,2806.51,1226.22
18671,32.75,VUC,3.0,1.32,64.84,92.39,120.07,22.83
18672,20.61,3/4,4.0,1.41,66.68,49.05,84.04,14.41
18673,167.94,VUC,3.0,2.71,388.58,336.93,507.62,107.49
18674,19.37,VUC,3.0,0.5,35.85,67.16,50.65,7.83
18675,20.31,VUC,3.0,2.24,50.65,60.81,79.38,16.41
18676,305.86,Carreta_Sider,28.0,22.2,508.0,467.98,2478.46,1009.81
18677,502.6,Carreta_Sider,28.0,12.11,697.71,690.29,3719.24,1627.74
18678,321.01,Carreta_Bau,28.0,10.32,402.57,473.57,2362.51,1002.83
18679,195.81,3/4,4.0,1.16,445.93,462.33,660.08,167.49
18680,492.74,Carreta_Bau,28.0,10.8,601.4,666.46,3531.12,1540.22
18681,34.11,Toco,6.0,5.56,77.38,84.94,195.35,43.32
18682,29.54,Truck,14.0,2.62,101.34,79.11,206.32,50.9
18683,198.77,VUC,3.0,1.61,394.88,408.94,595.6,124.63
18684,414.25,Carreta_Bau,28.0,10.49,653.14,568.87,2998.98,1294.31
18685,80.11,VUC,3.0,2.22,172.69,161.94,259.46,53.42
18686,49.07,3/4,4.0,1.74,119.82,144.72,177.89,40.33
18687,141.55,Truck,14.0,6.22,440.27,398.44,852.33,229.52
18688,42.92,VUC,3.0,0.6,90.54,89.84,126.14,31.96
18689,17.27,VUC,3.0,2.77,53.98,79.25,84.74,14.01
18690,457.14,Carreta_Bau,28.0,16.61,687.86,625.45,3381.43,1448.56
18691,83.71,VUC,3.0,0.63,174.69,183.66,234.85,52.76
18692,8.99,3/4,4.0,3.16,19.9,56.89,61.28,13.47
18693,25.8,Toco,6.0,4.88,103.19,83.2,165.72,32.28
18694,60.55,3/4,4.0,2.17,168.23,156.19,216.54,47.24
18695,171.74,3/4,4.0,3.93,368.02,389.7,623.27,147.34
18696,67.91,Truck,14.0,4.79,207.06,202.19,423.11,105.25
18697,76.91,Toco,6.0,5.21,174.23,187.84,379.23,79.57
18698,41.34,VUC,3.0,2.61,101.89,95.45,138.34,40.37
18699,35.55,VUC,3.0,1.78,75.24,91.23,124.45,31.17
18700,30.26,3/4,4.0,2.44,94.83,110.88,135.39,31.5
18701,55.7,VUC,3.0,0.74,109.03,118.98,167.41,37.29
18702,35.73,VUC,3.0,0.79,57.42,102.38,111.54,19.79
18703,33.86,VUC,3.0,1.53,78.34,95.4,123.77,16.09
18704,5.54,VUC,3.0,2.79,21.16,14.88,42.11,2.58
18705,90.3,VUC,3.0,1.0,200.52,198.07,266.13,53.5
18706,9.51,3/4,4.0,2.22,12.79,38.12,62.29,11.63
18707,28.65,3/4,4.0,0.82,69.92,59.62,110.49,24.54
18708,87.85,Toco,6.0,2.43,241.23,231.3,385.31,98.77
18709,70.92,Toco,6.0,2.8,172.99,181.85,314.6,77.76
18710,56.61,Truck,14.0,13.56,161.83,188.7,497.11,86.19
18711,262.53,Carreta_Sider,28.0,8.79,373.62,412.96,1981.3,841.68
18712,64.13,Toco,6.0,1.41,177.35,175.22,294.65,70.22
18713,505.39,Carreta_Bau,28.0,5.48,707.55,671.97,3549.27,1560.91
18714,341.24,Carreta_Bau,28.0,16.62,426.33,488.6,2580.66,1075.08
18715,12.83,VUC,3.0,1.77,36.58,14.6,58.93,5.79
18716,77.59,3/4,4.0,1.27,183.22,200.99,279.68,61.51
18717,26.76,VUC,3.0,1.08,68.31,67.73,82.97,8.6
18718,91.02,Truck,14.0,5.89,293.48,293.94,580.78,147.3
18719,25.06,Truck,14.0,2.21,64.9,90.86,174.87,43.87
18720,60.91,3/4,4.0,3.38,126.09,152.27,241.93,50.1
18721,207.2,Toco,6.0,4.84,455.73,525.4,901.29,221.88
18722,53.62,VUC,3.0,1.27,134.28,117.44,175.63,39.06
18723,95.27,Toco,6.0,3.83,219.05,257.42,443.62,110.68
18724,97.89,Truck,14.0,6.01,248.84,294.55,609.32,156.45
18725,17.02,Toco,6.0,1.04,69.94,73.68,77.04,13.37
18726,211.7,VUC,3.0,1.95,530.29,466.57,617.24,135.65
18727,318.91,Carreta_Bau,28.0,21.37,365.03,501.6,2497.87,1018.62
18728,37.03,3/4,4.0,1.74,84.62,119.84,140.95,28.91
18729,75.1,Truck,14.0,4.97,212.15,218.47,473.26,113.34
18730,23.35,VUC,3.0,1.12,66.81,77.29,81.37,19.6
18731,91.62,Truck,14.0,6.25,268.99,282.88,584.92,149.85
18732,30.89,VUC,3.0,1.64,84.21,77.73,93.32,27.52
18733,61.03,Truck,14.0,11.08,222.92,191.44,479.04,101.22
18734,60.32,3/4,4.0,1.28,181.3,144.37,221.36,57.77
18735,301.08,Carreta_Sider,28.0,21.01,487.15,443.64,2421.34,989.97
18736,46.84,VUC,3.0,2.91,99.03,117.79,169.23,27.71
18737,63.64,3/4,4.0,1.21,161.9,154.11,246.52,50.63
18738,71.67,3/4,4.0,2.33,166.03,168.36,272.61,69.94
18739,486.8,Carreta_Sider,28.0,12.8,650.81,702.84,3628.42,1574.54
18740,419.74,Carreta_Sider,28.0,18.49,642.43,611.66,3235.83,1382.48
18741,60.33,VUC,3.0,2.7,130.97,124.55,203.84,37.12
18742,488.01,Carreta_Sider,28.0,25.29,688.15,700.14,3834.45,1613.62
18743,54.96,VUC,3.0,1.58,138.08,149.6,172.52,38.65
18744,312.51,Carreta_Sider,28.0,22.22,389.09,487.65,2546.68,1028.07
18745,59.2,VUC,3.0,1.75,162.44,145.74,191.66,39.51
18746,40.58,VUC,3.0,2.42,104.96,86.68,153.46,27.38
18747,284.83,Carreta_Sider,28.0,25.25,445.37,467.51,2398.48,946.69
18748,335.59,Carreta_Bau,28.0,21.14,399.51,505.22,2619.0,1078.16
18749,253.16,Carreta_Sider,28.0,5.65,354.01,401.14,1882.86,808.37
18750,10.45,VUC,3.0,1.08,36.27,27.19,40.78,7.22
18751,184.59,3/4,4.0,3.27,471.14,423.11,662.93,157.01
18752,18.53,VUC,3.0,0.5,45.85,23.82,56.55,14.29
18753,450.58,Carreta_Sider,28.0,16.53,557.73,623.02,3426.34,1471.83
18754,384.23,Carreta_Bau,28.0,18.73,527.41,533.57,2912.8,1216.93
18755,59.21,Toco,6.0,5.08,145.79,145.57,293.68,70.04
18756,88.37,VUC,3.0,2.51,179.49,190.83,281.53,56.52
18757,6.34,3/4,4.0,0.85,32.71,22.46,25.0,8.17
18758,53.51,3/4,4.0,2.91,132.12,120.98,210.38,39.16
18759,26.94,VUC,3.0,2.47,74.23,85.64,108.91,22.1
18760,55.12,3/4,4.0,0.96,137.08,134.05,198.86,42.26
18761,72.22,VUC,3.0,1.69,182.95,173.49,226.11,49.67
18762,70.93,Truck,14.0,9.83,209.09,207.01,509.08,123.2
18763,69.96,VUC,3.0,1.32,165.48,162.0,221.65,46.57
18764,233.4,Carreta_Bau,28.0,13.02,389.25,389.09,1790.67,737.49
18765,74.88,Toco,6.0,1.42,167.03,207.8,328.08,74.35
18766,10.61,3/4,4.0,3.23,56.35,34.49,81.72,8.71
18767,284.67,Carreta_Sider,28.0,9.84,356.65,438.4,2149.83,912.38
18768,190.82,Toco,6.0,3.12,537.46,492.34,809.13,203.31
18769,50.37,Toco,6.0,3.53,170.22,144.63,244.51,46.87
18770,27.82,Truck,14.0,3.14,122.07,116.73,199.8,44.95
18771,87.84,VUC,3.0,1.55,207.86,179.75,262.03,60.85
18772,334.21,Carreta_Bau,28.0,7.83,453.32,499.24,2407.39,1042.77
18773,247.3,Carreta_Bau,28.0,9.73,368.47,391.89,1845.0,764.71
18774,467.12,Carreta_Sider,28.0,12.68,613.19,663.5,3482.31,1509.01
18775,319.55,Carreta_Sider,28.0,15.86,439.14,487.62,2490.94,1037.09
18776,75.24,Toco,6.0,3.11,161.09,219.28,349.36,77.41
18777,13.79,3/4,4.0,0.84,61.67,33.58,47.64,9.97
18778,269.99,Carreta_Bau,28.0,12.54,450.2,400.76,2039.45,845.7
18779,413.59,Carreta_Sider,28.0,5.13,541.12,590.23,3002.69,1315.68
18780,26.14,VUC,3.0,1.09,69.96,56.48,87.79,9.6
18781,45.43,3/4,4.0,0.89,111.12,120.37,160.81,42.6
18782,91.62,3/4,4.0,1.17,240.77,245.56,314.44,77.34
18783,479.67,Carreta_Sider,28.0,16.16,529.63,680.53,3627.74,1565.25
18784,13.98,VUC,3.0,2.81,34.66,45.27,89.5,11.41
18785,442.4,Carreta_Bau,28.0,8.84,543.1,633.35,3168.98,1377.96
18786,55.69,VUC,3.0,2.31,118.46,132.97,180.01,36.89
18787,35.06,Toco,6.0,1.12,64.84,119.28,154.44,33.06
18788,305.34,Carreta_Sider,28.0,12.19,389.39,465.48,2344.5,994.52
18789,62.82,3/4,4.0,1.96,162.21,154.82,228.18,56.22
18790,246.49,Carreta_Bau,28.0,6.78,364.43,374.47,1808.7,758.23
18791,376.4,Carreta_Sider,28.0,19.36,472.29,567.69,2934.64,1230.43
18792,442.17,Carreta_Bau,28.0,7.67,481.27,616.47,3153.61,1380.73
18793,63.03,VUC,3.0,2.49,128.4,152.75,211.97,40.21
18794,510.92,Carreta_Sider,28.0,18.28,746.11,724.78,3882.21,1669.05
18795,25.89,Truck,14.0,10.92,89.71,101.61,293.37,40.17
18796,75.51,VUC,3.0,0.87,139.66,174.87,227.92,49.89
18797,12.3,Truck,14.0,5.87,47.71,81.35,155.87,17.55
18798,78.45,Toco,6.0,4.5,182.66,215.28,366.71,86.75
18799,23.29,VUC,3.0,1.61,62.1,42.04,80.64,26.45
18800,57.65,VUC,3.0,2.06,110.51,117.62,184.95,29.36
18801,35.61,Truck,14.0,7.02,101.74,130.03,297.59,55.93
18802,59.49,VUC,3.0,2.16,140.44,123.23,196.94,38.78
18803,28.34,Truck,14.0,9.73,89.32,102.17,289.9,37.82
18804,55.78,3/4,4.0,1.62,112.85,132.37,205.5,49.44
18805,289.33,Carreta_Bau,28.0,25.18,369.45,459.66,2369.46,934.55
18806,4.75,VUC,3.0,2.32,15.76,45.44,29.57,-3.86
18807,38.08,3/4,4.0,0.83,117.88,79.11,136.77,31.21
18808,379.0,Carreta_Sider,28.0,5.1,485.94,563.43,2760.89,1207.81
18809,219.57,Truck,14.0,10.62,633.95,655.49,1317.78,365.58
18810,132.17,Toco,6.0,4.12,381.75,348.55,584.01,157.84
18811,202.55,VUC,3.0,2.81,506.24,426.21,612.46,128.93
18812,101.16,Toco,6.0,4.34,233.7,279.7,464.72,113.51
18813,79.2,3/4,4.0,1.31,187.4,192.38,289.67,65.58
18814,311.51,Carreta_Bau,28.0,5.2,432.72,454.95,2211.88,959.2
18815,253.59,Carreta_Sider,28.0,16.87,378.78,388.23,2051.56,827.77
18816,46.13,VUC,3.0,1.72,113.33,114.05,146.86,31.64
18817,383.27,Carreta_Sider,28.0,26.51,438.6,597.87,3114.02,1275.93
18818,356.51,Carreta_Bau,28.0,21.06,555.18,506.74,2757.13,1137.8
18819,166.34,Truck,14.0,12.81,422.87,483.76,1069.45,276.84
18820,381.37,Carreta_Bau,28.0,22.21,458.58,549.7,2940.96,1213.85
18821,49.43,3/4,4.0,2.85,131.19,122.74,191.03,46.39
18822,60.56,VUC,3.0,1.89,146.84,127.27,197.8,44.1
18823,174.65,Truck,14.0,9.0,509.83,532.94,1040.93,291.5
18824,97.53,3/4,4.0,2.33,258.86,260.94,346.31,86.14
18825,507.33,Carreta_Bau,28.0,24.17,693.8,706.63,3846.47,1623.62
18826,106.47,Truck,14.0,4.89,309.59,312.36,637.16,166.98
18827,240.24,Carreta_Sider,28.0,25.98,331.44,411.11,2082.92,803.47
18828,365.94,Carreta_Sider,28.0,17.52,465.62,531.16,2853.59,1189.97
18829,43.51,VUC,3.0,1.57,89.15,99.14,154.22,24.4
18830,252.41,Carreta_Sider,28.0,9.22,333.8,411.36,1923.85,821.53
18831,82.9,Toco,6.0,2.31,249.17,231.72,373.79,91.6
18832,40.7,3/4,4.0,2.59,104.35,114.83,176.6,35.47
18833,89.77,Truck,14.0,3.91,282.21,267.76,538.44,134.95
18834,83.8,3/4,4.0,0.61,177.39,203.13,287.22,65.99
18835,42.32,3/4,4.0,1.48,110.67,104.86,160.69,39.65
18836,37.29,3/4,4.0,1.63,90.61,111.02,135.38,23.91
18837,257.01,Carreta_Sider,28.0,26.6,447.6,435.25,2220.47,857.74
18838,402.16,Carreta_Bau,28.0,18.05,460.77,598.35,3024.45,1267.12
18839,65.57,VUC,3.0,1.48,147.06,151.85,204.33,38.74
18840,350.92,Carreta_Sider,28.0,27.6,541.83,529.55,2895.15,1162.91
18841,72.73,Truck,14.0,6.47,262.39,212.37,473.87,118.58
18842,20.91,3/4,4.0,3.86,59.1,66.39,114.99,9.64
18843,25.94,Truck,14.0,13.3,72.86,73.72,314.11,42.9
18844,17.31,Toco,6.0,4.42,44.63,57.96,121.42,22.17
18845,315.31,Carreta_Bau,28.0,16.7,411.81,465.51,2404.18,997.11
18846,73.22,Toco,6.0,5.09,233.8,189.98,353.57,83.12
18847,471.68,Carreta_Bau,28.0,11.91,735.29,650.09,3398.13,1476.47
18848,69.01,3/4,4.0,1.85,165.23,154.79,250.64,57.7
18849,140.95,Toco,6.0,1.96,404.25,342.37,599.93,150.56
18850,294.65,Carreta_Bau,28.0,10.28,431.14,449.64,2178.45,919.94
18851,21.2,VUC,3.0,0.8,64.58,50.67,77.79,7.9
18852,52.86,VUC,3.0,2.62,96.34,126.71,173.94,32.51
18853,73.55,3/4,4.0,0.6,181.39,180.93,253.0,71.02
18854,90.18,3/4,4.0,2.04,218.23,223.83,332.36,78.63
18855,20.25,VUC,3.0,1.38,48.32,57.22,73.21,19.15
18856,31.69,VUC,3.0,1.44,86.98,85.88,108.2,21.92
18857,196.6,Toco,6.0,5.2,501.61,527.28,874.07,213.5
18858,110.64,3/4,4.0,3.39,285.79,267.56,408.6,93.82
18859,35.7,3/4,4.0,2.86,84.24,103.94,149.91,21.82
18860,60.87,VUC,3.0,2.21,117.09,139.69,191.93,46.28
18861,16.41,VUC,3.0,2.5,61.1,20.72,73.02,15.16
18862,21.6,3/4,4.0,1.91,63.18,62.18,101.89,14.04
18863,511.09,Carreta_Bau,28.0,14.92,677.15,715.59,3729.91,1612.48
18864,75.02,VUC,3.0,1.07,173.42,173.13,236.06,50.88
18865,53.33,VUC,3.0,1.06,134.42,115.1,167.18,34.15
18866,18.6,VUC,3.0,2.83,48.0,57.2,70.31,14.57
18867,39.35,3/4,4.0,3.19,97.69,88.96,173.18,36.66
18868,16.24,Truck,14.0,7.49,56.76,82.94,191.18,28.41
18869,37.0,VUC,3.0,0.55,91.3,81.28,113.49,23.95
18870,406.96,Carreta_Bau,28.0,21.88,588.98,587.67,3126.04,1299.85
18871,40.42,Toco,6.0,5.74,114.11,107.22,232.83,42.04
18872,186.88,Truck,14.0,13.13,554.46,556.61,1185.29,316.43
18873,14.2,VUC,3.0,2.27,49.21,8.93,59.04,19.11
18874,266.03,Carreta_Bau,28.0,19.62,376.16,414.43,2108.07,839.9
18875,9.44,3/4,4.0,1.01,29.09,25.77,41.33,8.03
18876,84.23,VUC,3.0,0.67,195.94,174.77,247.13,49.65
18877,191.06,Truck,14.0,5.26,625.88,508.98,1100.59,311.43
18878,386.06,Carreta_Bau,28.0,17.62,505.51,546.47,2902.69,1224.07
18879,84.78,Toco,6.0,5.56,188.09,233.63,421.78,94.64
18880,4.23,Toco,6.0,5.34,24.15,19.9,76.71,1.72
18881,243.94,Carreta_Bau,28.0,11.48,434.48,392.23,1846.13,759.95
18882,485.94,Carreta_Bau,28.0,12.92,542.58,678.2,3524.97,1519.35
18883,183.21,3/4,4.0,1.66,497.09,426.77,635.92,145.37
18884,62.35,3/4,4.0,2.4,129.29,160.29,240.07,59.11
18885,12.52,VUC,3.0,2.51,22.84,42.97,78.63,11.5
18886,77.72,Toco,6.0,4.89,224.89,219.65,371.09,92.05
18887,84.04,VUC,3.0,2.71,195.79,176.57,272.05,53.18
18888,60.11,3/4,4.0,2.37,135.95,137.86,228.75,53.49
18889,243.68,Carreta_Sider,28.0,19.86,440.79,393.63,2023.63,796.02
18890,59.8,Toco,6.0,5.76,182.35,178.29,316.27,63.56
18891,491.02,Carreta_Bau,28.0,20.28,570.59,668.07,3670.65,1572.94
18892,470.99,Carreta_Sider,28.0,8.18,652.8,656.33,3441.07,1507.76
18893,219.6,3/4,4.0,1.71,524.12,497.4,753.47,189.43
18894,37.8,3/4,4.0,0.86,87.25,101.67,132.43,32.65
18895,26.7,Toco,6.0,1.46,69.74,92.84,125.86,21.47
18896,49.43,Toco,6.0,3.41,145.84,150.06,237.16,53.0
18897,16.17,Toco,6.0,4.67,39.22,35.9,119.64,19.66
18898,65.17,VUC,3.0,0.93,121.17,150.76,194.63,44.71
18899,46.78,VUC,3.0,1.27,110.82,107.8,145.7,20.81
18900,20.16,3/4,4.0,1.74,48.15,63.07,86.69,12.14
18901,57.54,3/4,4.0,3.46,126.07,140.27,227.16,51.18
18902,300.3,Carreta_Sider,28.0,8.58,531.58,448.22,2253.03,958.63
18903,470.57,Carreta_Bau,28.0,5.01,617.76,653.31,3306.77,1456.74
18904,76.37,3/4,4.0,2.72,192.52,183.33,283.81,64.87
18905,380.02,Carreta_Sider,28.0,16.74,612.83,579.49,2930.95,1242.44
18906,57.58,3/4,4.0,0.61,169.52,142.49,185.93,54.13
18907,52.2,Toco,6.0,4.8,156.34,149.22,286.73,51.37
18908,365.84,Carreta_Bau,28.0,14.29,531.83,519.2,2725.43,1152.29
18909,81.14,VUC,3.0,1.85,147.66,179.08,254.32,52.84
18910,4.98,VUC,3.0,2.16,26.8,36.36,35.16,4.05
18911,60.12,Truck,14.0,2.71,154.94,189.0,366.5,94.97
18912,41.28,VUC,3.0,0.89,80.24,99.88,120.97,26.85
18913,375.74,Carreta_Bau,28.0,15.22,493.63,564.18,2806.63,1168.75
18914,21.61,VUC,3.0,0.89,61.81,39.89,61.83,19.86
18915,93.14,Truck,14.0,3.49,317.01,270.24,543.33,142.68
18916,40.75,Toco,6.0,2.56,114.08,123.72,192.98,52.76
18917,34.51,VUC,3.0,1.54,81.93,59.65,125.88,17.31
18918,19.38,3/4,4.0,3.49,52.57,67.63,98.54,11.76
18919,486.42,Carreta_Sider,28.0,18.36,567.23,678.82,3707.91,1594.53
18920,314.8,Carreta_Sider,28.0,26.32,514.92,490.96,2606.31,1048.9
18921,94.8,Toco,6.0,3.23,204.2,264.34,424.34,105.01
18922,172.26,Toco,6.0,3.31,451.87,424.74,750.1,188.67
18923,81.9,Toco,6.0,2.49,190.25,192.37,366.72,87.43
18924,10.37,3/4,4.0,0.88,42.24,8.81,33.6,6.78
18925,55.48,Truck,14.0,4.15,189.89,183.21,358.27,92.13
18926,17.41,Toco,6.0,1.25,63.83,73.11,85.98,15.05
18927,295.91,Carreta_Sider,28.0,20.94,475.87,453.27,2410.03,974.54
18928,404.78,Carreta_Sider,28.0,12.51,624.15,601.89,3043.38,1300.76
18929,69.14,3/4,4.0,0.71,173.16,167.87,232.99,58.57
18930,48.05,Truck,14.0,11.05,149.45,165.86,408.36,80.01
18931,14.05,VUC,3.0,1.1,35.61,54.25,48.75,8.7
18932,54.69,VUC,3.0,2.73,122.02,100.87,172.55,44.29
18933,86.87,Truck,14.0,11.89,256.43,283.13,627.64,151.72
18934,304.16,Carreta_Bau,28.0,11.43,368.29,429.03,2258.54,954.98
18935,228.14,Carreta_Bau,28.0,9.81,331.48,342.89,1717.68,714.92
18936,378.19,Carreta_Sider,28.0,27.84,516.92,553.27,3097.61,1262.9
18937,35.05,3/4,4.0,3.39,106.59,103.05,155.2,31.74
18938,8.62,3/4,4.0,3.75,48.01,45.49,62.98,9.63
18939,90.01,3/4,4.0,0.66,247.33,226.81,306.37,77.55
18940,286.35,Carreta_Bau,28.0,18.44,446.64,441.16,2239.06,908.23
18941,16.9,VUC,3.0,1.13,42.85,41.21,69.6,13.43
18942,47.23,VUC,3.0,1.41,105.8,115.82,151.0,30.43
18943,53.57,VUC,3.0,0.68,131.99,119.22,161.02,35.77
18944,504.2,Carreta_Bau,28.0,22.01,656.4,699.28,3784.7,1614.93
18945,244.66,Carreta_Bau,28.0,16.71,377.44,390.53,1927.56,769.65
18946,399.93,Carreta_Bau,28.0,23.05,513.57,576.92,3100.62,1280.7
18947,25.57,VUC,3.0,0.75,62.0,92.31,82.18,16.47
18948,330.91,Carreta_Bau,28.0,27.94,466.54,517.16,2691.38,1064.61
18949,20.15,VUC,3.0,1.34,63.2,59.84,73.33,19.78
18950,14.3,Truck,14.0,13.42,67.32,67.84,258.01,19.77
18951,10.37,Toco,6.0,4.35,37.44,46.52,85.45,18.53
18952,50.24,3/4,4.0,0.97,105.84,139.85,170.2,35.08
18953,80.62,3/4,4.0,3.26,171.8,197.85,303.44,61.86
18954,127.97,Toco,6.0,3.76,285.95,327.66,572.44,137.74
18955,15.54,VUC,3.0,0.93,42.07,20.08,63.44,11.8
18956,67.76,3/4,4.0,1.24,155.45,160.04,235.63,58.56
18957,294.65,Carreta_Bau,28.0,26.89,434.68,471.05,2426.82,956.93
18958,107.39,Truck,14.0,13.98,377.07,314.99,769.39,175.99
18959,41.55,3/4,4.0,2.56,98.84,128.5,164.54,40.01
18960,7.21,Toco,6.0,1.85,18.81,39.32,62.45,-0.58
18961,52.77,VUC,3.0,1.32,116.56,139.63,170.79,28.75
18962,26.93,Truck,14.0,4.62,76.72,98.25,213.32,42.08
18963,430.68,Carreta_Sider,28.0,18.66,569.0,592.86,3317.76,1405.39
18964,59.08,Toco,6.0,2.94,128.84,158.21,265.99,66.59
18965,35.79,VUC,3.0,1.41,87.12,75.86,127.19,19.56
18966,64.65,Truck,14.0,11.64,224.31,199.11,510.13,112.26
18967,87.58,Toco,6.0,5.81,226.45,242.72,429.16,101.64
18968,26.25,VUC,3.0,0.95,39.79,52.49,81.78,13.21
18969,407.18,Carreta_Bau,28.0,14.06,630.53,555.05,2997.62,1277.55
18970,89.53,Toco,6.0,3.64,271.03,229.89,410.87,96.98
18971,116.47,Truck,14.0,5.03,349.24,360.03,702.26,194.76
18972,22.59,Truck,14.0,6.88,81.54,85.39,227.67,32.03
18973,307.37,Carreta_Sider,28.0,5.53,502.68,451.01,2257.93,967.82
18974,10.43,3/4,4.0,0.74,9.13,31.51,44.92,6.53
18975,21.54,VUC,3.0,2.46,73.46,71.69,75.46,9.41
18976,78.16,3/4,4.0,1.75,156.69,194.99,267.02,58.12
18977,65.66,3/4,4.0,3.01,172.9,168.88,258.55,56.09
18978,503.65,Carreta_Sider,28.0,6.17,745.64,702.38,3649.09,1601.61
18979,215.97,VUC,3.0,2.16,519.74,431.56,627.05,141.38
18980,479.33,Carreta_Sider,28.0,19.75,746.44,680.17,3669.33,1567.78
18981,92.35,3/4,4.0,3.39,225.49,235.03,351.21,94.34
18982,68.59,Toco,6.0,1.94,183.38,155.15,306.0,78.71
18983,159.21,Toco,6.0,3.71,417.94,382.0,680.05,169.71
18984,97.81,Truck,14.0,12.82,338.3,289.05,708.59,159.17
18985,41.55,Toco,6.0,2.02,94.75,109.08,190.34,43.56
18986,320.47,Carreta_Sider,28.0,7.17,431.48,481.02,2378.0,1028.67
18987,85.21,Toco,6.0,2.66,252.02,208.84,379.03,89.61
18988,196.68,3/4,4.0,3.88,462.82,459.91,704.22,164.86
18989,91.19,Toco,6.0,1.7,250.05,272.15,386.38,90.12
18990,76.04,VUC,3.0,0.75,148.82,158.73,226.41,47.76
18991,468.67,Carreta_Bau,28.0,27.95,688.72,642.61,3638.66,1511.43
18992,54.65,Toco,6.0,2.91,150.04,146.32,256.57,60.47
18993,79.14,3/4,4.0,1.11,211.99,197.37,280.36,55.34
18994,20.29,VUC,3.0,1.87,72.16,55.34,86.2,15.41
18995,85.93,Toco,6.0,0.97,263.72,237.84,360.66,89.5
18996,381.42,Carreta_Sider,28.0,14.33,495.16,556.06,2909.85,1229.6
18997,386.93,Carreta_Sider,28.0,5.06,554.57,561.48,2816.34,1233.86
18998,94.96,Truck,14.0,8.83,329.76,327.89,638.85,158.21
18999,381.14,Carreta_Sider,28.0,19.07,488.65,559.53,2965.14,1245.62
19000,383.56,Carreta_Bau,28.0,4.28,567.26,537.57,2716.11,1183.82
19001,412.52,Carreta_Sider,28.0,16.4,555.46,605.34,3151.89,1338.27
19002,64.53,VUC,3.0,2.86,122.28,179.68,229.85,30.82
19003,21.83,Toco,6.0,2.93,92.85,83.95,128.0,22.74
19004,17.14,3/4,4.0,3.85,62.51,55.78,108.0,10.43
19005,91.31,Truck,14.0,13.57,261.52,280.45,675.53,146.43
19006,379.7,Carreta_Bau,28.0,9.92,579.41,557.63,2759.33,1185.56
19007,83.29,3/4,4.0,2.56,164.16,198.88,313.5,71.99
19008,72.13,3/4,4.0,3.42,198.67,197.37,280.67,70.38
19009,449.57,Carreta_Bau,28.0,21.08,510.63,628.15,3402.58,1435.21
19010,90.37,Toco,6.0,4.78,291.09,233.13,403.03,102.19
19011,49.81,Toco,6.0,2.23,167.06,119.56,226.42,49.1
19012,332.2,Carreta_Bau,28.0,26.05,497.37,510.2,2671.78,1059.07
19013,244.04,Carreta_Sider,28.0,9.81,364.71,367.6,1876.19,794.78
19014,84.78,VUC,3.0,2.09,214.38,203.15,271.53,57.22
19015,293.41,Carreta_Sider,28.0,25.26,448.33,449.08,2450.41,982.29
19016,282.1,Carreta_Sider,28.0,12.76,408.45,415.53,2180.18,907.0
19017,236.32,Carreta_Sider,28.0,17.34,309.86,391.57,1932.83,777.1
19018,18.82,VUC,3.0,2.21,65.17,63.85,86.03,13.63
19019,271.57,Carreta_Sider,28.0,26.3,431.99,443.09,2319.44,908.97
19020,258.62,Carreta_Sider,28.0,14.86,374.25,426.37,2046.62,843.5
19021,20.64,VUC,3.0,1.99,30.94,58.52,97.89,12.16
19022,142.23,Truck,14.0,3.79,455.96,428.17,818.29,229.78
19023,447.98,Carreta_Bau,28.0,5.75,636.41,635.21,3168.61,1381.41
19024,50.62,VUC,3.0,0.5,120.9,104.62,162.46,35.88
19025,416.5,Carreta_Sider,28.0,15.54,477.57,604.92,3180.59,1351.68
19026,34.26,VUC,3.0,1.84,97.99,54.54,123.13,18.51
19027,238.45,Carreta_Sider,28.0,6.26,357.5,401.99,1780.27,760.39
19028,496.68,Carreta_Bau,28.0,8.51,615.25,667.09,3537.72,1545.57
19029,43.36,Toco,6.0,2.26,121.77,124.97,208.18,46.82
19030,76.64,VUC,3.0,2.72,161.58,164.9,261.73,48.47
19031,8.86,Toco,6.0,1.41,47.43,29.53,75.18,14.72
19032,498.48,Carreta_Sider,28.0,15.85,615.03,710.42,3749.31,1626.49
19033,69.6,Truck,14.0,11.49,224.56,232.23,536.26,113.09
19034,459.11,Carreta_Bau,28.0,24.91,599.68,639.79,3517.57,1469.82
19035,12.03,VUC,3.0,2.22,26.62,60.87,58.49,6.91
19036,81.12,VUC,3.0,1.13,202.73,189.4,239.09,48.31
19037,107.48,Truck,14.0,3.54,338.04,344.37,639.74,168.53
19038,22.37,VUC,3.0,0.85,66.53,30.68,76.1,17.85
19039,70.88,3/4,4.0,3.22,180.14,164.3,276.97,66.57
19040,57.86,3/4,4.0,1.61,162.11,156.55,213.85,48.29
19041,39.09,3/4,4.0,1.75,105.39,84.25,154.57,32.87
19042,28.35,Toco,6.0,1.8,62.38,81.32,141.7,26.6
19043,9.23,Toco,6.0,3.12,41.75,26.92,71.88,4.68
19044,36.16,3/4,4.0,1.74,96.97,100.5,131.24,34.4
19045,22.25,Truck,14.0,6.35,99.36,82.72,199.13,29.76
19046,16.37,Truck,14.0,2.5,54.53,53.61,118.99,23.04
19047,71.2,3/4,4.0,2.17,135.24,197.36,265.5,57.03
19048,23.34,VUC,3.0,0.74,63.19,67.99,70.97,16.81
19049,252.77,Carreta_Sider,28.0,16.95,369.26,420.16,2043.67,824.16
19050,24.31,Toco,6.0,4.31,59.4,82.18,153.13,23.78
19051,34.98,Truck,14.0,8.6,130.09,137.18,293.66,64.1
19052,46.1,3/4,4.0,1.1,112.22,124.43,166.25,46.58
19053,289.37,Carreta_Sider,28.0,18.87,412.8,431.39,2310.46,950.32
19054,400.45,Carreta_Bau,28.0,14.02,552.16,594.71,2947.73,1258.78
19055,364.8,Carreta_Sider,28.0,12.75,592.21,563.94,2762.42,1178.0
19056,383.31,Carreta_Bau,28.0,7.74,522.74,535.14,2743.96,1188.39
19057,421.07,Carreta_Sider,28.0,27.87,610.25,600.72,3406.03,1399.56
19058,498.09,Carreta_Bau,28.0,13.55,726.69,664.48,3622.06,1568.23
19059,50.75,Toco,6.0,3.23,106.55,129.17,243.64,54.35
19060,329.39,Carreta_Bau,28.0,6.45,544.59,482.52,2373.11,1015.09
19061,479.22,Carreta_Bau,28.0,20.28,597.54,660.16,3582.06,1523.48
19062,441.3,Carreta_Sider,28.0,10.93,673.07,619.34,3277.0,1426.18
19063,64.47,VUC,3.0,2.34,145.55,153.92,215.64,40.56
19064,238.62,Carreta_Bau,28.0,5.8,421.88,371.89,1726.47,732.9
19065,57.56,3/4,4.0,1.61,143.64,156.69,216.98,37.89
19066,47.83,Toco,6.0,4.7,135.89,137.54,253.5,52.19
19067,39.85,Toco,6.0,2.92,145.99,140.95,201.86,44.94
19068,28.19,VUC,3.0,0.54,59.47,101.09,99.96,15.21
19069,440.81,Carreta_Bau,28.0,22.99,615.7,628.6,3370.25,1406.73
19070,68.6,VUC,3.0,2.91,125.82,149.86,229.11,39.38
19071,32.89,VUC,3.0,1.41,77.89,79.04,100.37,19.09
19072,81.31,VUC,3.0,2.04,205.55,194.51,256.15,46.9
19073,144.87,Truck,14.0,6.53,443.54,441.88,862.98,229.7
19074,162.47,Toco,6.0,3.73,463.96,391.74,703.33,174.56
19075,516.76,Carreta_Sider,28.0,21.78,777.56,737.44,3968.97,1713.18
19076,57.34,Toco,6.0,4.13,164.66,155.76,286.35,74.37
19077,277.19,Carreta_Bau,28.0,11.69,347.99,427.86,2071.0,872.5
19078,290.76,Carreta_Sider,28.0,8.85,449.97,448.29,2190.57,936.48
19079,61.69,VUC,3.0,1.84,167.82,133.72,189.93,29.97
19080,50.3,Toco,6.0,4.26,165.12,120.72,244.53,68.45
19081,88.5,VUC,3.0,1.91,191.82,172.09,271.64,58.93
19082,42.37,3/4,4.0,1.04,118.62,105.42,158.85,29.79
19083,42.85,3/4,4.0,1.81,121.49,109.03,160.31,49.52
19084,85.26,Truck,14.0,10.96,222.61,267.55,607.94,140.55
19085,59.05,3/4,4.0,1.1,135.48,150.09,209.94,53.39
19086,44.87,Toco,6.0,5.41,120.5,120.31,241.73,48.09
19087,27.86,3/4,4.0,2.19,94.91,58.39,122.89,26.43
19088,499.19,Carreta_Bau,28.0,23.03,671.13,706.32,3763.59,1601.1
19089,26.3,VUC,3.0,1.32,57.41,74.23,92.84,21.04
19090,76.93,3/4,4.0,1.82,166.09,176.8,270.15,71.22
19091,248.78,Carreta_Bau,28.0,27.22,374.78,422.0,2119.82,803.81
19092,29.43,3/4,4.0,2.53,94.06,67.66,132.36,26.1
19093,4.52,VUC,3.0,0.71,27.36,24.52,25.0,2.6
19094,5.77,Truck,14.0,13.5,65.22,53.6,223.72,4.42
19095,93.03,Toco,6.0,2.81,264.06,238.69,416.36,95.9
19096,54.95,Toco,6.0,4.52,168.21,162.68,280.17,58.76
19097,48.5,VUC,3.0,0.78,86.41,93.43,153.86,36.85
19098,87.53,Toco,6.0,5.26,206.27,235.88,416.92,99.09
19099,36.0,Toco,6.0,5.79,111.44,110.17,220.74,39.52
19100,195.71,3/4,4.0,1.9,400.19,434.98,678.55,163.74
19101,76.34,VUC,3.0,0.82,174.55,177.62,240.11,42.27
19102,69.68,3/4,4.0,2.5,175.29,186.9,264.59,54.79
19103,47.42,VUC,3.0,0.86,114.82,108.63,137.69,30.68
19104,128.07,VUC,3.0,1.58,273.63,276.47,384.78,81.95
19105,317.11,Carreta_Bau,28.0,19.02,393.2,474.43,2452.5,1010.5
19106,179.87,3/4,4.0,1.07,453.75,413.42,621.49,148.78
19107,74.49,VUC,3.0,2.87,178.24,159.3,249.47,51.67
19108,91.89,3/4,4.0,3.0,195.28,220.96,338.94,71.08
19109,122.54,3/4,4.0,1.83,286.99,284.33,425.79,98.49
19110,22.26,VUC,3.0,1.51,42.7,81.18,81.71,15.54
19111,440.55,Carreta_Bau,28.0,24.39,516.94,623.59,3381.64,1413.99
19112,5.59,3/4,4.0,2.22,8.29,15.16,39.54,8.42
19113,78.75,VUC,3.0,2.97,190.18,150.88,254.62,57.6
19114,40.73,VUC,3.0,0.61,90.06,109.48,128.7,31.67
19115,53.54,VUC,3.0,1.14,108.31,142.17,156.58,41.88
19116,234.65,Carreta_Sider,28.0,16.54,329.65,374.0,1898.54,774.45
19117,24.24,VUC,3.0,0.8,26.4,70.24,95.0,13.49
19118,80.6,3/4,4.0,1.81,178.84,202.01,304.53,79.38
19119,69.63,VUC,3.0,1.78,144.19,155.59,226.56,59.15
19120,341.24,Carreta_Bau,28.0,10.41,532.6,480.48,2498.52,1057.49
19121,90.76,3/4,4.0,1.16,197.08,223.77,324.02,72.77
19122,139.47,VUC,3.0,1.13,270.41,316.55,408.52,90.23
19123,309.87,Carreta_Sider,28.0,6.17,383.05,487.77,2270.91,990.16
19124,47.25,3/4,4.0,1.27,135.76,127.46,170.77,31.05
19125,363.53,Carreta_Sider,28.0,5.65,456.96,543.12,2657.08,1154.24
19126,286.19,Carreta_Bau,28.0,26.87,351.83,426.83,2369.76,924.22
19127,92.87,3/4,4.0,1.15,217.42,229.91,329.24,76.38
19128,50.49,3/4,4.0,0.6,141.95,135.67,189.6,44.88
19129,60.55,VUC,3.0,2.89,135.94,133.16,205.33,49.49
19130,238.43,Carreta_Bau,28.0,22.25,392.42,392.86,1962.92,755.66
19131,65.35,Toco,6.0,2.26,180.58,171.85,292.6,81.74
19132,227.16,Carreta_Bau,28.0,25.12,273.51,360.5,1941.52,739.54
19133,48.57,3/4,4.0,3.56,118.37,133.65,203.59,33.32
19134,55.21,3/4,4.0,3.12,143.22,165.88,216.19,41.42
19135,24.32,3/4,4.0,2.61,54.31,58.23,115.5,18.7
19136,141.49,Truck,14.0,9.06,452.38,423.88,874.22,227.47
19137,36.98,VUC,3.0,2.92,83.58,70.95,132.58,27.18
19138,144.17,Toco,6.0,3.27,348.26,376.44,627.29,159.5
19139,67.88,3/4,4.0,3.35,141.14,158.88,261.43,59.17
19140,7.55,Truck,14.0,3.44,30.95,43.21,90.79,13.97
19141,67.74,3/4,4.0,2.98,138.55,181.09,261.87,57.36
19142,305.67,Carreta_Bau,28.0,27.75,442.68,480.1,2516.87,989.71
19143,31.64,3/4,4.0,0.63,74.05,83.72,109.7,35.75
19144,154.0,Toco,6.0,2.22,436.75,383.53,654.61,153.36
19145,28.74,3/4,4.0,3.27,58.03,90.65,128.52,24.81
19146,189.97,Truck,14.0,10.83,537.44,543.98,1176.16,316.41
19147,67.11,Truck,14.0,10.84,229.24,236.65,505.66,110.47
19148,23.56,VUC,3.0,2.96,63.57,63.79,104.45,17.04
19149,91.51,Toco,6.0,1.39,213.02,228.5,395.29,103.41
19150,94.15,VUC,3.0,2.17,221.02,185.17,290.49,58.33
19151,45.69,3/4,4.0,2.78,128.0,113.66,179.32,50.07
19152,40.53,3/4,4.0,1.3,94.83,100.68,157.01,26.46
19153,11.19,Toco,6.0,1.99,43.98,53.04,62.33,15.09
19154,165.05,Toco,6.0,4.22,394.87,411.08,712.22,180.55
19155,74.82,Toco,6.0,4.24,214.87,215.43,359.23,83.19
19156,436.06,Carreta_Sider,28.0,18.48,659.64,595.29,3351.21,1431.79
19157,18.81,Toco,6.0,3.26,70.59,67.5,112.17,17.3
19158,88.91,Toco,6.0,4.4,273.91,228.95,411.05,102.97
19159,94.14,Toco,6.0,2.54,244.52,251.62,408.43,111.23
19160,15.14,Toco,6.0,2.1,57.09,73.29,102.95,14.78
19161,66.15,3/4,4.0,2.62,198.34,176.26,258.95,53.79
19162,286.13,Carreta_Sider,28.0,18.89,392.39,459.0,2296.37,944.12
19163,329.85,Carreta_Bau,28.0,23.53,536.48,517.27,2613.65,1061.68
19164,46.41,VUC,3.0,1.51,113.24,127.21,153.55,21.82
19165,53.24,Toco,6.0,4.8,130.19,173.55,268.4,61.35
19166,20.34,VUC,3.0,2.79,30.05,47.07,85.75,17.19
19167,69.84,VUC,3.0,1.54,184.66,166.53,214.82,44.36
19168,19.16,VUC,3.0,1.83,55.02,63.14,69.66,19.82
19169,84.56,3/4,4.0,3.69,169.94,205.47,333.55,65.16
19170,45.31,3/4,4.0,1.62,118.55,131.03,166.95,27.31
19171,61.77,3/4,4.0,3.06,141.37,154.74,241.93,58.3
19172,342.76,Carreta_Sider,28.0,17.94,559.46,499.18,2687.35,1117.14
19173,87.88,3/4,4.0,2.01,247.18,229.14,328.68,74.06
19174,71.15,3/4,4.0,3.54,171.41,166.89,279.16,55.78
19175,263.46,Carreta_Bau,28.0,7.93,407.96,380.01,1945.55,821.47
19176,221.83,Carreta_Bau,28.0,5.04,341.13,398.59,1606.78,685.59
19177,53.22,VUC,3.0,0.98,84.68,106.49,162.3,32.98
19178,40.64,VUC,3.0,2.68,75.61,106.05,152.07,20.37
19179,257.54,Carreta_Bau,28.0,12.38,371.85,387.6,1965.11,805.53
19180,46.05,Truck,14.0,10.24,126.03,153.06,385.53,77.62
19181,35.09,Toco,6.0,2.08,105.22,95.5,177.38,34.95
19182,90.1,Toco,6.0,3.4,226.28,227.19,412.64,95.33
19183,27.01,Toco,6.0,3.57,68.64,98.85,148.67,29.42
19184,322.3,Carreta_Bau,28.0,10.04,511.72,506.2,2363.26,1007.53
19185,247.4,Carreta_Sider,28.0,13.42,321.18,402.42,1947.3,803.84
19186,153.06,3/4,4.0,1.49,302.74,330.82,524.49,134.19
19187,483.32,Carreta_Bau,28.0,6.6,680.58,641.48,3421.26,1494.53
19188,41.25,VUC,3.0,1.55,91.21,85.8,135.9,31.43
19189,406.27,Carreta_Sider,28.0,17.61,531.62,596.0,3131.81,1322.21
19190,123.16,3/4,4.0,0.91,281.04,283.08,425.67,104.36
19191,74.82,Truck,14.0,6.36,267.15,264.68,484.8,123.16
19192,37.16,Toco,6.0,3.26,84.52,109.95,206.98,52.08
19193,84.68,3/4,4.0,3.77,165.17,216.99,329.19,70.01
19194,26.12,3/4,4.0,2.68,73.0,72.39,127.36,16.27
19195,6.85,VUC,3.0,2.85,25.95,27.4,54.47,0.64
19196,61.22,3/4,4.0,2.38,153.34,147.44,242.92,48.83
19197,50.25,Toco,6.0,5.0,130.83,144.83,260.07,57.45
19198,88.91,Truck,14.0,3.25,291.44,264.48,525.56,136.13
19199,42.51,3/4,4.0,2.52,119.32,111.56,169.1,37.9
19200,16.34,VUC,3.0,1.35,30.44,38.5,58.6,10.58
19201,34.01,VUC,3.0,2.31,112.53,114.98,124.68,26.63
19202,479.92,Carreta_Sider,28.0,25.09,636.63,696.1,3762.65,1596.12
19203,39.78,Toco,6.0,4.53,109.0,126.94,207.63,47.8
19204,57.06,Toco,6.0,1.35,156.29,156.21,248.63,63.18
19205,28.98,3/4,4.0,2.71,86.37,60.5,126.32,30.57
19206,167.45,3/4,4.0,3.13,321.19,370.01,603.25,136.3
19207,136.54,Toco,6.0,1.05,315.93,350.67,560.07,137.59
19208,54.08,Truck,14.0,4.12,186.02,172.45,346.8,86.85
19209,86.63,VUC,3.0,2.18,132.45,196.46,266.6,56.47
19210,168.62,Truck,14.0,5.85,576.3,497.94,989.27,267.98
19211,491.54,Carreta_Bau,28.0,5.68,678.45,658.11,3461.15,1520.25
19212,42.56,VUC,3.0,2.72,82.12,138.18,158.71,21.3
19213,63.29,VUC,3.0,2.88,139.48,148.57,212.51,40.16
19214,24.83,VUC,3.0,1.4,50.05,57.54,90.22,15.74
19215,76.92,Toco,6.0,5.96,175.74,205.88,392.43,88.44
19216,189.05,Toco,6.0,5.27,482.47,495.31,822.82,206.44
19217,429.47,Carreta_Sider,28.0,17.43,663.63,618.61,3288.62,1409.44
19218,368.29,Carreta_Sider,28.0,21.98,451.64,568.35,2931.18,1223.16
19219,315.24,Carreta_Sider,28.0,26.48,390.39,496.82,2626.67,1057.04
19220,28.54,Toco,6.0,4.61,74.71,85.97,163.94,40.39
19221,250.38,Carreta_Sider,28.0,12.23,310.45,384.42,1956.05,814.7
19222,56.76,Toco,6.0,1.88,135.73,172.78,255.26,63.79
19223,31.32,Toco,6.0,3.1,87.54,81.66,166.4,30.16
19224,134.5,Truck,14.0,4.32,419.41,409.6,781.37,213.62
19225,10.13,3/4,4.0,0.67,23.9,29.46,25.0,13.13
19226,397.03,Carreta_Sider,28.0,15.05,518.14,592.78,3029.73,1282.07
19227,262.78,Carreta_Bau,28.0,12.04,306.92,426.05,1987.51,828.78
19228,322.37,Carreta_Bau,28.0,6.47,545.43,460.35,2313.27,993.83
19229,117.0,Toco,6.0,5.34,320.89,296.99,530.06,126.74
19230,33.09,VUC,3.0,0.76,82.52,111.29,100.78,24.71
19231,23.29,3/4,4.0,2.74,49.69,74.97,116.58,21.28
19232,424.77,Carreta_Sider,28.0,17.75,553.18,626.7,3259.25,1386.82
19233,85.23,Truck,14.0,13.75,282.62,252.78,646.79,138.05
19234,389.22,Carreta_Bau,28.0,10.24,607.58,537.32,2822.37,1205.66
19235,28.22,VUC,3.0,1.05,61.03,73.4,95.22,7.05
19236,92.67,3/4,4.0,2.73,267.72,217.25,333.86,86.42
19237,48.8,3/4,4.0,2.5,144.13,110.92,191.55,40.43
19238,319.95,Carreta_Bau,28.0,23.52,470.16,491.18,2554.83,1020.59
19239,305.93,Carreta_Sider,28.0,8.32,446.35,442.07,2283.02,984.62
19240,238.24,Carreta_Sider,28.0,11.35,433.37,393.52,1851.69,764.81
19241,24.12,VUC,3.0,0.46,66.89,49.06,82.82,11.29
19242,39.61,VUC,3.0,2.29,77.29,104.61,143.53,31.63
19243,20.69,3/4,4.0,1.71,44.14,63.4,93.01,21.11
19244,79.87,VUC,3.0,1.05,197.69,183.71,242.9,51.48
19245,14.92,Truck,14.0,9.3,50.63,90.23,210.2,21.74
19246,83.49,VUC,3.0,1.09,213.2,174.42,249.58,54.06
19247,8.18,Truck,14.0,2.78,51.43,32.91,95.97,15.98
19248,31.26,VUC,3.0,1.05,62.68,93.49,98.79,21.08
19249,240.52,Carreta_Sider,28.0,24.42,314.71,430.96,2059.42,803.36
19250,124.1,Truck,14.0,9.18,394.82,392.8,781.25,198.79
19251,16.73,Toco,6.0,3.3,67.71,28.66,104.8,16.86
19252,66.36,3/4,4.0,2.27,155.76,172.22,245.03,59.05
19253,386.85,Carreta_Sider,28.0,27.93,576.18,571.3,3148.87,1288.65
19254,114.11,Toco,6.0,1.06,320.41,310.7,471.09,125.85
19255,95.6,Toco,6.0,1.72,222.52,249.74,412.97,108.82
19256,50.62,VUC,3.0,2.66,108.14,112.84,168.05,33.35
19257,89.48,Truck,14.0,8.46,300.9,272.39,598.84,148.42
19258,108.17,Truck,14.0,13.94,293.93,327.3,776.82,180.08
19259,37.32,VUC,3.0,2.19,81.31,72.01,147.77,22.69
19260,7.71,VUC,3.0,2.29,31.84,23.94,44.81,11.42
19261,181.47,Truck,14.0,9.0,495.21,536.01,1093.69,293.6
19262,73.31,Toco,6.0,0.99,191.84,219.09,307.96,81.87
19263,337.33,Carreta_Bau,28.0,25.81,378.2,517.3,2695.35,1083.3
19264,384.49,Carreta_Bau,28.0,16.65,443.96,549.18,2881.82,1210.31
19265,56.73,VUC,3.0,0.47,154.25,123.43,163.95,40.54
19266,273.81,Carreta_Sider,28.0,9.2,479.29,387.18,2066.75,882.99
19267,79.3,VUC,3.0,1.34,145.27,169.86,243.19,47.22
19268,268.67,Carreta_Sider,28.0,11.01,458.44,426.7,2056.27,865.44
19269,340.13,Carreta_Sider,28.0,4.86,436.6,494.46,2488.96,1081.94
19270,348.65,Carreta_Sider,28.0,10.87,571.49,511.67,2630.7,1125.0
19271,42.78,3/4,4.0,3.65,110.38,77.82,180.37,34.55
19272,454.12,Carreta_Bau,28.0,18.21,526.43,615.67,3394.02,1447.8
19273,443.11,Carreta_Bau,28.0,11.98,564.72,600.0,3220.7,1380.64
19274,445.0,Carreta_Sider,28.0,6.3,553.42,617.98,3242.35,1413.09
19275,71.17,3/4,4.0,3.15,214.81,132.61,263.66,60.53
19276,19.57,3/4,4.0,3.04,54.49,57.88,89.95,6.84
19277,453.77,Carreta_Sider,28.0,4.26,637.36,635.32,3289.3,1438.54
19278,94.96,Toco,6.0,5.97,226.12,261.1,467.01,102.5
19279,19.8,VUC,3.0,1.13,50.95,47.21,80.36,12.63
19280,468.93,Carreta_Sider,28.0,10.45,667.05,672.07,3479.33,1509.22
19281,331.01,Carreta_Sider,28.0,11.36,449.49,523.73,2516.58,1069.24
19282,347.95,Carreta_Bau,28.0,27.09,555.2,504.26,2797.71,1118.95
19283,79.51,3/4,4.0,3.46,149.03,176.48,310.43,66.69
19284,23.33,VUC,3.0,2.08,69.31,65.84,85.53,17.96
19285,75.21,3/4,4.0,2.28,192.3,191.65,280.43,52.43
19286,82.37,VUC,3.0,1.28,187.48,164.53,254.64,54.48
19287,404.07,Carreta_Sider,28.0,12.17,624.49,609.45,3039.15,1295.29
19288,83.77,Truck,14.0,5.98,259.34,246.39,531.32,135.8
19289,47.29,3/4,4.0,3.53,116.61,119.05,186.48,43.43
19290,43.02,3/4,4.0,2.92,92.98,121.84,168.43,38.36
19291,79.87,Toco,6.0,2.97,252.49,235.8,363.79,83.25
19292,179.58,Toco,6.0,5.97,384.97,448.73,797.86,201.1
19293,248.2,Carreta_Bau,28.0,8.42,311.44,397.9,1838.01,765.96
19294,56.73,Truck,14.0,3.01,189.75,180.24,343.28,97.7
19295,60.54,Toco,6.0,2.78,182.62,147.65,289.08,69.49
19296,25.48,3/4,4.0,3.94,77.01,65.84,125.4,17.38
19297,44.6,Toco,6.0,1.02,142.98,110.97,206.42,54.19
19298,482.88,Carreta_Sider,28.0,6.13,737.67,682.19,3497.61,1542.03
19299,317.17,Carreta_Bau,28.0,12.33,402.69,451.02,2364.3,987.28
19300,37.62,VUC,3.0,2.97,90.1,97.25,134.64,30.55
19301,117.01,3/4,4.0,1.77,302.83,275.63,413.32,106.71
19302,64.54,Toco,6.0,4.36,204.67,183.98,322.1,69.44
19303,21.88,3/4,4.0,3.54,70.02,66.0,120.53,20.72
19304,40.92,3/4,4.0,2.88,109.22,95.44,165.42,34.94
19305,81.23,Toco,6.0,1.36,207.68,223.08,344.61,89.35
19306,53.73,Toco,6.0,1.66,123.98,152.37,230.11,61.33
19307,267.36,Carreta_Bau,28.0,10.36,352.54,404.26,1979.82,838.48
19308,163.34,Toco,6.0,4.96,366.35,457.72,717.21,170.77
19309,85.54,Toco,6.0,4.99,201.57,214.72,402.36,91.71
19310,246.42,Carreta_Sider,28.0,8.25,389.96,402.7,1858.71,794.77
19311,25.16,Toco,6.0,2.83,65.35,89.78,136.18,23.67
19312,44.03,Truck,14.0,3.76,120.56,142.99,291.83,72.42
19313,49.54,3/4,4.0,2.21,122.05,129.81,192.03,37.39
19314,40.45,VUC,3.0,1.38,93.97,101.91,126.15,29.16
19315,66.29,VUC,3.0,2.98,180.77,148.84,218.75,43.74
19316,326.61,Carreta_Bau,28.0,13.45,460.14,475.16,2439.05,1027.89
19317,309.68,Carreta_Bau,28.0,5.39,420.43,454.1,2220.6,957.41
19318,17.53,3/4,4.0,2.37,62.05,46.92,82.26,7.86
19319,303.45,Carreta_Bau,28.0,25.79,433.84,490.28,2459.65,987.15
19320,51.27,VUC,3.0,1.39,111.47,130.12,160.2,26.13
19321,102.79,3/4,4.0,3.38,235.61,246.57,381.0,100.99
19322,16.63,3/4,4.0,2.02,49.72,42.72,69.29,3.25
19323,61.26,Toco,6.0,3.8,140.0,166.32,292.47,67.11
19324,284.17,Carreta_Sider,28.0,16.16,484.09,440.51,2241.16,919.09
19325,79.55,VUC,3.0,2.68,156.2,175.44,256.37,60.04
19326,5.82,Truck,14.0,8.86,36.21,23.18,155.83,4.47
19327,45.58,Toco,6.0,2.83,127.9,123.72,216.73,43.74
19328,48.84,Truck,14.0,11.23,147.22,152.36,419.32,81.05
19329,69.54,VUC,3.0,0.58,135.23,144.94,204.49,50.77
19330,10.8,3/4,4.0,1.53,47.63,65.43,53.32,15.22
19331,107.31,VUC,3.0,1.18,232.95,228.06,317.86,66.99
19332,40.95,3/4,4.0,2.53,112.67,110.23,165.64,33.25
19333,75.48,Toco,6.0,5.15,163.71,203.65,360.22,85.94
19334,52.43,Truck,14.0,8.69,152.26,183.85,388.27,85.63
19335,267.07,Carreta_Sider,28.0,15.11,447.73,421.93,2118.12,868.91
19336,369.97,Carreta_Sider,28.0,5.75,411.75,531.3,2708.2,1179.06
19337,72.24,Truck,14.0,13.64,162.77,225.83,572.03,123.86
19338,37.12,VUC,3.0,1.2,93.22,78.35,126.94,25.82
19339,87.73,Truck,14.0,3.64,241.08,289.5,543.03,148.38
19340,11.04,3/4,4.0,3.43,26.34,47.25,67.31,6.33
19341,12.3,Toco,6.0,5.44,46.49,43.69,116.68,10.39
19342,52.09,VUC,3.0,1.21,111.37,131.21,167.13,32.61
19343,148.51,VUC,3.0,1.85,307.27,333.67,433.65,94.47
19344,46.84,Truck,14.0,11.42,176.85,152.44,398.04,81.94
19345,484.63,Carreta_Sider,28.0,4.72,652.71,669.29,3508.47,1536.75
19346,62.1,Toco,6.0,5.93,154.16,174.91,324.48,75.42
19347,24.84,Toco,6.0,2.55,72.73,69.77,128.54,25.32
19348,362.97,Carreta_Sider,28.0,15.62,438.74,534.26,2783.79,1187.53
19349,187.48,Toco,6.0,1.16,473.8,471.06,779.0,211.79
19350,24.57,Truck,14.0,2.66,81.12,90.02,166.02,44.4
19351,262.49,Carreta_Sider,28.0,6.86,458.62,456.12,1956.77,842.12
19352,72.17,VUC,3.0,1.27,161.5,148.04,214.41,51.46
19353,30.55,3/4,4.0,3.73,68.59,64.89,143.77,24.98
19354,136.19,3/4,4.0,2.35,290.88,332.57,476.79,116.93
19355,104.38,Toco,6.0,2.56,275.32,278.0,449.12,109.04
19356,70.18,3/4,4.0,2.13,193.76,167.86,266.52,56.34
19357,484.24,Carreta_Bau,28.0,10.51,629.33,673.25,3480.27,1511.74
19358,381.95,Carreta_Bau,28.0,19.05,556.8,536.0,2903.4,1212.98
19359,62.3,Toco,6.0,3.49,173.3,177.51,298.43,69.86
19360,11.58,Toco,6.0,2.83,55.51,45.65,75.63,13.17
19361,68.71,VUC,3.0,2.2,121.75,154.76,222.98,43.06
19362,84.04,3/4,4.0,1.93,158.31,203.48,307.41,75.53
19363,426.35,Carreta_Sider,28.0,23.4,525.45,658.64,3353.28,1407.26
19364,78.31,VUC,3.0,1.98,157.7,166.74,249.46,51.73
19365,359.42,Carreta_Sider,28.0,9.01,501.61,518.01,2676.94,1159.77
19366,4.81,VUC,3.0,0.87,29.11,29.83,26.41,6.58
19367,480.38,Carreta_Sider,28.0,10.29,695.79,688.17,3556.59,1546.42
19368,475.77,Carreta_Sider,28.0,26.05,557.06,667.99,3751.05,1573.35
19369,119.72,3/4,4.0,3.4,272.76,288.63,434.78,101.48
19370,175.52,Truck,14.0,13.67,471.35,506.29,1129.39,304.19
19371,263.21,Carreta_Bau,28.0,21.91,404.35,401.07,2133.98,839.24
19372,53.11,Truck,14.0,12.98,195.57,178.46,456.5,88.56
19373,239.96,Carreta_Sider,28.0,12.66,339.31,383.43,1871.04,777.23
19374,318.37,Carreta_Sider,28.0,18.95,536.44,474.4,2529.51,1045.73
19375,87.11,3/4,4.0,1.93,213.49,197.68,321.05,70.22
19376,58.48,VUC,3.0,2.66,137.01,126.39,202.79,41.98
19377,208.28,3/4,4.0,3.99,411.32,488.96,746.31,183.06
19378,30.42,VUC,3.0,2.35,76.76,62.15,123.36,11.13
19379,21.7,VUC,3.0,2.44,71.36,59.1,90.44,1.39
19380,66.33,Toco,6.0,5.39,186.72,158.85,333.84,70.72
19381,74.18,VUC,3.0,0.69,153.97,161.35,222.04,40.57
19382,87.05,3/4,4.0,2.24,190.49,219.98,313.34,75.33
19383,86.42,3/4,4.0,3.09,212.05,202.29,317.38,72.28
19384,433.92,Carreta_Sider,28.0,18.6,516.43,635.87,3332.88,1423.68
19385,34.87,VUC,3.0,1.83,74.59,57.77,117.04,24.83
19386,58.95,VUC,3.0,1.43,119.59,118.07,190.21,32.57
19387,98.18,Toco,6.0,2.02,247.16,267.69,414.8,103.35
19388,431.39,Carreta_Sider,28.0,26.15,674.37,643.51,3432.64,1432.26
19389,13.24,3/4,4.0,3.1,29.13,72.69,85.81,16.03
19390,12.6,VUC,3.0,2.01,50.79,48.97,56.31,7.25
19391,262.18,Carreta_Bau,28.0,6.23,376.57,417.67,1899.31,816.58
19392,97.18,3/4,4.0,0.98,206.81,217.85,336.42,87.39
19393,10.5,Toco,6.0,3.1,49.09,45.79,93.81,10.69
19394,88.37,Truck,14.0,3.6,250.91,250.91,531.0,138.82
19395,455.0,Carreta_Bau,28.0,7.74,633.73,639.86,3242.82,1406.39
19396,284.87,Carreta_Bau,28.0,6.14,440.6,423.39,2056.16,883.83
19397,17.87,Toco,6.0,2.4,54.95,70.14,105.8,18.71
19398,403.01,Carreta_Bau,28.0,4.46,539.06,529.6,2855.07,1237.28
19399,468.34,Carreta_Bau,28.0,21.63,572.68,620.33,3532.26,1499.13
19400,109.58,Toco,6.0,3.96,275.1,314.01,493.77,124.19
19401,206.42,3/4,4.0,2.33,498.75,523.16,719.18,170.44
19402,145.53,3/4,4.0,3.96,365.17,345.89,539.78,128.23
19403,47.89,3/4,4.0,2.24,121.5,144.44,198.0,43.53
19404,43.41,VUC,3.0,2.67,79.72,92.48,149.94,36.86
19405,136.65,Toco,6.0,1.87,379.25,331.91,581.34,145.34
19406,33.55,3/4,4.0,1.5,103.6,113.49,132.09,28.13
19407,52.93,VUC,3.0,1.29,127.66,119.37,156.94,36.97
19408,4.25,3/4,4.0,3.97,33.43,24.34,67.04,10.04
19409,496.9,Carreta_Sider,28.0,25.8,687.14,734.82,3905.4,1653.77
19410,437.37,Carreta_Bau,28.0,14.88,581.63,607.18,3225.94,1377.64
19411,38.59,Toco,6.0,5.21,105.58,100.04,216.41,39.82
19412,47.62,VUC,3.0,1.04,99.01,90.78,139.54,28.52
19413,77.1,VUC,3.0,1.96,183.32,171.24,246.08,48.93
19414,250.01,Carreta_Bau,28.0,8.05,350.34,401.44,1834.11,779.19
19415,387.1,Carreta_Bau,28.0,17.89,448.84,553.65,2914.65,1228.16
19416,67.79,VUC,3.0,1.02,142.66,149.95,207.01,39.44
19417,81.33,VUC,3.0,1.94,188.59,169.05,258.54,56.63
19418,485.76,Carreta_Bau,28.0,14.4,557.53,659.89,3542.89,1526.44
19419,38.24,VUC,3.0,1.87,96.74,113.55,128.85,23.82
19420,188.85,Toco,6.0,1.72,488.54,479.8,787.47,205.54
19421,16.82,VUC,3.0,1.74,53.04,36.7,61.8,15.26
19422,40.5,Toco,6.0,2.51,143.35,141.89,193.55,45.32
19423,91.64,Toco,6.0,1.63,249.69,239.56,383.04,107.15
19424,23.5,VUC,3.0,1.73,40.77,58.75,91.47,5.7
19425,19.9,VUC,3.0,0.8,38.92,49.58,85.16,17.36
19426,101.01,Truck,14.0,7.18,340.01,285.83,640.32,159.51
19427,89.93,VUC,3.0,1.27,190.27,191.11,278.98,57.09
19428,90.44,Toco,6.0,3.67,201.85,244.97,409.99,98.57
19429,445.25,Carreta_Sider,28.0,15.71,679.13,632.28,3367.11,1449.51
19430,402.15,Carreta_Bau,28.0,7.4,495.51,577.16,2889.29,1241.49
19431,17.58,Truck,14.0,5.42,90.03,60.88,165.42,21.67
19432,74.02,3/4,4.0,2.49,148.79,184.77,283.39,53.39
19433,43.11,Toco,6.0,5.15,125.73,120.11,239.48,46.6
19434,48.79,3/4,4.0,0.8,114.63,136.65,182.74,41.21
19435,163.11,Toco,6.0,1.36,435.53,439.64,679.77,176.61
19436,49.38,VUC,3.0,2.48,113.57,131.77,161.07,37.98
19437,92.12,3/4,4.0,1.76,242.35,221.41,325.57,81.78
19438,303.1,Carreta_Bau,28.0,10.31,494.3,451.92,2250.88,949.86
19439,20.8,VUC,3.0,1.04,42.0,53.58,74.0,8.2
19440,74.35,Toco,6.0,5.85,221.78,189.47,387.58,88.2
19441,4.52,Toco,6.0,3.5,29.93,43.94,59.32,6.83
19442,163.18,Toco,6.0,1.72,429.02,388.89,688.88,167.83
19443,351.11,Carreta_Bau,28.0,13.86,417.66,505.89,2606.52,1108.09
19444,61.2,3/4,4.0,1.49,160.2,174.14,223.66,46.94
19445,370.22,Carreta_Bau,28.0,8.21,595.08,504.55,2681.16,1143.9
19446,63.39,3/4,4.0,3.93,181.77,165.05,253.28,62.8
19447,72.59,3/4,4.0,2.11,188.34,187.89,263.75,62.65
19448,88.26,Toco,6.0,4.43,244.83,229.28,417.41,91.61
19449,72.6,VUC,3.0,2.74,132.45,147.78,238.5,44.83
19450,70.63,VUC,3.0,0.97,143.94,133.51,225.58,49.97
19451,212.59,Toco,6.0,1.55,451.28,532.91,880.99,220.72
19452,27.09,Truck,14.0,5.2,102.63,90.0,219.48,43.09
19453,426.86,Carreta_Bau,28.0,21.16,589.35,586.79,3245.34,1360.29
19454,296.28,Carreta_Bau,28.0,13.29,364.76,461.58,2224.05,943.04
19455,94.35,Truck,14.0,7.92,304.89,278.45,605.65,146.89
19456,46.63,VUC,3.0,0.5,123.76,113.89,131.44,22.16
19457,41.99,VUC,3.0,0.46,106.33,85.84,105.4,23.48
19458,49.67,3/4,4.0,1.98,128.0,133.69,189.49,38.78
19459,39.86,3/4,4.0,1.11,95.69,106.7,139.66,33.44
19460,395.2,Carreta_Bau,28.0,23.03,597.54,587.4,3051.99,1262.53
19461,366.92,Carreta_Sider,28.0,26.84,568.32,536.8,3002.11,1226.55
19462,58.02,Truck,14.0,13.12,155.62,184.36,485.83,97.3
19463,35.82,VUC,3.0,1.64,91.64,99.03,125.33,18.15
19464,25.83,Toco,6.0,2.36,80.31,73.42,124.66,26.61
19465,286.57,Carreta_Bau,28.0,15.71,472.97,433.76,2195.4,902.15
19466,88.45,VUC,3.0,0.72,156.85,201.03,272.98,61.39
19467,88.43,Toco,6.0,5.71,189.62,234.62,425.89,102.52
19468,219.4,Truck,14.0,10.09,699.3,641.98,1320.97,365.26
19469,49.16,VUC,3.0,1.18,106.69,111.45,169.45,27.61
19470,91.56,Toco,6.0,4.77,237.83,240.87,426.85,102.34
19471,181.83,Truck,14.0,5.02,625.19,511.71,1040.32,287.76
19472,41.83,VUC,3.0,2.37,87.39,92.46,131.85,30.48
19473,39.25,3/4,4.0,1.97,93.91,110.65,156.92,39.27
19474,87.44,Toco,6.0,5.31,236.26,231.53,422.08,86.3
19475,61.6,Toco,6.0,5.95,148.59,180.19,328.08,68.16
19476,412.03,Carreta_Sider,28.0,11.82,650.81,589.96,3094.38,1330.39
19477,73.39,VUC,3.0,1.86,131.72,170.09,223.6,51.8
19478,367.83,Carreta_Bau,28.0,9.86,472.49,517.64,2684.93,1142.71
19479,41.56,VUC,3.0,2.49,72.43,82.21,144.63,24.11
19480,214.4,Toco,6.0,3.41,551.57,557.52,913.02,233.69
19481,506.02,Carreta_Bau,28.0,27.61,681.68,690.72,3886.85,1637.81
19482,41.04,VUC,3.0,2.71,116.12,87.94,142.45,27.95
19483,439.39,Carreta_Sider,28.0,10.69,552.79,625.75,3254.55,1420.29
19484,148.89,VUC,3.0,0.75,354.34,292.07,435.56,97.24
19485,164.09,Toco,6.0,4.06,357.65,414.64,708.38,176.8
19486,11.58,VUC,3.0,1.26,19.58,26.94,46.41,7.58
19487,326.22,Carreta_Sider,28.0,10.24,390.79,487.8,2455.56,1052.99
19488,91.97,Toco,6.0,3.68,234.68,242.29,415.66,96.27
19489,138.51,VUC,3.0,1.82,341.54,290.12,403.73,85.71
19490,504.84,Carreta_Bau,28.0,16.99,610.94,689.28,3693.44,1588.63
19491,24.74,Toco,6.0,2.4,70.11,100.31,136.41,32.61
19492,366.16,Carreta_Sider,28.0,7.9,499.41,569.17,2715.3,1183.88
19493,123.12,3/4,4.0,1.22,308.05,295.75,411.48,99.54
19494,48.98,Truck,14.0,10.67,160.25,162.72,411.62,83.92
19495,14.43,3/4,4.0,2.19,41.07,35.48,75.69,18.58
19496,62.87,3/4,4.0,2.2,155.22,145.33,228.06,47.54
19497,39.57,3/4,4.0,3.92,95.06,102.03,184.29,36.22
19498,73.86,3/4,4.0,3.72,199.83,197.15,298.34,70.71
19499,283.48,Carreta_Sider,28.0,5.75,411.5,422.26,2103.96,902.78
19500,52.08,VUC,3.0,2.48,98.72,125.07,187.68,33.64
19501,189.34,VUC,3.0,1.08,386.84,393.08,559.16,126.99
19502,303.44,Carreta_Sider,28.0,21.39,402.41,490.86,2456.69,997.69
19503,199.99,Toco,6.0,1.78,536.54,503.44,834.07,211.02
19504,15.78,VUC,3.0,0.82,17.93,33.78,57.99,9.19
19505,4.98,3/4,4.0,3.79,20.57,18.7,70.9,13.6
19506,448.51,Carreta_Sider,28.0,17.49,511.43,668.2,3423.73,1469.93
19507,23.33,Toco,6.0,2.68,49.57,75.87,124.29,28.04
19508,69.92,VUC,3.0,2.72,137.91,172.01,219.14,48.54
19509,401.47,Carreta_Sider,28.0,11.1,628.82,586.05,3006.41,1289.34
19510,79.39,Toco,6.0,1.23,230.14,221.26,341.17,87.42
19511,35.06,Toco,6.0,2.91,103.82,100.18,172.89,36.0
19512,52.77,Truck,14.0,10.52,168.11,175.93,432.1,86.44
19513,25.84,Truck,14.0,9.98,86.21,87.24,273.32,41.62
19514,480.3,Carreta_Sider,28.0,15.47,547.95,664.91,3610.81,1568.1
19515,84.12,VUC,3.0,1.75,170.83,181.73,268.32,63.44
19516,179.13,VUC,3.0,1.8,371.74,375.08,517.57,110.81
19517,258.79,Carreta_Sider,28.0,13.11,344.35,412.91,2024.34,843.77
19518,91.83,Truck,14.0,3.09,294.33,289.71,539.18,146.61
19519,72.52,3/4,4.0,1.14,172.57,202.09,247.17,64.79
19520,12.09,Toco,6.0,4.59,38.37,36.66,107.61,15.3
19521,437.32,Carreta_Sider,28.0,23.48,653.34,643.1,3434.02,1444.32
19522,253.88,Carreta_Sider,28.0,13.61,387.32,401.41,2006.94,820.42
19523,43.78,Toco,6.0,2.58,107.01,103.24,216.62,46.62
19524,94.14,Truck,14.0,9.33,306.84,324.23,633.45,157.02
19525,24.87,VUC,3.0,0.51,54.41,61.67,62.35,18.6
19526,65.01,3/4,4.0,2.54,150.44,155.14,244.0,70.74
19527,89.41,Truck,14.0,7.68,245.67,288.83,580.36,149.2
19528,74.36,Truck,14.0,7.36,244.72,267.87,507.59,115.27
19529,256.11,Carreta_Sider,28.0,4.23,357.31,407.05,1886.37,820.92
19530,59.41,VUC,3.0,2.85,157.03,170.72,203.47,42.49
19531,50.11,VUC,3.0,0.89,133.0,114.46,160.61,31.39
19532,514.07,Carreta_Bau,28.0,6.89,738.56,705.52,3645.21,1586.1
19533,422.62,Carreta_Bau,28.0,13.38,586.54,581.57,3107.25,1325.14
19534,88.52,3/4,4.0,3.25,226.21,202.14,338.06,82.56
19535,460.85,Carreta_Sider,28.0,22.41,601.56,668.64,3585.91,1524.47
19536,39.92,VUC,3.0,1.76,88.96,113.05,136.63,32.99
19537,267.96,Carreta_Bau,28.0,17.27,394.88,412.58,2095.38,854.63
19538,86.02,Toco,6.0,3.22,245.6,243.69,393.61,94.84
19539,344.02,Carreta_Bau,28.0,4.8,422.8,499.22,2439.47,1044.89
19540,43.23,VUC,3.0,1.16,80.92,97.15,142.91,23.49
19541,286.49,Carreta_Sider,28.0,13.46,427.5,458.42,2224.03,921.35
19542,286.37,Carreta_Bau,28.0,17.4,352.78,429.99,2226.16,913.66
19543,72.85,3/4,4.0,2.84,186.29,192.89,269.5,65.43
19544,87.33,Truck,14.0,13.85,296.16,274.32,657.55,145.67
19545,54.11,VUC,3.0,1.74,107.7,134.07,176.94,32.68
19546,32.2,Toco,6.0,4.33,110.34,102.98,182.58,41.27
19547,149.27,Truck,14.0,13.53,465.1,450.74,970.83,245.6
19548,452.91,Carreta_Bau,28.0,10.83,616.77,578.02,3261.01,1407.55
19549,8.64,VUC,3.0,1.61,31.8,22.73,45.29,-0.79
19550,77.64,Toco,6.0,4.58,203.26,197.69,380.63,86.36
19551,260.98,Carreta_Sider,28.0,17.65,362.51,430.91,2104.17,849.67
19552,60.6,VUC,3.0,2.73,122.17,134.83,200.26,45.17
19553,342.28,Carreta_Sider,28.0,17.67,542.19,495.74,2685.98,1119.48
19554,27.94,Toco,6.0,5.6,93.57,98.71,182.36,24.49
19555,83.84,VUC,3.0,0.83,164.79,181.99,254.38,52.11
19556,87.75,3/4,4.0,3.33,217.4,211.3,330.94,71.11
19557,84.73,3/4,4.0,1.33,184.84,210.32,298.0,70.66
19558,459.26,Carreta_Sider,28.0,5.37,604.01,647.6,3336.86,1469.17
19559,58.74,VUC,3.0,0.73,120.53,160.98,181.45,36.57
19560,423.73,Carreta_Sider,28.0,18.02,489.24,628.42,3256.55,1383.33
19561,179.25,Truck,14.0,5.56,602.9,525.61,1030.31,292.55
19562,92.87,Toco,6.0,1.63,263.49,251.14,387.68,97.32
19563,83.61,3/4,4.0,2.74,196.57,199.43,302.19,74.4
19564,357.87,Carreta_Sider,28.0,15.81,556.2,528.58,2757.19,1167.46
19565,305.69,Carreta_Sider,28.0,13.26,375.33,483.3,2358.26,985.35
19566,13.49,VUC,3.0,1.82,45.82,63.4,48.29,2.44
19567,93.28,Truck,14.0,12.35,305.12,290.23,659.2,153.66
19568,205.56,Truck,14.0,10.72,603.43,610.57,1249.76,342.08
19569,53.94,VUC,3.0,1.71,100.06,110.92,183.43,43.56
19570,112.36,Truck,14.0,11.89,306.4,354.16,772.22,181.22
19571,87.72,Toco,6.0,5.3,210.18,224.02,408.65,92.24
19572,362.66,Carreta_Sider,28.0,13.16,580.71,540.93,2758.95,1179.75
19573,73.19,Toco,6.0,1.66,192.49,204.57,325.36,79.34
19574,426.44,Carreta_Bau,28.0,6.94,542.22,609.52,3031.78,1319.33
19575,62.93,VUC,3.0,2.08,164.99,113.54,201.29,44.24
19576,33.73,Truck,14.0,13.24,100.35,150.46,365.93,62.76
19577,6.46,3/4,4.0,0.73,21.7,46.74,35.73,10.77
19578,495.23,Carreta_Sider,28.0,16.03,679.75,705.17,3735.4,1610.28
19579,29.18,VUC,3.0,0.95,75.18,68.05,99.63,20.86
19580,66.41,Truck,14.0,8.43,232.78,228.7,472.85,114.6
19581,245.87,Carreta_Bau,28.0,24.59,328.17,429.88,2053.04,788.2
19582,82.54,VUC,3.0,2.46,164.81,179.13,260.02,55.79
19583,4.21,Toco,6.0,5.85,24.19,53.32,84.3,1.98
19584,264.67,Carreta_Sider,28.0,15.73,451.33,439.22,2100.07,857.28
19585,164.28,3/4,4.0,2.86,319.96,399.2,587.45,142.8
19586,513.46,Carreta_Bau,28.0,25.58,665.74,723.42,3900.77,1656.75
19587,22.93,VUC,3.0,2.23,61.93,60.8,97.43,18.91
19588,65.25,3/4,4.0,3.88,176.96,146.21,257.58,50.18
19589,456.07,Carreta_Sider,28.0,10.04,715.1,638.26,3372.23,1474.35
19590,29.81,Toco,6.0,1.59,96.63,101.69,148.15,34.97
19591,501.98,Carreta_Bau,28.0,7.75,777.75,676.03,3566.04,1562.37
19592,16.89,VUC,3.0,2.62,41.71,21.79,65.61,6.65
19593,305.52,Carreta_Bau,28.0,5.46,411.56,442.38,2188.55,947.23
19594,184.16,Toco,6.0,5.03,464.75,457.57,803.03,206.59
19595,11.46,3/4,4.0,2.18,27.33,45.54,55.62,3.68
19596,62.05,VUC,3.0,2.21,139.29,152.82,203.2,42.69
19597,58.13,Toco,6.0,4.7,142.42,167.12,285.2,59.07
19598,82.13,VUC,3.0,1.53,189.24,160.62,253.27,52.87
19599,338.6,Carreta_Sider,28.0,7.68,455.64,498.67,2520.22,1096.05
19600,32.65,VUC,3.0,2.02,83.39,65.71,117.85,22.83
19601,16.44,VUC,3.0,2.89,37.09,45.86,77.89,10.54
19602,76.72,3/4,4.0,0.69,157.08,196.52,266.51,56.47
19603,253.14,Carreta_Bau,28.0,9.6,367.56,395.97,1889.51,789.74
19604,93.92,Toco,6.0,5.36,262.57,252.9,444.5,103.47
19605,36.8,Truck,14.0,2.93,160.22,148.62,240.62,49.15
19606,242.84,Carreta_Bau,28.0,4.44,348.76,365.27,1739.6,742.58
19607,82.75,Truck,14.0,12.55,249.49,279.4,610.31,142.56
19608,73.39,Toco,6.0,4.82,215.91,197.52,362.41,87.56
19609,130.0,Toco,6.0,2.19,365.61,373.28,551.78,140.19
19610,86.95,Toco,6.0,5.83,186.04,239.75,427.81,102.01
19611,126.09,Toco,6.0,4.53,301.29,305.32,570.6,138.89
19612,255.99,Carreta_Bau,28.0,7.03,367.93,390.05,1862.38,789.09
19613,488.63,Carreta_Sider,28.0,15.16,600.23,671.36,3668.42,1600.53
19614,42.62,Toco,6.0,5.31,108.22,156.58,241.84,40.4
19615,13.22,Toco,6.0,4.31,38.18,43.78,107.56,16.93
19616,14.77,3/4,4.0,2.59,61.31,67.2,78.71,9.67
19617,73.45,VUC,3.0,1.51,134.1,176.98,229.74,46.21
19618,82.56,3/4,4.0,1.44,212.34,182.99,301.09,77.44
19619,45.59,VUC,3.0,2.01,104.06,85.57,152.4,29.96
19620,402.29,Carreta_Sider,28.0,7.86,545.1,593.2,2958.47,1287.28
19621,9.42,Toco,6.0,5.03,28.88,40.24,100.89,8.0
19622,418.24,Carreta_Bau,28.0,9.19,632.12,584.12,3003.66,1303.9
19623,194.57,Toco,6.0,1.51,422.74,497.98,810.09,202.99
19624,407.18,Carreta_Sider,28.0,5.91,585.35,542.28,2971.21,1299.67
19625,267.69,Carreta_Bau,28.0,23.59,424.97,426.29,2185.52,857.39
19626,120.24,Truck,14.0,7.67,293.07,378.68,746.65,192.65
19627,10.07,VUC,3.0,1.47,40.78,8.9,43.58,-0.4
19628,58.47,VUC,3.0,1.78,145.4,144.41,191.65,38.05
19629,262.8,Carreta_Sider,28.0,18.18,377.05,422.93,2120.81,858.54
19630,150.78,Truck,14.0,12.58,445.65,436.73,975.25,252.53
19631,457.82,Carreta_Bau,28.0,12.38,688.29,637.61,3322.12,1422.89
19632,452.12,Carreta_Bau,28.0,8.65,675.17,622.02,3237.31,1402.57
19633,87.59,Toco,6.0,5.33,212.62,255.77,425.2,101.47
19634,40.36,Toco,6.0,3.35,128.49,111.41,206.8,35.89
19635,217.17,Toco,6.0,3.86,499.27,570.9,931.86,246.54
19636,63.21,VUC,3.0,0.85,166.14,141.52,198.5,42.01
19637,53.32,Truck,14.0,12.36,172.0,187.53,456.98,88.33
19638,355.07,Carreta_Sider,28.0,26.53,527.36,540.17,2901.77,1182.92
19639,84.97,Truck,14.0,7.43,270.1,250.87,556.91,134.59
19640,79.75,3/4,4.0,0.67,219.92,205.61,268.67,73.48
19641,249.6,Carreta_Sider,28.0,4.84,330.81,395.53,1849.36,795.61
19642,22.14,Toco,6.0,2.44,54.88,69.24,117.68,24.47
19643,160.55,Toco,6.0,3.41,340.66,427.68,693.3,179.67
19644,65.66,VUC,3.0,1.55,118.96,168.51,204.4,44.23
19645,371.0,Carreta_Sider,28.0,17.74,499.0,545.68,2880.18,1210.0
19646,81.12,3/4,4.0,1.48,163.42,218.96,291.56,68.15
19647,88.65,Toco,6.0,1.97,226.55,225.49,384.26,98.08
19648,57.68,Truck,14.0,13.69,209.34,198.03,494.29,97.1
19649,20.01,VUC,3.0,1.17,50.15,65.75,63.82,6.29
19650,54.8,VUC,3.0,2.86,115.04,78.1,190.7,43.24
19651,418.05,Carreta_Sider,28.0,17.8,626.18,595.03,3207.44,1368.21
19652,424.26,Carreta_Bau,28.0,5.87,619.56,581.49,3017.91,1308.61
19653,64.59,VUC,3.0,1.97,147.72,149.38,214.74,45.2
19654,158.42,VUC,3.0,2.96,335.1,338.78,474.52,101.88
19655,312.85,Carreta_Sider,28.0,24.18,503.5,457.71,2576.1,1029.2
19656,105.16,Truck,14.0,5.71,288.9,313.27,650.54,170.51
19657,28.8,3/4,4.0,0.92,77.61,57.45,105.39,27.6
19658,92.54,Truck,14.0,7.58,299.48,276.78,602.18,149.92
19659,133.32,Toco,6.0,1.4,376.77,340.52,559.15,141.09
19660,24.87,Toco,6.0,2.42,81.29,83.38,136.14,26.12
19661,86.93,Truck,14.0,13.03,268.71,269.21,642.46,144.81
19662,129.45,Truck,14.0,9.88,380.35,390.75,835.06,214.22
19663,42.69,VUC,3.0,2.45,78.66,93.38,148.31,32.05
19664,119.31,Truck,14.0,8.53,387.74,365.38,753.75,199.38
19665,4.05,VUC,3.0,0.88,28.71,8.0,26.85,13.01
19666,236.85,Carreta_Bau,28.0,7.78,373.76,372.7,1753.24,743.45
19667,247.01,Carreta_Bau,28.0,22.43,376.76,385.86,2015.83,785.58
19668,391.59,Carreta_Sider,28.0,14.42,521.66,567.79,2959.74,1270.77
19669,235.2,Carreta_Sider,28.0,16.1,346.56,393.69,1903.0,770.34
19670,154.67,Truck,14.0,4.23,399.99,442.31,885.32,240.14
19671,53.44,Toco,6.0,2.74,173.04,148.76,242.44,59.51
19672,497.42,Carreta_Sider,28.0,7.35,761.93,685.78,3623.65,1587.56
19673,467.08,Carreta_Sider,28.0,9.07,565.51,685.46,3454.15,1499.92
19674,61.17,VUC,3.0,2.72,159.11,143.91,196.3,40.33
19675,83.11,VUC,3.0,2.28,163.07,190.59,268.3,45.31
19676,53.19,VUC,3.0,2.62,122.75,110.27,176.12,47.08
19677,12.57,Toco,6.0,5.36,57.7,17.53,107.58,11.49
19678,147.8,Toco,6.0,3.91,436.4,374.12,642.89,168.73
19679,88.34,Truck,14.0,5.72,251.97,248.97,544.04,135.11
19680,55.45,VUC,3.0,1.71,111.78,129.47,167.34,32.56
19681,28.71,VUC,3.0,0.5,61.14,74.57,84.69,22.17
19682,85.8,Truck,14.0,11.83,196.06,273.71,615.11,141.43
19683,249.18,Carreta_Sider,28.0,23.3,367.15,414.67,2108.37,828.3
19684,15.0,3/4,4.0,2.33,52.39,36.99,78.83,16.1
19685,12.87,VUC,3.0,1.41,41.63,28.58,47.92,4.25
19686,52.69,Truck,14.0,4.15,154.21,176.91,347.15,91.04
19687,166.44,Toco,6.0,1.29,392.39,453.99,688.66,180.08
19688,502.62,Carreta_Sider,28.0,11.93,789.44,704.88,3724.55,1616.68
19689,60.86,Toco,6.0,5.68,161.39,176.27,302.53,68.23
19690,50.5,3/4,4.0,0.83,132.48,153.78,181.57,45.36
19691,88.54,3/4,4.0,3.83,202.02,213.7,356.07,76.44
19692,27.92,3/4,4.0,2.4,67.67,65.05,126.96,24.13
19693,246.29,Carreta_Sider,28.0,14.69,341.77,407.37,1957.07,802.83
19694,94.11,3/4,4.0,1.02,234.87,247.33,321.44,70.35
19695,5.76,VUC,3.0,0.63,41.89,36.38,35.77,2.78
19696,14.79,3/4,4.0,2.45,50.6,52.17,77.32,10.87
19697,20.9,VUC,3.0,1.98,59.74,29.08,77.58,17.42
19698,11.24,3/4,4.0,2.08,39.77,19.6,58.17,6.85
19699,43.88,VUC,3.0,1.18,72.55,107.28,152.56,37.75
19700,82.75,Toco,6.0,0.97,191.76,216.32,350.08,84.96
19701,78.69,VUC,3.0,1.13,169.15,172.6,240.73,44.42
19702,71.77,3/4,4.0,3.03,173.74,190.04,274.52,67.82
19703,136.7,Toco,6.0,3.99,328.4,338.2,602.45,152.39
19704,4.67,VUC,3.0,0.85,21.07,13.27,25.0,5.01
19705,82.78,VUC,3.0,2.47,202.01,200.13,272.96,52.77
19706,40.08,3/4,4.0,1.1,86.11,87.05,149.04,31.77
19707,403.91,Carreta_Bau,28.0,23.13,489.76,599.6,3107.57,1295.4
19708,397.48,Carreta_Bau,28.0,16.4,450.6,572.82,2972.37,1252.2
19709,197.44,Truck,14.0,10.63,527.93,578.5,1201.86,335.18
19710,70.58,3/4,4.0,0.88,154.72,174.21,251.26,59.95
19711,231.62,Carreta_Bau,28.0,21.84,319.19,388.78,1914.26,738.26
19712,70.15,Truck,14.0,10.69,171.43,235.66,518.93,113.96
19713,271.38,Carreta_Bau,28.0,8.37,386.5,385.61,1997.61,836.58
19714,208.77,Toco,6.0,1.6,500.33,548.18,879.7,226.36
19715,20.15,VUC,3.0,2.36,49.78,58.28,71.91,9.24
19716,50.9,VUC,3.0,1.51,132.87,133.37,163.0,31.87
19717,88.28,Truck,14.0,9.81,305.22,282.2,603.73,158.08
19718,27.94,3/4,4.0,0.63,76.9,107.91,97.67,14.11
19719,217.78,Truck,14.0,4.29,619.84,620.6,1213.97,349.92
19720,69.07,VUC,3.0,2.35,168.14,177.76,225.65,37.99
19721,435.68,Carreta_Bau,28.0,8.93,646.48,591.57,3121.68,1351.57
19722,414.54,Carreta_Sider,28.0,6.11,481.16,599.61,3022.11,1322.19
19723,91.18,3/4,4.0,1.2,190.33,232.97,328.75,69.59
19724,36.82,Toco,6.0,5.15,127.47,112.4,209.74,42.7
19725,39.27,VUC,3.0,1.33,88.53,66.0,124.34,32.34
19726,389.37,Carreta_Bau,28.0,16.82,510.46,560.92,2911.83,1232.05
19727,45.18,Toco,6.0,3.85,110.18,124.87,224.64,53.47
19728,77.62,3/4,4.0,1.87,199.61,201.12,292.02,73.55
19729,43.97,VUC,3.0,0.69,99.39,90.04,138.59,30.67
19730,386.88,Carreta_Bau,28.0,10.31,430.36,541.32,2817.85,1194.28
19731,48.25,VUC,3.0,0.85,117.73,101.94,142.85,31.32
19732,24.23,3/4,4.0,3.69,36.2,67.05,126.67,8.46
19733,316.8,Carreta_Sider,28.0,21.81,413.94,495.24,2569.61,1040.95
19734,93.94,3/4,4.0,3.4,221.75,233.94,358.19,73.46
19735,85.2,Truck,14.0,11.77,282.3,276.37,628.41,142.77
19736,58.62,3/4,4.0,0.61,131.67,127.54,208.8,44.02
19737,91.41,Toco,6.0,4.72,196.84,233.37,428.33,102.01
19738,66.52,VUC,3.0,1.68,144.45,141.18,193.46,46.53
19739,244.14,Carreta_Bau,28.0,22.64,326.29,394.1,2017.34,775.96
19740,401.23,Carreta_Sider,28.0,27.04,507.0,588.08,3244.46,1338.36
19741,91.28,Truck,14.0,6.36,251.09,270.32,584.66,135.06
19742,18.7,3/4,4.0,2.66,46.06,76.45,88.66,8.48
19743,24.52,Toco,6.0,2.45,89.24,84.0,130.41,32.71
19744,144.46,Truck,14.0,12.74,386.67,419.78,938.65,236.3
19745,154.95,Toco,6.0,2.2,466.9,404.64,645.61,163.65
19746,148.66,Toco,6.0,2.69,370.98,378.25,639.43,156.2
19747,406.41,Carreta_Bau,28.0,25.33,548.57,614.82,3176.76,1298.17
19748,346.4,Carreta_Sider,28.0,6.6,509.5,503.22,2560.04,1101.42
19749,286.32,Carreta_Sider,28.0,15.96,492.26,444.21,2261.95,932.72
19750,84.55,3/4,4.0,2.58,235.48,200.27,326.82,70.09
19751,297.4,Carreta_Bau,28.0,17.98,399.15,439.17,2305.38,947.38
19752,446.71,Carreta_Bau,28.0,7.06,576.91,620.94,3181.26,1379.98
19753,42.21,3/4,4.0,0.73,116.61,109.73,143.76,34.93
19754,37.78,Toco,6.0,3.02,101.32,117.39,170.38,38.15
19755,72.64,3/4,4.0,2.14,170.7,178.03,265.6,66.15
19756,61.36,VUC,3.0,2.85,116.96,142.3,206.19,33.05
19757,146.71,Truck,14.0,11.09,350.95,462.43,939.16,245.21
19758,35.31,VUC,3.0,1.98,68.44,93.33,121.82,24.78
19759,40.21,VUC,3.0,0.99,83.64,69.84,129.1,21.32
19760,41.16,VUC,3.0,2.75,92.52,102.6,159.57,26.43
19761,257.88,Carreta_Bau,28.0,8.81,401.02,415.38,1910.06,803.32
19762,15.5,VUC,3.0,2.87,23.5,13.29,71.52,6.7
19763,418.07,Carreta_Sider,28.0,26.71,634.63,603.38,3337.68,1388.73
19764,24.89,Toco,6.0,5.89,72.83,92.01,166.64,21.53
19765,52.92,VUC,3.0,1.17,101.06,134.74,173.48,43.69
19766,75.15,Toco,6.0,1.6,163.95,205.5,323.18,77.84
19767,42.13,VUC,3.0,2.05,126.56,105.79,147.64,21.06
19768,374.58,Carreta_Sider,28.0,14.26,594.15,572.53,2860.53,1207.14
19769,279.94,Carreta_Sider,28.0,13.45,486.27,433.57,2177.05,903.21
19770,38.89,VUC,3.0,1.87,100.36,79.7,131.48,26.35
19771,63.2,VUC,3.0,2.21,161.64,139.46,200.71,39.64
19772,190.35,Truck,14.0,6.05,503.84,558.39,1117.71,310.3
19773,497.24,Carreta_Sider,28.0,12.18,682.49,700.19,3684.96,1610.76
19774,18.31,3/4,4.0,2.68,63.72,68.25,100.04,14.86
19775,268.37,Carreta_Sider,28.0,5.9,456.06,442.62,1997.86,855.42
19776,38.65,VUC,3.0,2.23,81.27,95.26,139.28,32.86
19777,22.94,VUC,3.0,2.49,52.86,43.14,92.62,18.61
19778,468.08,Carreta_Sider,28.0,25.14,563.36,665.88,3671.95,1555.81
19779,425.58,Carreta_Bau,28.0,22.14,473.0,608.97,3242.24,1357.89
19780,461.15,Carreta_Sider,28.0,16.26,593.27,678.13,3491.07,1506.61
19781,63.3,3/4,4.0,3.57,183.51,167.22,256.19,56.45
19782,14.23,VUC,3.0,1.7,64.28,29.75,65.74,10.7
19783,102.19,Toco,6.0,4.91,300.08,262.97,476.4,116.15
19784,44.75,VUC,3.0,0.61,74.74,99.94,137.79,29.71
19785,58.25,VUC,3.0,2.26,105.52,133.91,198.25,30.15
19786,297.89,Carreta_Bau,28.0,6.2,405.4,438.67,2131.25,920.91
19787,79.86,VUC,3.0,0.52,176.94,163.72,221.01,44.45
19788,69.93,VUC,3.0,1.73,155.68,145.89,208.96,48.02
19789,89.8,Truck,14.0,3.52,305.59,273.1,540.08,136.18
19790,205.26,Toco,6.0,2.56,475.1,525.52,850.8,220.89
19791,65.87,VUC,3.0,2.42,145.48,135.01,214.9,43.11
19792,35.78,3/4,4.0,2.47,87.42,100.56,142.99,24.69
19793,25.09,3/4,4.0,3.09,63.73,98.24,121.17,21.12
19794,9.15,Truck,14.0,11.42,35.31,60.55,205.41,19.0
19795,29.26,Toco,6.0,3.35,98.65,95.86,161.77,28.97
19796,16.45,VUC,3.0,2.96,55.27,28.54,77.65,12.25
19797,37.6,VUC,3.0,0.97,75.21,99.93,123.72,26.3
19798,67.93,Truck,14.0,3.11,225.42,204.88,421.78,103.42
19799,66.98,VUC,3.0,1.26,152.9,165.02,213.95,42.78
19800,32.95,3/4,4.0,3.19,80.52,115.58,145.3,27.26
19801,50.28,3/4,4.0,0.93,129.63,117.65,175.63,41.73
19802,23.73,3/4,4.0,2.19,80.54,60.04,106.7,12.08
19803,211.46,VUC,3.0,1.91,506.44,454.15,637.14,129.08
19804,209.68,Toco,6.0,5.02,478.41,517.74,910.71,237.32
19805,49.77,VUC,3.0,2.61,149.78,117.16,176.66,36.25
19806,260.46,Carreta_Sider,28.0,9.89,425.77,409.9,1994.89,838.94
19807,269.55,Carreta_Bau,28.0,10.72,447.46,413.33,2016.5,845.52
19808,50.42,VUC,3.0,2.19,113.08,88.49,176.66,26.0
19809,31.42,VUC,3.0,2.64,72.37,85.27,110.7,19.37
19810,364.47,Carreta_Sider,28.0,8.21,614.17,569.36,2693.95,1166.67
19811,27.61,VUC,3.0,2.29,61.0,64.29,104.79,14.05
19812,93.14,Truck,14.0,4.93,296.44,264.51,577.03,144.6
19813,222.65,Carreta_Bau,28.0,8.5,306.14,369.42,1667.73,698.03
19814,52.88,VUC,3.0,1.31,94.01,109.01,165.75,30.5
19815,210.93,Truck,14.0,11.56,664.45,619.19,1294.31,352.03
19816,55.15,3/4,4.0,3.12,148.22,129.65,218.47,49.0
19817,4.71,VUC,3.0,1.67,28.67,8.0,27.13,8.24
19818,20.55,VUC,3.0,2.27,57.62,59.95,75.5,16.99
19819,36.45,VUC,3.0,1.48,74.46,77.95,120.08,21.73
19820,248.26,Carreta_Sider,28.0,9.21,389.82,376.46,1892.2,791.13
19821,386.77,Carreta_Bau,28.0,24.26,542.52,569.13,3023.59,1245.44
19822,95.07,VUC,3.0,0.59,220.53,247.4,282.99,65.75
19823,91.9,Toco,6.0,5.5,219.72,261.65,440.42,114.12
19824,19.95,Truck,14.0,11.49,81.65,87.22,265.47,37.96
19825,31.6,VUC,3.0,2.3,70.58,120.74,113.24,17.3
19826,94.1,Toco,6.0,3.8,254.64,226.66,416.5,100.01
19827,412.44,Carreta_Bau,28.0,23.48,482.32,601.64,3172.95,1310.85
19828,47.78,VUC,3.0,0.52,132.87,135.85,149.04,25.87
19829,32.98,3/4,4.0,2.61,88.56,75.7,140.2,21.76
19830,61.73,VUC,3.0,1.12,146.05,143.4,180.84,42.07
19831,239.06,Carreta_Sider,28.0,19.41,377.99,390.59,1986.68,789.15
19832,49.16,VUC,3.0,2.17,113.7,109.42,175.61,43.09
19833,339.9,Carreta_Bau,28.0,9.31,484.57,499.63,2481.73,1072.81
19834,418.65,Carreta_Bau,28.0,7.88,565.71,558.29,2996.8,1299.69
19835,312.1,Carreta_Sider,28.0,18.18,420.99,470.05,2475.92,1018.5
19836,91.13,Truck,14.0,13.29,262.7,288.14,671.41,150.23
19837,11.57,VUC,3.0,2.14,44.73,12.52,58.18,4.02
19838,75.94,Truck,14.0,7.86,270.31,234.49,518.89,135.75
19839,370.04,Carreta_Sider,28.0,26.46,617.85,541.37,3016.0,1217.87
19840,485.97,Carreta_Bau,28.0,23.69,697.34,657.91,3690.57,1565.55
19841,29.4,3/4,4.0,3.09,74.36,95.3,113.3,20.56
19842,77.41,3/4,4.0,2.09,207.04,189.57,291.65,63.51
19843,81.14,Truck,14.0,7.95,232.95,251.14,545.12,119.67
19844,107.69,Truck,14.0,5.25,294.02,319.23,642.05,179.25
19845,81.28,3/4,4.0,3.38,171.82,202.21,313.06,73.99
19846,82.87,VUC,3.0,1.18,150.77,175.86,252.18,47.13
19847,243.55,Carreta_Bau,28.0,20.95,339.21,385.7,1974.16,781.71
19848,69.35,3/4,4.0,3.57,159.39,186.14,269.87,64.49
19849,16.96,3/4,4.0,2.48,39.13,45.66,78.78,11.77
19850,8.72,VUC,3.0,0.85,37.84,49.1,29.33,-4.76
19851,35.01,Toco,6.0,1.03,95.16,96.58,161.79,36.04
19852,488.91,Carreta_Bau,28.0,20.22,530.52,688.04,3649.81,1560.99
19853,49.05,VUC,3.0,1.02,96.97,116.71,152.84,26.46
19854,31.54,VUC,3.0,0.55,90.16,84.79,102.71,25.18
19855,71.54,VUC,3.0,1.33,166.17,163.49,216.62,41.23
19856,69.74,VUC,3.0,1.93,127.08,166.17,225.67,44.46
19857,450.91,Carreta_Sider,28.0,17.33,675.41,667.3,3448.69,1469.43
19858,92.45,3/4,4.0,1.17,209.14,208.57,330.39,77.92
19859,40.45,Truck,14.0,9.29,134.15,163.27,348.12,70.56
19860,75.5,3/4,4.0,2.0,192.13,179.7,282.34,71.92
19861,71.45,VUC,3.0,1.67,138.11,134.13,225.28,46.82
19862,93.98,Truck,14.0,12.51,273.57,304.24,681.14,148.66
19863,74.4,3/4,4.0,0.87,188.28,192.25,253.85,64.96
19864,357.15,Carreta_Bau,28.0,16.76,451.65,528.96,2698.43,1126.94
19865,29.81,Toco,6.0,1.79,72.26,87.39,147.38,30.26
19866,5.39,VUC,3.0,0.92,13.94,10.4,26.35,3.93
19867,92.1,Truck,14.0,9.36,290.01,278.68,637.77,154.15
19868,192.45,Truck,14.0,10.07,518.05,568.13,1166.9,315.13
19869,69.16,3/4,4.0,2.66,157.09,166.46,251.28,61.88
19870,235.48,Carreta_Sider,28.0,26.18,320.17,388.91,2058.64,785.4
19871,77.95,Toco,6.0,4.95,213.72,209.09,382.06,88.81
19872,459.63,Carreta_Sider,28.0,8.93,705.37,636.33,3375.13,1479.94
19873,391.77,Carreta_Bau,28.0,19.33,525.94,555.35,2974.59,1233.36
19874,76.19,VUC,3.0,2.03,124.09,179.67,239.6,47.19
19875,70.95,3/4,4.0,2.8,187.37,157.76,270.07,59.86
19876,72.38,3/4,4.0,2.06,183.8,181.6,263.1,59.94
19877,216.4,Truck,14.0,13.38,728.96,628.38,1350.19,357.19
19878,151.2,3/4,4.0,2.18,386.82,355.85,546.44,124.78
19879,88.58,Truck,14.0,11.49,304.34,265.59,626.81,149.45
19880,87.18,Toco,6.0,3.35,251.18,230.84,386.22,96.91
19881,38.51,Toco,6.0,4.92,98.3,104.02,213.73,42.59
19882,6.82,Truck,14.0,6.81,56.2,50.52,140.32,6.07
19883,426.83,Carreta_Bau,28.0,4.22,512.77,563.34,3001.63,1317.9
19884,7.52,Truck,14.0,8.05,64.7,48.25,153.67,16.23
19885,44.64,VUC,3.0,1.85,113.77,86.11,142.29,34.26
19886,339.9,Carreta_Sider,28.0,6.95,535.27,495.46,2521.9,1082.72
19887,504.46,Carreta_Sider,28.0,20.03,598.19,708.51,3856.43,1675.39
19888,267.76,Carreta_Sider,28.0,24.52,383.83,449.41,2261.13,888.86
19889,79.98,Toco,6.0,5.33,177.08,194.26,384.48,84.67
19890,243.34,Carreta_Sider,28.0,13.17,349.14,370.9,1909.54,800.05
19891,81.13,3/4,4.0,1.99,209.46,211.9,295.52,72.25
19892,40.8,VUC,3.0,2.64,102.9,92.4,146.66,27.65
19893,31.45,Truck,14.0,13.98,113.81,97.88,367.87,54.29
19894,218.57,Truck,14.0,2.73,649.59,625.39,1202.86,355.79
19895,50.1,Toco,6.0,1.22,118.65,134.57,214.91,54.51
19896,299.8,Carreta_Sider,28.0,5.49,419.2,447.72,2204.37,946.86
19897,232.16,Carreta_Sider,28.0,15.21,340.28,389.33,1866.99,755.05
19898,126.11,3/4,4.0,3.27,290.18,273.27,453.33,112.98
19899,227.65,Carreta_Bau,28.0,6.43,367.66,362.27,1666.04,703.66
19900,188.03,Truck,14.0,10.3,493.55,546.93,1143.49,305.28
19901,79.76,Toco,6.0,1.77,211.39,213.31,346.04,85.05
19902,61.92,VUC,3.0,0.53,181.85,151.35,179.28,43.12
19903,441.54,Carreta_Bau,28.0,18.37,563.27,634.63,3294.6,1406.09
19904,16.72,VUC,3.0,1.96,31.88,69.35,71.68,5.23
19905,36.96,Truck,14.0,5.47,120.21,101.88,282.46,53.88
19906,195.13,Toco,6.0,2.54,445.76,502.38,827.89,209.8
19907,54.54,Truck,14.0,6.31,167.2,189.05,387.23,85.04
19908,290.02,Carreta_Sider,28.0,26.32,373.65,459.43,2453.02,962.2
19909,52.98,VUC,3.0,2.66,105.17,121.56,179.88,33.25
19910,380.91,Carreta_Sider,28.0,16.75,593.12,581.83,2949.86,1246.76
19911,79.59,VUC,3.0,2.91,180.13,173.78,264.53,48.0
19912,158.42,VUC,3.0,1.93,309.89,355.66,467.18,96.18
19913,320.8,Carreta_Sider,28.0,6.62,415.41,480.64,2367.01,1021.16
19914,88.83,Truck,14.0,7.9,306.88,281.42,585.28,137.54
19915,13.14,3/4,4.0,3.64,57.15,59.22,92.3,11.63
19916,24.42,VUC,3.0,2.14,58.93,47.66,92.25,16.33
19917,39.69,3/4,4.0,3.84,96.52,111.38,171.59,39.47
19918,30.97,Truck,14.0,8.42,78.53,107.96,286.85,45.41
19919,41.15,VUC,3.0,2.78,93.08,114.78,141.31,27.55
19920,455.05,Carreta_Sider,28.0,22.44,631.95,653.21,3549.23,1504.01
19921,7.71,Toco,6.0,5.1,25.27,35.85,94.36,0.77
19922,10.01,3/4,4.0,3.97,24.71,28.01,71.31,9.79
19923,80.29,VUC,3.0,1.22,176.59,176.32,254.81,52.28
19924,13.33,VUC,3.0,2.05,36.69,48.06,61.26,7.96
19925,78.99,3/4,4.0,1.47,164.46,192.04,275.15,59.79
19926,343.23,Carreta_Sider,28.0,24.52,568.92,559.43,2791.88,1137.6
19927,300.01,Carreta_Bau,28.0,18.14,441.04,451.47,2316.97,940.82
19928,31.89,Toco,6.0,1.8,70.19,84.98,155.71,35.71
19929,451.52,Carreta_Bau,28.0,14.23,564.17,625.7,3313.65,1422.84
19930,32.14,3/4,4.0,1.22,74.78,91.82,140.92,25.74
19931,13.17,Truck,14.0,7.55,87.76,46.97,175.5,27.88
19932,497.58,Carreta_Sider,28.0,6.05,736.52,708.25,3606.02,1584.21
19933,5.21,VUC,3.0,2.91,39.86,21.07,48.98,-0.22
19934,36.33,Truck,14.0,9.2,105.44,154.63,330.32,58.27
19935,443.92,Carreta_Sider,28.0,27.78,657.44,670.21,3556.68,1492.91
19936,80.02,3/4,4.0,1.19,204.0,202.58,288.86,65.37
19937,87.72,Toco,6.0,2.86,219.22,234.55,396.17,105.46
19938,9.6,VUC,3.0,2.82,21.03,19.42,62.4,6.1
19939,268.57,Carreta_Bau,28.0,20.67,413.87,415.86,2142.33,851.38
19940,354.97,Carreta_Bau,28.0,5.87,458.85,492.75,2522.14,1106.04
19941,318.82,Carreta_Sider,28.0,25.22,524.71,485.0,2620.29,1059.48
19942,6.81,VUC,3.0,0.93,36.7,30.49,25.0,2.83
19943,223.91,Carreta_Bau,28.0,10.43,321.01,366.23,1687.77,702.49
19944,18.45,VUC,3.0,2.32,33.29,29.54,90.79,18.21
19945,73.73,3/4,4.0,3.02,201.82,173.92,277.7,60.29
19946,22.64,Truck,14.0,9.96,87.72,82.27,258.79,41.81
19947,280.01,Carreta_Sider,28.0,4.33,425.72,452.0,2053.34,889.08
19948,25.0,Toco,6.0,2.17,54.67,51.29,130.73,21.91
19949,447.44,Carreta_Bau,28.0,12.41,642.57,647.71,3254.33,1397.45
19950,84.89,VUC,3.0,1.47,165.88,195.02,250.76,48.32
19951,83.62,VUC,3.0,0.64,193.51,147.89,251.04,52.94
19952,222.7,Carreta_Sider,28.0,20.27,314.24,372.16,1871.2,732.43
19953,473.06,Carreta_Bau,28.0,25.41,666.41,671.96,3621.72,1527.11
19954,65.0,3/4,4.0,3.96,186.41,152.64,262.14,60.81
19955,516.36,Carreta_Sider,28.0,23.19,703.31,727.4,3996.47,1705.34
19956,18.93,Toco,6.0,1.93,90.59,97.45,98.21,19.29
19957,225.38,Carreta_Bau,28.0,16.37,369.66,364.01,1791.08,708.28
19958,38.68,Toco,6.0,5.57,111.21,101.94,228.03,43.42
19959,25.49,VUC,3.0,0.62,69.57,77.39,82.97,14.9
19960,65.14,VUC,3.0,1.03,163.47,126.47,199.51,41.47
19961,74.97,VUC,3.0,1.13,187.24,176.16,218.07,54.84
19962,16.93,3/4,4.0,2.67,58.93,62.55,88.84,22.01
19963,85.71,VUC,3.0,2.88,135.44,215.23,270.77,53.08
19964,147.16,Truck,14.0,7.84,386.19,443.42,884.12,244.21
19965,46.12,VUC,3.0,1.89,100.8,104.45,149.86,32.94
19966,76.35,VUC,3.0,2.08,197.91,169.43,237.71,46.56
19967,8.7,Toco,6.0,5.24,36.15,73.26,119.08,16.67
19968,501.8,Carreta_Bau,28.0,11.01,719.09,682.73,3612.79,1559.21
19969,36.81,VUC,3.0,2.05,106.12,85.77,133.16,29.14
19970,5.35,Truck,14.0,13.11,30.52,48.02,207.4,8.34
19971,167.7,Toco,6.0,5.69,360.54,439.96,748.26,180.75
19972,69.38,Toco,6.0,2.85,190.16,184.64,333.55,74.0
19973,422.87,Carreta_Sider,28.0,6.86,595.5,588.06,3089.94,1361.01
19974,11.23,VUC,3.0,2.81,41.6,27.52,65.3,19.91
19975,111.62,Toco,6.0,5.6,278.45,283.43,533.17,119.87
19976,34.78,VUC,3.0,0.7,75.59,81.51,103.81,21.67
19977,195.12,Truck,14.0,3.07,537.29,557.95,1093.24,311.42
19978,205.57,Toco,6.0,1.84,590.05,520.28,857.08,219.72
19979,75.14,3/4,4.0,2.8,156.44,181.58,278.72,72.33
19980,72.16,Toco,6.0,2.44,202.74,200.08,328.49,75.66
19981,62.27,3/4,4.0,1.42,152.14,140.59,219.08,48.24
19982,67.16,Truck,14.0,11.62,202.71,242.98,524.54,109.17
19983,221.32,Carreta_Sider,28.0,10.0,327.26,385.31,1718.16,711.16
19984,63.26,Toco,6.0,5.8,156.48,185.07,333.71,74.13
19985,62.36,3/4,4.0,2.09,142.7,165.08,232.49,53.37
19986,485.7,Carreta_Sider,28.0,14.26,652.02,668.57,3642.29,1580.03
19987,169.51,VUC,3.0,2.86,298.58,353.26,521.98,116.4
19988,168.8,Truck,14.0,3.53,554.82,487.14,947.68,269.33
19989,35.82,VUC,3.0,0.74,63.02,65.92,103.99,22.19
19990,6.56,VUC,3.0,1.56,17.66,21.09,40.4,6.65
19991,44.21,3/4,4.0,2.6,123.84,146.69,183.96,34.58
19992,8.14,VUC,3.0,1.75,21.78,31.26,44.01,5.45
19993,46.67,Toco,6.0,5.77,144.97,158.28,266.29,57.12
19994,46.23,3/4,4.0,3.98,113.72,141.01,199.13,40.78
19995,20.26,VUC,3.0,0.55,51.58,40.59,74.0,19.08
19996,75.37,Toco,6.0,1.74,233.39,204.23,328.35,75.96
19997,68.08,3/4,4.0,2.48,144.49,162.22,252.16,59.59
19998,54.92,VUC,3.0,2.87,129.51,139.58,198.11,38.9
19999,88.26,Truck,14.0,5.43,305.61,278.14,554.55,144.28
20000,30.13,3/4,4.0,1.85,91.39,106.36,120.25,23.95
20001,388.96,Carreta_Sider,28.0,9.7,464.55,568.26,2890.3,1243.4
20002,499.73,Carreta_Bau,28.0,27.22,569.22,710.25,3841.84,1618.67
20003,27.84,3/4,4.0,1.12,83.12,68.43,101.44,16.16
20004,20.69,3/4,4.0,2.52,71.14,42.08,101.0,10.93
20005,53.54,VUC,3.0,0.51,102.11,131.4,159.16,36.44
20006,22.69,3/4,4.0,2.65,47.41,69.22,108.48,17.5
20007,83.07,3/4,4.0,1.93,165.47,208.38,288.25,70.81
20008,260.45,Carreta_Bau,28.0,17.66,392.57,431.58,2044.11,818.02
20009,31.69,VUC,3.0,0.65,70.89,82.0,100.89,21.36
20010,48.67,VUC,3.0,0.68,100.81,123.73,154.76,34.77
20011,423.58,Carreta_Sider,28.0,6.4,555.87,617.23,3092.25,1344.77
20012,52.19,3/4,4.0,3.44,120.07,131.22,219.73,46.26
20013,32.0,VUC,3.0,2.3,63.26,70.7,107.47,25.26
20014,71.2,Truck,14.0,3.63,194.33,250.22,432.94,107.58
20015,108.19,3/4,4.0,1.67,236.89,261.6,384.59,91.66
20016,66.98,VUC,3.0,1.56,127.73,154.27,208.41,43.08
20017,445.23,Carreta_Sider,28.0,6.55,634.08,614.85,3252.64,1423.94
20018,402.44,Carreta_Sider,28.0,24.19,576.0,601.5,3202.12,1332.03
20019,73.23,Toco,6.0,2.75,226.08,203.78,329.68,71.72
20020,476.06,Carreta_Sider,28.0,20.16,578.24,666.86,3664.37,1562.39
20021,59.14,Truck,14.0,9.74,193.04,205.2,446.89,94.56
20022,45.88,VUC,3.0,2.78,125.97,104.35,156.15,29.69
20023,44.85,3/4,4.0,3.12,151.71,85.78,189.72,44.52
20024,365.92,Carreta_Bau,28.0,5.02,460.22,512.29,2589.64,1120.63
20025,69.2,VUC,3.0,0.85,143.07,167.87,217.24,48.44
20026,38.31,3/4,4.0,2.11,72.51,88.83,141.43,41.25
20027,495.07,Carreta_Bau,28.0,6.41,582.24,703.3,3496.29,1539.24
20028,43.79,Truck,14.0,6.76,131.71,155.87,338.88,80.15
20029,260.69,Carreta_Bau,28.0,27.46,429.66,455.4,2217.21,842.85
20030,406.33,Carreta_Sider,28.0,9.09,524.19,569.81,3006.62,1305.23
20031,18.89,Truck,14.0,10.49,81.48,66.81,252.59,22.15
20032,403.36,Carreta_Sider,28.0,10.39,603.52,579.74,3009.19,1297.79
20033,209.16,Toco,6.0,1.07,498.86,513.28,860.59,227.63
20034,65.85,VUC,3.0,0.7,130.49,140.96,200.1,34.29
20035,486.25,Carreta_Bau,28.0,6.67,687.93,681.78,3435.58,1499.96
20036,426.15,Carreta_Sider,28.0,11.32,661.83,606.66,3167.67,1375.48
20037,463.2,Carreta_Bau,28.0,27.06,515.87,634.18,3588.42,1486.41
20038,249.1,Carreta_Sider,28.0,18.97,369.13,414.95,2045.54,825.68
20039,11.0,Toco,6.0,1.53,43.98,64.38,58.21,14.65
20040,94.14,Toco,6.0,1.26,208.95,223.18,398.93,101.81
20041,17.08,Toco,6.0,5.85,46.84,45.52,133.78,23.03
20042,38.85,VUC,3.0,0.89,109.59,92.9,118.91,22.82
20043,452.53,Carreta_Bau,28.0,10.64,642.97,608.04,3260.94,1413.09
20044,228.86,Carreta_Sider,28.0,24.23,412.54,390.92,1985.5,753.45
20045,25.64,Toco,6.0,3.73,80.95,103.66,146.72,16.34
20046,30.45,VUC,3.0,1.03,74.62,69.71,91.12,19.11
20047,504.87,Carreta_Bau,28.0,20.01,536.28,702.05,3771.11,1613.79
20048,33.34,Truck,14.0,6.52,140.71,127.31,272.5,62.52
20049,105.18,VUC,3.0,1.93,177.91,217.72,327.44,66.79
20050,358.15,Carreta_Bau,28.0,6.5,456.98,497.3,2565.44,1106.19
20051,69.37,Toco,6.0,5.39,199.72,206.04,353.55,68.99
20052,20.08,3/4,4.0,2.62,48.05,62.01,100.84,22.42
20053,142.7,Toco,6.0,0.92,366.62,371.04,596.18,153.33
20054,28.01,VUC,3.0,1.88,80.4,70.1,101.97,17.07
20055,400.46,Carreta_Bau,28.0,12.82,488.38,565.48,2935.06,1245.09
20056,13.21,Truck,14.0,12.88,72.82,73.25,254.57,13.01
20057,34.16,VUC,3.0,0.8,84.61,66.81,105.96,22.17
20058,89.65,Truck,14.0,6.07,296.89,281.47,565.51,137.62
20059,249.57,Carreta_Sider,28.0,22.4,381.04,401.41,2100.41,826.57
20060,465.02,Carreta_Bau,28.0,9.56,677.69,670.6,3337.35,1450.3
20061,465.9,Carreta_Bau,28.0,11.65,680.56,649.83,3362.94,1449.9
20062,38.59,3/4,4.0,3.22,86.67,106.86,168.2,33.41
20063,251.44,Carreta_Sider,28.0,21.15,350.23,401.2,2085.15,823.24
20064,74.74,3/4,4.0,1.82,169.16,197.51,273.46,67.67
20065,46.02,VUC,3.0,1.64,100.95,100.7,154.99,45.92
20066,439.24,Carreta_Sider,28.0,17.35,661.0,641.66,3369.6,1434.45
20067,44.91,VUC,3.0,2.71,120.87,96.53,162.25,36.74
20068,384.48,Carreta_Bau,28.0,19.94,436.23,530.3,2939.83,1227.91
20069,78.98,VUC,3.0,1.96,173.28,196.72,240.2,50.5
20070,6.44,Truck,14.0,11.75,49.6,58.59,199.98,13.35
20071,82.7,Toco,6.0,2.45,222.09,216.74,359.01,82.63
20072,276.29,Carreta_Sider,28.0,14.77,452.03,465.47,2178.68,898.55
20073,48.15,Toco,6.0,4.4,130.67,138.96,242.28,51.28
20074,240.88,Carreta_Sider,28.0,13.81,400.48,412.01,1900.89,788.02
20075,35.95,3/4,4.0,2.23,92.11,73.38,151.72,27.33
20076,184.38,Toco,6.0,1.72,429.08,466.19,781.02,191.66
20077,86.52,3/4,4.0,2.67,195.74,204.78,328.02,68.71
20078,34.93,3/4,4.0,2.78,102.96,80.6,147.26,34.12
20079,121.86,Truck,14.0,12.29,385.5,359.55,815.22,201.76
20080,314.88,Carreta_Sider,28.0,6.23,551.92,476.58,2321.8,996.69
20081,92.97,Toco,6.0,5.49,273.63,247.58,445.09,108.05
20082,89.21,Truck,14.0,3.12,285.21,269.41,525.73,135.28
20083,28.38,3/4,4.0,3.13,70.83,73.02,124.96,21.62
20084,324.52,Carreta_Bau,28.0,18.22,430.79,500.39,2505.68,1027.38
20085,283.71,Carreta_Sider,28.0,13.86,466.63,428.25,2218.42,914.75
20086,499.0,Carreta_Bau,28.0,26.18,747.24,697.27,3828.55,1598.85
20087,100.82,Truck,14.0,7.53,337.54,302.17,632.74,168.5
20088,456.38,Carreta_Sider,28.0,4.79,671.91,632.7,3298.72,1455.61
20089,34.99,3/4,4.0,2.37,90.54,63.73,146.78,29.98
20090,77.91,Toco,6.0,3.62,237.67,210.89,360.39,86.59
20091,435.35,Carreta_Sider,28.0,21.92,563.87,625.47,3397.36,1427.26
20092,21.8,VUC,3.0,1.36,56.98,61.36,72.42,16.49
20093,70.61,Truck,14.0,2.98,202.87,263.36,418.62,115.06
20094,417.47,Carreta_Sider,28.0,12.52,484.57,604.45,3146.81,1352.52
20095,318.09,Carreta_Bau,28.0,18.54,396.57,485.6,2448.84,1010.91
20096,175.9,Toco,6.0,3.68,471.98,440.61,747.8,196.46
20097,15.75,Truck,14.0,12.18,74.35,79.26,244.67,25.6
20098,461.72,Carreta_Bau,28.0,10.63,705.51,633.78,3327.84,1440.64
20099,22.71,VUC,3.0,1.9,51.98,48.17,84.48,7.94
20100,49.55,Truck,14.0,13.71,139.92,159.73,457.87,86.32
20101,411.45,Carreta_Bau,28.0,11.67,466.89,585.3,2992.24,1282.96
20102,448.95,Carreta_Sider,28.0,14.58,542.38,632.04,3385.91,1455.39
20103,195.21,Toco,6.0,5.97,458.86,487.76,864.99,215.16
20104,330.61,Carreta_Sider,28.0,7.64,518.17,512.89,2464.14,1053.11
20105,271.78,Carreta_Sider,28.0,17.85,451.45,457.58,2196.39,888.32
20106,71.88,Truck,14.0,6.51,212.84,214.02,474.37,120.86
20107,71.29,VUC,3.0,0.57,128.06,173.23,216.94,39.14
20108,366.86,Carreta_Bau,28.0,22.31,544.9,516.77,2851.18,1172.33
20109,414.86,Carreta_Bau,28.0,8.93,590.56,566.37,2987.21,1292.87
20110,59.41,VUC,3.0,2.72,143.54,118.6,202.43,26.44
20111,28.76,Toco,6.0,3.03,87.85,83.52,159.18,40.38
20112,41.8,Toco,6.0,1.64,107.19,121.38,197.35,42.3
20113,26.41,VUC,3.0,1.08,73.61,49.14,91.06,12.05
20114,168.83,3/4,4.0,3.43,378.8,386.09,606.55,145.97
20115,29.21,3/4,4.0,1.87,79.35,67.74,127.09,21.25
20116,33.41,3/4,4.0,1.47,88.63,93.29,129.29,27.65
20117,168.97,3/4,4.0,1.45,378.66,392.6,580.34,137.82
20118,58.5,3/4,4.0,2.58,139.14,166.01,216.15,55.46
20119,22.89,VUC,3.0,1.1,58.26,35.03,81.24,27.92
20120,7.87,VUC,3.0,2.84,23.45,45.88,58.91,8.77
20121,67.01,Toco,6.0,1.15,166.86,198.71,277.67,72.17
20122,5.98,VUC,3.0,0.85,26.79,17.13,25.0,1.01
20123,92.34,3/4,4.0,2.06,193.18,216.1,338.74,83.36
20124,35.88,3/4,4.0,1.31,96.37,99.97,135.86,26.16
20125,4.6,3/4,4.0,3.25,28.46,41.53,53.74,5.55
20126,84.5,Truck,14.0,13.01,260.69,240.08,638.0,138.35
20127,58.58,Truck,14.0,9.24,144.84,186.27,439.83,89.94
20128,113.53,Toco,6.0,5.26,322.64,306.23,527.15,124.41
20129,78.38,Truck,14.0,11.63,233.95,251.27,572.64,125.09
20130,43.59,3/4,4.0,1.14,92.68,112.72,163.19,43.73
20131,161.8,Toco,6.0,1.3,375.19,392.31,665.58,168.33
20132,36.23,VUC,3.0,2.05,73.22,80.56,117.98,22.73
20133,63.62,VUC,3.0,2.96,124.59,138.94,211.4,38.53
20134,197.07,Truck,14.0,12.0,534.56,568.21,1223.47,321.21
20135,40.95,3/4,4.0,2.7,104.99,123.23,169.16,38.36
20136,54.61,VUC,3.0,0.73,102.57,119.07,160.18,33.88
20137,125.82,3/4,4.0,3.25,257.64,284.57,465.17,119.92
20138,246.17,Carreta_Bau,28.0,20.45,333.31,426.08,1996.68,788.96
20139,29.28,VUC,3.0,2.83,59.52,80.19,122.11,19.53
20140,34.27,VUC,3.0,2.26,79.35,85.95,117.34,24.04
20141,11.48,VUC,3.0,0.71,41.31,34.05,51.52,6.77
20142,381.95,Carreta_Sider,28.0,18.7,542.75,557.73,2984.65,1246.22
20143,75.1,3/4,4.0,1.97,163.63,171.21,281.05,56.22
20144,35.75,Truck,14.0,7.11,131.52,110.74,293.04,52.93
20145,92.72,Toco,6.0,4.13,240.69,243.49,429.67,108.06
20146,432.06,Carreta_Sider,28.0,25.61,656.06,613.55,3437.24,1436.96
20147,27.64,VUC,3.0,2.39,36.89,82.83,96.75,20.64
20148,47.23,VUC,3.0,0.51,106.12,99.63,138.38,33.52
20149,31.8,3/4,4.0,1.1,72.13,98.2,120.34,25.51
20150,241.97,Carreta_Bau,28.0,12.84,360.1,373.33,1845.85,755.29
20151,67.15,VUC,3.0,2.2,161.32,156.48,225.5,53.56
20152,130.63,3/4,4.0,2.76,309.44,287.18,473.18,114.21
20153,77.56,Truck,14.0,8.09,261.01,235.42,538.12,118.47
20154,48.32,3/4,4.0,2.06,149.45,116.27,191.52,32.07
20155,37.39,VUC,3.0,2.46,90.69,93.76,125.17,28.07
20156,71.77,Toco,6.0,1.39,199.02,177.04,319.08,71.99
20157,21.42,3/4,4.0,2.62,82.74,84.6,99.56,17.6
20158,417.73,Carreta_Bau,28.0,23.44,530.7,599.28,3225.11,1327.13
20159,58.55,3/4,4.0,1.53,124.19,144.97,224.81,46.8
20160,261.25,Carreta_Bau,28.0,9.01,438.11,382.75,1939.85,816.76
20161,70.76,VUC,3.0,2.17,154.41,162.71,233.11,43.1
20162,28.5,VUC,3.0,0.9,65.29,86.23,95.32,12.14
20163,63.67,VUC,3.0,1.69,141.52,130.48,200.68,39.59
20164,70.91,Toco,6.0,5.61,173.91,187.61,368.7,78.81
20165,14.68,VUC,3.0,0.6,31.19,38.7,52.08,7.45
20166,201.86,3/4,4.0,3.69,506.5,461.24,716.88,166.8
20167,295.04,Carreta_Sider,28.0,8.73,481.56,440.16,2220.61,948.73
20168,507.19,Carreta_Sider,28.0,15.68,675.9,716.98,3819.56,1648.46
20169,253.37,Carreta_Bau,28.0,7.35,309.99,408.8,1862.08,785.82
20170,33.48,VUC,3.0,2.26,104.66,81.07,113.82,16.81
20171,40.97,3/4,4.0,3.99,108.74,96.18,191.01,41.84
20172,74.61,3/4,4.0,1.63,183.54,165.95,274.33,66.24
20173,502.77,Carreta_Bau,28.0,26.21,592.11,734.78,3840.36,1617.78
20174,55.64,VUC,3.0,2.31,90.99,121.38,179.23,37.61
20175,44.91,Truck,14.0,13.59,139.29,166.46,437.92,83.27
20176,202.6,Truck,14.0,10.09,625.64,570.71,1232.66,339.83
20177,33.01,3/4,4.0,2.92,86.52,79.67,154.94,35.8
20178,139.86,Truck,14.0,13.33,428.56,438.18,924.35,236.63
20179,4.37,Truck,14.0,10.76,27.6,31.31,170.13,4.51
20180,161.8,Toco,6.0,5.22,445.71,406.82,720.01,181.7
20181,423.86,Carreta_Bau,28.0,10.97,610.86,597.18,3081.76,1331.66
20182,5.84,VUC,3.0,0.88,18.56,15.19,32.98,6.71
20183,25.88,3/4,4.0,2.78,81.94,81.92,117.79,17.97
20184,14.62,VUC,3.0,1.09,50.82,33.29,55.86,9.59
20185,14.88,VUC,3.0,1.55,46.8,41.98,64.87,13.31
20186,58.85,VUC,3.0,2.63,114.2,143.47,202.18,39.27
20187,59.1,VUC,3.0,2.06,131.16,128.0,202.62,41.97
20188,8.07,Toco,6.0,5.71,36.06,24.61,112.68,5.86
20189,58.05,Toco,6.0,2.71,175.2,155.9,277.46,61.53
20190,17.27,VUC,3.0,1.17,47.39,34.13,58.18,12.66
20191,323.49,Carreta_Sider,28.0,9.29,486.61,480.75,2421.35,1041.22
20192,38.33,VUC,3.0,2.94,107.32,92.66,135.93,22.0
20193,94.06,Toco,6.0,3.09,209.95,250.64,422.3,89.57
20194,51.5,VUC,3.0,2.8,127.74,132.11,175.25,19.31
20195,7.11,3/4,4.0,1.77,35.24,20.89,49.08,5.75
20196,342.32,Carreta_Bau,28.0,11.05,554.72,498.2,2519.38,1069.71
20197,35.64,VUC,3.0,2.42,80.38,105.79,130.41,22.13
20198,506.28,Carreta_Sider,28.0,18.91,698.76,718.67,3859.98,1659.58
20199,309.56,Carreta_Bau,28.0,16.69,451.76,480.32,2367.88,985.93
20200,144.73,Toco,6.0,3.15,334.19,373.97,616.05,154.27
20201,400.37,Carreta_Sider,28.0,15.3,536.26,596.2,3049.02,1304.34
20202,183.34,Truck,14.0,12.03,440.47,539.98,1152.51,313.03
20203,65.05,Toco,6.0,1.68,189.38,158.65,298.55,64.27
20204,24.44,VUC,3.0,0.58,82.48,71.42,87.77,24.18
20205,342.15,Carreta_Sider,28.0,4.34,461.83,510.09,2492.05,1092.65
20206,91.76,Toco,6.0,3.42,277.8,245.76,420.55,98.09
20207,42.7,Toco,6.0,5.07,126.14,113.2,226.62,34.43
20208,5.92,Truck,14.0,10.08,28.98,69.03,180.64,16.71
20209,53.19,VUC,3.0,2.98,104.44,134.2,188.84,43.79
20210,65.53,Toco,6.0,4.01,192.61,172.57,320.27,68.09
20211,45.5,Truck,14.0,8.16,141.43,175.22,343.79,83.57
20212,88.46,Truck,14.0,9.02,283.79,294.77,600.68,136.72
20213,86.08,3/4,4.0,3.6,180.31,205.82,342.72,75.86
20214,16.65,3/4,4.0,0.65,63.86,40.3,68.17,12.9
20215,458.11,Carreta_Bau,28.0,15.3,691.61,642.94,3368.56,1436.36
20216,11.28,VUC,3.0,1.5,29.36,33.28,48.09,5.95
20217,297.76,Carreta_Sider,28.0,26.89,442.62,515.61,2504.33,991.84
20218,32.42,3/4,4.0,1.24,75.11,73.24,125.39,21.13
20219,59.34,VUC,3.0,0.52,138.46,155.8,169.29,40.55
20220,228.57,Carreta_Bau,28.0,19.23,387.56,371.26,1858.63,722.46
20221,339.61,Carreta_Sider,28.0,19.08,536.13,514.39,2689.18,1111.71
20222,148.95,Toco,6.0,2.53,310.24,372.82,633.0,167.59
20223,225.71,Carreta_Sider,28.0,17.05,365.28,382.53,1850.84,733.69
20224,309.26,Carreta_Bau,28.0,18.4,474.81,456.54,2395.42,969.13
20225,203.01,Toco,6.0,2.7,573.28,513.94,859.22,217.66
20226,111.68,VUC,3.0,1.52,283.27,224.18,342.04,71.89
20227,343.68,Carreta_Bau,28.0,7.57,548.16,468.51,2479.4,1064.02
20228,58.75,Truck,14.0,11.28,151.1,192.2,475.63,101.61
20229,28.72,3/4,4.0,1.92,83.88,98.2,122.93,26.23
20230,90.55,Toco,6.0,4.19,271.8,246.34,424.32,96.06
20231,31.97,Toco,6.0,3.08,94.38,95.99,170.35,38.08
20232,265.53,Carreta_Sider,28.0,8.06,397.51,454.57,2003.16,853.18
20233,77.18,3/4,4.0,2.98,205.72,155.79,298.21,68.28
20234,79.71,VUC,3.0,1.51,155.46,180.16,244.43,50.11
20235,261.01,Carreta_Sider,28.0,8.61,349.49,400.87,1979.45,838.78
20236,12.96,3/4,4.0,3.77,63.29,46.98,82.05,11.77
20237,518.65,Carreta_Sider,28.0,25.46,781.01,725.67,4031.71,1721.38
20238,25.16,Toco,6.0,4.61,74.49,73.55,159.6,30.03
20239,23.58,VUC,3.0,1.92,64.02,65.25,84.08,17.96
20240,87.69,Toco,6.0,4.09,230.95,233.1,418.46,98.63
20241,35.95,VUC,3.0,1.37,74.5,76.16,113.53,25.98
20242,80.12,Truck,14.0,5.23,226.38,229.8,508.39,118.18
20243,47.5,VUC,3.0,1.96,124.17,121.16,153.23,35.13
20244,45.61,Toco,6.0,4.67,135.31,129.78,242.38,45.31
20245,86.21,3/4,4.0,2.28,184.69,190.48,308.76,78.71
20246,142.51,Truck,14.0,12.76,411.37,405.93,931.26,230.68
20247,44.12,VUC,3.0,1.44,73.67,107.0,144.56,36.05
20248,71.78,Toco,6.0,2.82,170.52,191.25,323.92,66.58
20249,42.62,3/4,4.0,2.05,115.53,113.13,172.29,37.64
20250,160.52,VUC,3.0,2.25,362.42,377.87,491.23,102.17
20251,467.41,Carreta_Sider,28.0,4.85,634.03,664.36,3372.4,1489.96
20252,150.36,Truck,14.0,6.31,453.7,444.37,899.73,252.62
20253,484.99,Carreta_Bau,28.0,21.88,633.72,651.37,3646.38,1549.76
20254,13.27,VUC,3.0,1.86,40.31,63.0,56.76,13.23
20255,380.58,Carreta_Sider,28.0,11.58,578.29,558.4,2851.11,1236.25
20256,8.83,VUC,3.0,2.12,27.7,65.58,40.17,2.61
20257,319.47,Carreta_Bau,28.0,25.65,440.22,477.89,2565.43,1029.75
20258,22.95,VUC,3.0,1.74,62.46,41.95,82.6,21.56
20259,69.73,3/4,4.0,3.11,153.9,191.95,270.33,61.61
20260,213.32,Toco,6.0,1.91,483.22,545.22,886.92,225.33
20261,247.78,Carreta_Bau,28.0,15.46,379.32,412.01,1918.81,783.34
20262,446.03,Carreta_Bau,28.0,11.13,554.02,600.65,3213.38,1393.41
20263,38.0,VUC,3.0,2.98,65.16,74.57,141.95,27.51
20264,45.32,VUC,3.0,1.01,123.95,91.04,146.64,26.02
20265,13.27,3/4,4.0,3.82,29.68,8.28,90.77,12.72
20266,60.7,Truck,14.0,6.96,168.8,189.07,433.53,98.07
20267,77.11,VUC,3.0,1.72,179.37,144.9,239.12,46.98
20268,60.85,3/4,4.0,2.38,151.65,152.7,233.94,58.23
20269,119.44,3/4,4.0,1.42,303.06,279.64,417.71,97.46
20270,93.6,VUC,3.0,1.06,206.23,191.93,274.52,55.49
20271,421.63,Carreta_Bau,28.0,13.15,575.16,599.12,3086.6,1316.28
20272,446.82,Carreta_Bau,28.0,21.94,651.1,633.45,3397.54,1426.55
20273,5.49,Truck,14.0,10.44,27.22,65.05,178.74,8.3
20274,5.43,3/4,4.0,3.99,27.54,55.81,67.25,8.33
20275,49.5,Truck,14.0,3.15,166.8,163.65,324.41,73.11
20276,28.24,3/4,4.0,3.18,87.33,85.95,134.73,15.84
20277,395.04,Carreta_Bau,28.0,8.84,598.16,564.99,2847.34,1218.42
20278,66.47,3/4,4.0,2.34,172.87,191.06,260.03,58.7
20279,76.18,Toco,6.0,1.9,240.81,186.1,329.16,86.68
20280,118.16,Truck,14.0,13.24,408.42,354.73,824.74,202.05
20281,410.63,Carreta_Bau,28.0,16.27,483.7,563.54,3051.63,1293.58
20282,402.34,Carreta_Bau,28.0,15.37,566.46,563.48,2986.13,1268.2
20283,13.32,VUC,3.0,1.23,55.77,34.59,40.56,-2.77
20284,100.56,Truck,14.0,7.44,247.69,295.39,642.58,172.04
20285,87.48,Truck,14.0,3.42,242.61,273.44,529.09,146.03
20286,6.72,3/4,4.0,2.93,23.17,38.95,50.68,10.27
20287,474.22,Carreta_Bau,28.0,17.78,613.57,657.63,3514.29,1496.99
20288,151.18,Toco,6.0,1.41,418.73,393.74,630.96,159.16
20289,66.64,3/4,4.0,0.95,140.69,188.3,234.86,54.47
20290,38.99,VUC,3.0,1.2,102.92,97.65,118.54,33.26
20291,64.74,3/4,4.0,2.21,188.91,141.49,243.28,59.85
20292,503.33,Carreta_Bau,28.0,9.5,680.26,670.91,3606.2,1565.47
20293,125.08,3/4,4.0,1.05,341.1,281.09,429.75,107.1
20294,12.88,Toco,6.0,1.39,28.44,70.19,73.57,9.15
20295,89.27,Truck,14.0,5.73,242.02,267.58,559.82,137.59
20296,196.17,Truck,14.0,9.59,496.3,561.22,1178.86,322.34
20297,388.35,Carreta_Sider,28.0,20.35,477.03,560.69,3046.49,1270.96
20298,89.3,Toco,6.0,2.34,238.63,230.26,389.28,87.5
20299,51.27,VUC,3.0,1.57,117.29,109.43,166.86,32.95
20300,153.33,Truck,14.0,9.58,508.92,445.84,951.64,250.88
20301,50.37,VUC,3.0,1.37,114.03,128.3,150.38,27.04
20302,61.77,VUC,3.0,2.95,137.73,136.54,197.59,38.56
20303,56.79,VUC,3.0,2.22,115.95,128.72,172.97,38.67
20304,53.46,3/4,4.0,2.57,121.57,145.85,206.59,44.4
20305,173.61,Toco,6.0,3.44,462.55,457.28,751.21,189.26
20306,57.62,VUC,3.0,1.7,155.85,122.6,178.87,36.09
20307,82.14,3/4,4.0,1.59,162.97,215.19,293.05,77.61
20308,59.61,VUC,3.0,0.65,121.3,134.2,174.57,44.08
20309,99.75,Toco,6.0,5.17,230.07,258.07,462.29,110.73
20310,21.82,Truck,14.0,12.87,77.65,107.22,309.04,32.28
20311,87.17,Toco,6.0,5.87,174.68,241.66,420.42,94.1
20312,23.65,Truck,14.0,6.91,89.25,97.45,213.73,32.02
20313,19.03,VUC,3.0,2.86,44.6,47.88,80.63,8.49
20314,446.25,Carreta_Bau,28.0,20.92,542.32,629.3,3372.88,1425.42
20315,110.99,VUC,3.0,1.53,247.02,230.22,330.21,67.95
20316,363.84,Carreta_Bau,28.0,26.06,445.4,537.96,2890.4,1170.81
20317,94.73,3/4,4.0,3.89,181.46,222.22,358.14,88.12
20318,23.42,VUC,3.0,1.81,58.9,64.55,83.49,17.81
20319,342.48,Carreta_Bau,28.0,22.76,463.08,533.77,2685.54,1095.85
20320,13.11,VUC,3.0,2.43,35.87,38.01,64.12,7.95
20321,312.28,Carreta_Bau,28.0,18.69,458.48,483.58,2425.23,989.61
20322,55.14,VUC,3.0,1.53,118.21,127.82,180.09,39.89
20323,79.27,Toco,6.0,1.59,191.29,229.24,352.18,86.05
20324,9.53,3/4,4.0,3.99,48.97,62.89,70.13,7.0
20325,48.6,3/4,4.0,0.84,99.76,116.17,168.01,33.99
20326,10.23,Toco,6.0,1.59,36.77,20.12,57.45,13.33
20327,43.01,Toco,6.0,2.81,145.7,107.83,209.56,48.14
20328,35.3,VUC,3.0,1.47,85.98,99.03,110.59,14.62
20329,16.48,3/4,4.0,1.51,46.14,56.95,69.38,13.05
20330,254.44,Carreta_Bau,28.0,6.06,357.05,378.7,1849.86,787.79
20331,88.72,Truck,14.0,12.8,255.26,302.8,658.59,146.56
20332,222.31,Carreta_Sider,28.0,16.42,419.92,371.68,1819.16,733.99
20333,61.77,3/4,4.0,3.9,186.73,149.92,254.67,61.25
20334,80.72,3/4,4.0,3.59,188.69,192.65,308.07,63.44
20335,86.44,Truck,14.0,7.98,268.38,286.67,572.72,140.0
20336,501.7,Carreta_Bau,28.0,13.44,598.35,673.67,3647.75,1579.1
20337,88.65,Toco,6.0,2.2,257.74,254.54,391.88,94.71
20338,428.78,Carreta_Sider,28.0,27.83,668.53,641.61,3453.24,1434.89
20339,72.08,VUC,3.0,1.99,124.32,180.14,234.11,43.23
20340,487.16,Carreta_Sider,28.0,24.21,572.18,708.75,3799.25,1606.32
20341,406.91,Carreta_Bau,28.0,27.64,620.71,597.4,3212.99,1318.05
20342,447.33,Carreta_Bau,28.0,9.53,591.63,627.41,3210.34,1390.56
20343,31.93,VUC,3.0,2.81,84.67,80.67,126.51,33.8
20344,504.77,Carreta_Bau,28.0,23.11,660.73,689.43,3815.27,1620.49
20345,79.43,VUC,3.0,1.61,143.35,185.07,254.92,45.53
20346,287.8,Carreta_Bau,28.0,26.78,423.49,453.39,2383.03,931.53
20347,51.34,VUC,3.0,1.95,106.16,136.16,170.95,32.72
20348,28.72,VUC,3.0,1.45,63.37,88.92,107.65,20.95
20349,39.11,Toco,6.0,1.72,113.27,123.05,176.13,38.15
20350,480.43,Carreta_Sider,28.0,21.52,727.93,700.66,3721.29,1584.7
20351,31.41,VUC,3.0,2.42,69.03,84.88,117.6,25.71
20352,46.42,Truck,14.0,4.56,150.78,161.48,315.41,78.89
20353,75.1,VUC,3.0,1.4,208.04,157.92,227.37,53.34
20354,113.31,VUC,3.0,0.59,280.07,248.13,323.69,86.66
20355,48.12,Truck,14.0,8.73,159.11,169.41,387.21,76.54
20356,140.85,VUC,3.0,1.98,277.57,307.14,426.44,99.81
20357,28.38,VUC,3.0,2.61,50.15,75.74,107.85,19.99
20358,303.41,Carreta_Sider,28.0,4.82,459.59,462.61,2228.19,963.68
20359,287.94,Carreta_Bau,28.0,7.05,471.3,461.0,2085.52,891.45
20360,281.24,Carreta_Bau,28.0,4.95,436.0,424.08,2003.9,871.39
20361,323.31,Carreta_Sider,28.0,26.68,540.78,518.21,2684.31,1074.81
20362,11.95,VUC,3.0,1.76,27.08,38.03,44.95,-2.13
20363,81.87,VUC,3.0,1.08,211.23,185.22,247.91,56.05
20364,323.81,Carreta_Sider,28.0,4.65,491.27,471.77,2377.94,1031.3
20365,41.98,VUC,3.0,0.7,104.71,90.45,124.86,23.8
20366,44.21,VUC,3.0,2.29,114.21,97.51,156.93,22.36
20367,464.99,Carreta_Sider,28.0,15.63,675.44,642.26,3509.69,1515.81
20368,73.5,3/4,4.0,3.1,133.71,182.29,282.32,69.53
20369,81.33,VUC,3.0,1.13,169.04,167.13,239.62,47.08
20370,242.01,Carreta_Bau,28.0,14.66,312.51,372.33,1883.21,762.73
20371,50.51,VUC,3.0,2.04,122.19,147.28,175.75,43.66
20372,61.55,VUC,3.0,0.99,147.75,155.2,188.82,43.66
20373,25.76,3/4,4.0,1.58,75.22,102.28,109.16,21.65
20374,89.09,Toco,6.0,1.62,273.65,236.78,386.59,94.58
20375,229.4,Carreta_Sider,28.0,21.14,378.78,386.43,1934.64,753.01
20376,393.31,Carreta_Bau,28.0,18.06,586.99,571.21,2974.61,1246.43
20377,55.68,3/4,4.0,2.11,156.42,146.0,208.22,45.08
20378,69.48,VUC,3.0,1.9,155.67,151.61,209.33,43.43
20379,14.39,VUC,3.0,0.88,34.39,32.14,46.11,8.55
20380,61.96,Toco,6.0,5.05,172.11,182.8,317.17,60.38
20381,370.6,Carreta_Sider,28.0,22.18,523.83,536.66,2945.32,1222.24
20382,37.57,Toco,6.0,1.83,140.1,120.18,177.29,53.84
20383,44.96,3/4,4.0,3.61,99.78,114.03,191.27,32.11
20384,447.68,Carreta_Bau,28.0,13.58,574.17,634.16,3273.49,1413.04
20385,226.44,Carreta_Sider,28.0,15.23,379.53,395.51,1833.28,742.05
20386,66.08,3/4,4.0,2.41,191.27,172.15,259.66,59.63
20387,97.72,Truck,14.0,11.54,330.93,288.51,675.57,159.66
20388,76.47,VUC,3.0,0.87,213.33,149.02,234.99,53.15
20389,35.79,3/4,4.0,1.5,91.56,74.04,139.72,39.53
20390,83.46,Toco,6.0,5.68,236.98,220.63,400.21,98.42
20391,496.23,Carreta_Sider,28.0,26.52,780.52,691.6,3905.21,1653.63
20392,113.8,3/4,4.0,3.35,238.8,269.76,432.38,98.55
20393,23.93,Toco,6.0,1.76,89.87,65.56,115.9,22.83
20394,55.22,VUC,3.0,1.97,116.06,118.77,178.18,36.58
20395,384.01,Carreta_Sider,28.0,14.81,603.24,565.25,2920.44,1251.22
20396,17.77,3/4,4.0,0.87,51.24,60.64,71.01,15.46
20397,30.32,3/4,4.0,0.86,100.62,71.79,114.76,25.3
20398,85.48,VUC,3.0,2.63,170.88,183.18,286.04,55.97
20399,231.78,Carreta_Sider,28.0,6.35,337.23,381.66,1734.2,749.72
20400,275.0,Carreta_Bau,28.0,10.66,419.36,419.07,2054.24,859.31
20401,451.16,Carreta_Sider,28.0,7.79,582.55,634.82,3307.72,1446.46
20402,5.05,Toco,6.0,3.83,42.74,42.8,82.29,-5.97
20403,87.32,Truck,14.0,11.14,309.14,262.22,621.74,149.9
20404,33.88,3/4,4.0,1.5,67.39,102.82,131.71,31.86
20405,67.32,Toco,6.0,4.89,164.95,218.7,338.39,77.36
20406,12.35,VUC,3.0,0.9,43.55,41.83,49.66,11.35
20407,273.32,Carreta_Bau,28.0,12.69,388.0,414.73,2071.23,852.07
20408,156.36,3/4,4.0,1.43,309.38,342.77,545.28,130.03
20409,415.63,Carreta_Bau,28.0,15.01,526.42,580.27,3064.01,1317.77
20410,62.36,VUC,3.0,2.95,114.59,146.98,214.36,34.46
20411,86.76,Toco,6.0,4.66,202.19,232.45,412.02,89.16
20412,54.52,VUC,3.0,0.97,114.21,123.57,162.53,27.63
20413,36.95,3/4,4.0,3.89,113.44,98.33,171.2,31.66
20414,76.22,3/4,4.0,2.92,218.74,179.27,277.55,73.73
20415,68.86,3/4,4.0,2.14,185.57,168.45,257.73,60.18
20416,103.59,Truck,14.0,13.0,258.92,310.62,738.51,178.74
20417,14.71,3/4,4.0,3.19,41.81,51.25,92.78,3.16
20418,64.58,3/4,4.0,3.08,156.12,162.68,256.89,51.71
20419,64.48,3/4,4.0,1.28,161.21,178.46,226.54,50.99
20420,211.76,3/4,4.0,1.04,403.64,474.93,713.76,184.87
20421,72.42,VUC,3.0,2.66,162.63,172.51,242.45,48.52
20422,32.78,VUC,3.0,2.18,71.25,92.46,120.63,21.48
20423,40.52,VUC,3.0,2.53,96.03,93.24,147.16,27.89
20424,91.36,Toco,6.0,4.81,251.32,236.12,440.18,99.87
20425,56.18,Toco,6.0,5.51,152.62,178.61,285.08,72.7
20426,50.27,VUC,3.0,1.41,113.75,97.67,171.36,42.31
20427,93.8,VUC,3.0,1.34,216.77,193.69,279.33,65.83
20428,323.68,Carreta_Bau,28.0,9.84,466.29,460.77,2375.43,1013.6
20429,24.89,VUC,3.0,0.72,52.93,53.94,80.43,13.62
20430,40.21,VUC,3.0,1.68,100.52,92.16,131.54,28.63
20431,73.15,3/4,4.0,2.29,183.75,199.65,262.29,52.55
20432,281.05,Carreta_Bau,28.0,6.92,436.44,417.92,2034.44,868.28
20433,68.89,Truck,14.0,9.28,166.83,250.93,499.28,105.93
20434,91.97,Toco,6.0,2.75,239.23,257.78,409.49,102.25
20435,63.54,Toco,6.0,3.23,178.37,168.86,303.76,68.88
20436,358.6,Carreta_Sider,28.0,16.34,597.84,529.96,2769.82,1173.5
20437,32.49,VUC,3.0,1.24,67.5,82.06,112.09,24.44
20438,257.07,Carreta_Bau,28.0,20.5,428.3,412.33,2070.48,824.65
20439,261.0,Carreta_Bau,28.0,16.33,441.32,394.55,2038.0,820.6
20440,40.19,3/4,4.0,2.1,107.66,95.34,162.92,25.53
20441,12.16,VUC,3.0,1.49,26.12,16.16,48.79,17.99
20442,88.06,Truck,14.0,2.38,308.87,292.98,513.3,138.36
20443,243.18,Carreta_Bau,28.0,22.56,344.49,399.75,2009.81,777.85
20444,15.71,Toco,6.0,5.83,46.43,56.69,140.79,23.34
20445,53.66,VUC,3.0,0.78,122.48,113.04,172.85,32.85
20446,40.53,VUC,3.0,1.19,114.34,87.96,125.52,20.53
20447,472.09,Carreta_Sider,28.0,24.36,544.8,659.91,3689.92,1575.82
20448,16.21,3/4,4.0,3.01,63.39,55.33,97.85,11.67
20449,30.66,3/4,4.0,1.66,80.48,94.94,114.57,35.53
20450,61.65,Truck,14.0,9.83,196.75,223.87,471.77,103.89
20451,6.84,VUC,3.0,2.79,38.16,39.01,45.0,10.06
20452,102.35,Truck,14.0,4.71,298.71,320.54,611.49,170.46
20453,494.35,Carreta_Sider,28.0,20.38,564.34,718.14,3791.93,1623.7
20454,91.91,VUC,3.0,2.52,190.33,199.9,280.86,63.42
20455,86.73,3/4,4.0,0.92,184.81,189.26,296.96,82.53
20456,247.24,Carreta_Bau,28.0,26.44,367.94,418.21,2085.02,803.98
20457,11.7,Truck,14.0,13.52,41.27,57.04,254.29,25.91
20458,83.02,VUC,3.0,2.32,162.55,182.44,262.65,57.88
20459,33.9,VUC,3.0,1.76,68.88,68.42,116.74,21.84
20460,250.08,Carreta_Bau,28.0,18.57,414.45,417.06,1992.31,789.4
20461,403.5,Carreta_Sider,28.0,19.63,650.93,605.61,3140.34,1333.05
20462,260.02,Carreta_Sider,28.0,7.87,401.43,391.73,1956.16,830.62
20463,10.14,Toco,6.0,2.4,35.5,45.84,78.05,9.05
20464,357.07,Carreta_Bau,28.0,6.6,429.73,525.5,2543.92,1105.14
20465,31.86,3/4,4.0,1.86,103.56,85.11,119.71,20.12
20466,479.04,Carreta_Bau,28.0,21.93,667.6,668.05,3621.47,1528.46
20467,77.61,Truck,14.0,12.64,235.8,262.84,591.64,126.08
20468,64.59,3/4,4.0,1.86,135.76,155.84,225.57,47.85
20469,25.71,3/4,4.0,2.69,87.37,72.68,119.73,16.25
20470,69.45,VUC,3.0,1.97,127.99,166.61,209.89,45.17
20471,68.41,Truck,14.0,7.72,222.86,204.47,481.11,117.33
20472,71.6,3/4,4.0,2.96,156.36,166.41,280.45,61.41
20473,454.63,Carreta_Sider,28.0,7.79,594.56,616.97,3343.87,1451.06
20474,314.03,Carreta_Bau,28.0,5.98,423.1,488.95,2250.63,967.31
20475,53.2,3/4,4.0,1.78,107.17,135.85,191.81,47.04
20476,78.52,Toco,6.0,5.84,184.81,229.65,386.68,93.54
20477,62.36,VUC,3.0,2.88,116.28,125.09,206.8,46.23
20478,15.41,Toco,6.0,4.13,38.48,76.12,115.84,18.6
20479,77.73,3/4,4.0,2.57,183.93,185.15,278.66,74.32
20480,399.58,Carreta_Bau,28.0,19.27,455.98,592.95,3027.38,1266.94
20481,261.78,Carreta_Bau,28.0,14.42,359.4,406.75,2004.51,817.77
20482,33.46,Toco,6.0,2.37,97.94,86.35,162.61,35.08
20483,424.82,Carreta_Sider,28.0,4.33,587.58,617.69,3084.82,1357.45
20484,167.33,3/4,4.0,0.67,407.88,387.65,577.44,142.64
20485,68.16,Toco,6.0,5.86,180.86,173.17,353.23,81.76
20486,114.39,Truck,14.0,10.96,348.97,326.71,767.04,189.33
20487,65.44,3/4,4.0,2.95,180.59,168.1,252.0,57.32
20488,34.57,Toco,6.0,5.21,85.64,106.3,203.92,37.69
20489,324.81,Carreta_Bau,28.0,18.65,428.4,489.83,2495.59,1026.53
20490,186.52,Truck,14.0,10.04,542.62,552.56,1127.98,308.14
20491,18.71,Toco,6.0,4.93,62.18,65.57,137.33,20.08
20492,67.24,VUC,3.0,0.77,153.89,155.56,194.4,40.5
20493,404.71,Carreta_Sider,28.0,8.67,471.72,593.0,2994.58,1302.14
20494,81.26,Toco,6.0,3.74,219.1,217.68,375.03,89.75
20495,138.06,Toco,6.0,1.39,374.61,364.33,577.12,154.33
20496,98.61,3/4,4.0,2.84,217.38,243.85,359.63,80.57
20497,80.28,3/4,4.0,3.43,184.8,210.61,311.94,67.78
20498,382.17,Carreta_Bau,28.0,24.13,577.41,528.33,2987.91,1217.63
20499,307.84,Carreta_Bau,28.0,11.89,508.93,453.73,2284.5,958.47
20500,499.61,Carreta_Bau,28.0,9.02,702.16,684.97,3560.56,1557.0
20501,61.01,Toco,6.0,5.79,185.41,201.34,317.41,72.43
20502,24.69,Toco,6.0,5.55,93.89,99.33,170.58,31.42
20503,32.78,VUC,3.0,1.25,68.47,96.75,110.16,27.92
20504,72.67,VUC,3.0,2.73,158.8,200.01,237.17,50.83
20505,200.18,Truck,14.0,12.58,591.4,588.79,1249.4,334.26
20506,147.38,Truck,14.0,6.12,407.86,465.55,873.36,242.92
20507,41.39,VUC,3.0,1.38,118.81,107.22,124.94,23.2
20508,70.66,Toco,6.0,5.65,206.81,181.79,364.63,70.8
20509,32.16,Toco,6.0,4.68,77.99,76.36,194.26,34.02
20510,104.82,3/4,4.0,2.7,276.83,246.34,373.83,88.7
20511,4.57,Toco,6.0,5.76,18.09,42.95,90.83,6.27
20512,283.81,Carreta_Sider,28.0,24.78,404.64,455.08,2385.22,938.12
20513,58.92,Toco,6.0,1.28,168.95,164.74,255.44,60.29
20514,58.68,3/4,4.0,2.3,163.15,173.6,228.75,54.37
20515,137.85,Toco,6.0,5.47,392.04,360.6,633.0,147.22
20516,61.11,3/4,4.0,0.98,116.0,178.7,219.77,51.02
20517,28.4,Truck,14.0,2.96,98.99,113.81,212.98,43.01
20518,424.65,Carreta_Bau,28.0,24.65,634.66,624.0,3286.93,1355.82
20519,77.81,VUC,3.0,2.43,167.34,169.96,249.77,49.22
20520,125.59,Toco,6.0,1.75,295.12,325.74,531.23,130.37
20521,486.32,Carreta_Sider,28.0,8.51,700.68,679.28,3562.98,1558.42
20522,324.86,Carreta_Sider,28.0,24.02,475.14,505.06,2650.5,1077.06
20523,48.36,3/4,4.0,1.31,141.75,132.23,171.36,30.24
20524,73.38,VUC,3.0,0.82,162.51,180.93,213.8,52.08
20525,390.96,Carreta_Sider,28.0,25.8,533.56,620.99,3147.43,1315.32
20526,59.61,VUC,3.0,2.5,121.42,126.07,203.24,34.77
20527,150.64,Toco,6.0,2.96,319.33,389.07,649.32,160.59
20528,133.04,Toco,6.0,4.09,363.17,360.86,590.35,141.98
20529,41.86,3/4,4.0,2.06,108.02,110.1,178.53,30.65
20530,65.85,VUC,3.0,1.15,133.76,129.5,212.34,52.4
20531,245.32,Carreta_Bau,28.0,27.69,378.88,417.84,2096.85,791.74
20532,56.32,3/4,4.0,2.46,107.34,130.41,222.18,52.04
20533,50.47,VUC,3.0,2.08,99.72,119.53,159.61,39.15
20534,316.18,Carreta_Sider,28.0,13.92,530.46,508.14,2441.44,1031.58
20535,63.02,VUC,3.0,1.73,148.16,152.13,190.4,46.71
20536,11.82,VUC,3.0,1.18,25.84,45.73,43.77,1.6
20537,339.59,Carreta_Sider,28.0,14.42,560.12,533.14,2616.07,1108.0
20538,235.16,Carreta_Bau,28.0,19.14,304.2,382.69,1896.2,745.4
20539,86.83,3/4,4.0,3.36,226.87,214.91,323.12,83.68
20540,210.88,Truck,14.0,11.65,532.64,616.22,1284.36,346.09
20541,512.1,Carreta_Bau,28.0,4.47,741.17,698.23,3584.31,1571.57
20542,34.49,Truck,14.0,8.47,90.91,106.38,303.9,56.88
20543,24.45,3/4,4.0,1.87,77.71,58.02,112.19,24.23
20544,210.88,Truck,14.0,9.32,594.72,616.72,1255.15,337.93
20545,74.23,Toco,6.0,5.4,203.08,212.47,373.93,80.5
20546,153.62,Toco,6.0,4.85,406.46,424.68,678.18,164.02
20547,25.04,3/4,4.0,1.72,94.02,59.13,104.09,26.06
20548,94.62,Toco,6.0,4.67,240.74,252.41,452.33,101.54
20549,42.26,VUC,3.0,0.71,111.3,102.57,128.77,32.58
20550,30.99,3/4,4.0,1.04,105.87,68.28,124.66,22.6
20551,247.77,Carreta_Sider,28.0,9.57,367.39,388.15,1891.25,798.38
20552,9.65,VUC,3.0,1.47,36.24,8.0,44.36,-0.37
20553,224.15,Carreta_Bau,28.0,16.35,303.57,376.25,1776.18,707.44
20554,7.8,VUC,3.0,1.46,31.26,17.59,39.55,-0.13
20555,274.24,Carreta_Sider,28.0,19.14,441.88,457.78,2223.26,907.3
20556,360.08,Carreta_Bau,28.0,7.16,578.91,520.79,2588.23,1120.84
20557,12.66,3/4,4.0,2.37,45.91,41.96,66.58,12.21
20558,4.46,Toco,6.0,2.29,28.98,19.91,46.52,10.28
20559,351.34,Carreta_Sider,28.0,12.88,521.39,529.77,2680.3,1135.14
20560,391.77,Carreta_Bau,28.0,16.31,496.07,557.65,2921.5,1240.09
20561,33.77,Truck,14.0,3.68,109.35,126.06,220.11,54.17
20562,32.25,VUC,3.0,1.44,73.65,95.13,104.34,23.52
20563,161.59,VUC,3.0,2.39,334.82,334.2,491.4,105.96
20564,43.14,3/4,4.0,1.54,92.06,105.63,164.02,36.29
20565,114.53,Toco,6.0,4.8,260.71,320.12,516.75,117.35
20566,25.2,3/4,4.0,1.39,56.69,91.23,102.3,18.24
20567,9.71,Toco,6.0,4.75,62.91,31.85,95.45,20.13
20568,431.09,Carreta_Sider,28.0,8.83,669.1,602.45,3168.07,1383.43
20569,10.48,Truck,14.0,13.42,54.47,51.65,239.75,14.32
20570,187.29,Truck,14.0,3.93,542.43,548.84,1065.36,301.53
20571,20.58,3/4,4.0,4.0,47.23,44.11,114.0,10.66
20572,32.81,VUC,3.0,1.03,78.74,80.3,96.22,18.78
20573,17.47,Toco,6.0,4.52,56.2,63.6,137.65,20.5
20574,37.23,3/4,4.0,1.64,88.69,90.05,138.28,34.14
20575,229.16,Carreta_Sider,28.0,6.16,365.38,374.54,1721.78,733.51
20576,288.66,Carreta_Sider,28.0,4.79,413.99,443.46,2126.98,926.57
20577,399.43,Carreta_Sider,28.0,7.71,451.14,570.71,2942.75,1276.02
20578,87.92,Toco,6.0,2.98,234.65,258.98,391.9,87.95
20579,27.81,Truck,14.0,9.0,117.97,101.29,260.84,44.23
20580,19.32,3/4,4.0,2.23,52.54,59.92,98.72,13.94
20581,164.52,Truck,14.0,9.6,397.59,479.23,1004.66,271.96
20582,64.49,Truck,14.0,3.24,214.85,217.12,401.69,102.26
20583,48.67,VUC,3.0,2.17,93.39,97.29,170.4,32.59
20584,8.3,Toco,6.0,4.9,38.72,44.12,86.04,10.04
20585,75.69,VUC,3.0,1.04,195.85,155.04,220.32,52.72
20586,478.52,Carreta_Sider,28.0,23.05,594.45,662.39,3719.69,1582.11
20587,69.1,3/4,4.0,1.45,162.11,159.89,255.49,59.3
20588,231.65,Carreta_Sider,28.0,14.77,364.14,376.38,1852.27,762.08
20589,92.93,Truck,14.0,11.69,244.98,298.38,658.97,146.38
20590,89.39,Truck,14.0,10.28,212.84,267.67,616.41,148.75
20591,57.17,Truck,14.0,8.09,175.78,158.64,422.56,93.26
20592,512.63,Carreta_Sider,28.0,13.0,672.22,687.01,3807.27,1660.38
20593,66.43,3/4,4.0,2.52,149.05,166.42,247.46,59.81
20594,41.27,Toco,6.0,3.55,104.88,128.18,204.42,41.08
20595,216.3,Toco,6.0,5.85,635.76,554.97,941.41,237.92
20596,84.85,VUC,3.0,2.56,221.06,181.69,277.54,59.35
20597,54.31,VUC,3.0,0.75,130.74,128.15,162.31,33.77
20598,33.63,3/4,4.0,2.0,73.26,65.05,130.34,23.98
20599,4.86,3/4,4.0,2.6,21.12,8.0,35.92,8.45
20600,403.4,Carreta_Bau,28.0,20.99,590.97,559.72,3078.2,1289.25
20601,255.08,Carreta_Bau,28.0,8.42,369.11,392.91,1875.48,793.19
20602,450.55,Carreta_Bau,28.0,23.97,524.41,648.96,3442.82,1447.17
20603,291.52,Carreta_Sider,28.0,19.19,441.78,446.95,2339.26,959.22
20604,464.98,Carreta_Bau,28.0,5.81,722.99,621.76,3285.21,1435.73
20605,57.37,VUC,3.0,0.6,133.72,138.75,164.43,37.88
20606,51.81,Toco,6.0,4.4,135.85,142.34,262.05,51.17
20607,77.88,3/4,4.0,3.17,175.69,192.62,303.69,66.2
20608,415.42,Carreta_Bau,28.0,11.59,593.51,584.52,3019.3,1303.65
20609,344.06,Carreta_Sider,28.0,8.05,489.97,493.26,2547.27,1113.81
20610,201.25,3/4,4.0,1.35,496.84,487.68,698.05,169.32
20611,21.02,VUC,3.0,1.45,73.02,43.58,76.12,9.22
20612,78.2,VUC,3.0,2.06,138.38,200.19,245.0,49.04
20613,205.44,Truck,14.0,4.33,619.09,603.97,1165.85,323.69
20614,5.39,VUC,3.0,2.47,6.0,28.49,42.59,7.2
20615,57.45,3/4,4.0,1.45,173.99,122.53,210.94,48.7
20616,40.11,Truck,14.0,11.73,137.45,148.85,366.13,62.11
20617,34.17,3/4,4.0,3.74,83.97,92.41,152.76,28.97
20618,516.35,Carreta_Sider,28.0,8.11,740.07,710.89,3781.73,1658.63
20619,488.29,Carreta_Bau,28.0,26.04,680.25,665.79,3733.94,1572.97
20620,153.83,Truck,14.0,10.49,434.24,471.14,967.79,250.87
20621,43.43,VUC,3.0,2.71,106.03,115.75,165.6,33.83
20622,24.35,Toco,6.0,2.67,79.1,55.49,136.88,28.3
20623,181.73,Truck,14.0,12.38,516.8,530.07,1145.12,298.88
20624,20.69,VUC,3.0,1.67,71.16,51.42,72.84,13.72
20625,77.26,3/4,4.0,1.24,147.56,191.98,270.66,54.29
20626,140.4,Toco,6.0,5.98,335.44,368.69,640.58,157.87
20627,24.73,VUC,3.0,2.87,66.73,63.64,105.0,30.52
20628,71.06,Truck,14.0,3.59,185.96,228.9,442.91,119.79
20629,180.57,Toco,6.0,3.23,378.84,488.78,772.31,195.2
20630,68.73,Toco,6.0,5.93,211.62,186.91,347.98,78.01
20631,7.04,VUC,3.0,1.85,23.15,42.04,40.43,7.56
20632,84.18,VUC,3.0,1.72,216.54,210.17,262.91,57.35
20633,218.35,3/4,4.0,1.26,576.54,521.85,749.75,182.16
20634,450.99,Carreta_Sider,28.0,14.18,602.76,652.64,3392.27,1453.2
20635,135.45,Toco,6.0,3.44,417.16,361.44,583.98,145.67
20636,75.83,VUC,3.0,2.27,185.01,174.94,248.69,46.46
20637,469.9,Carreta_Sider,28.0,14.91,636.21,690.24,3536.17,1527.28
20638,508.07,Carreta_Bau,28.0,19.31,685.77,693.06,3772.77,1610.28
20639,76.44,VUC,3.0,0.71,185.68,163.82,222.94,51.4
20640,77.64,VUC,3.0,2.4,147.9,163.51,243.72,60.88
20641,214.74,Toco,6.0,0.92,535.11,578.77,888.15,232.73
20642,288.9,Carreta_Sider,28.0,19.48,415.54,479.79,2322.0,947.97
20643,319.96,Carreta_Bau,28.0,23.87,432.57,479.27,2545.71,1033.66
20644,182.42,Truck,14.0,11.22,530.07,522.27,1140.31,307.09
20645,405.92,Carreta_Bau,28.0,7.71,487.24,565.41,2909.95,1262.45
20646,57.01,3/4,4.0,3.47,132.07,145.0,234.24,46.61
20647,94.4,Truck,14.0,3.04,328.27,290.09,546.1,150.66
20648,341.5,Carreta_Bau,28.0,5.78,460.35,470.7,2439.63,1057.69
20649,20.3,Toco,6.0,5.1,48.99,61.27,144.59,33.47
20650,10.58,VUC,3.0,0.92,30.11,51.2,38.75,14.16
20651,142.68,Toco,6.0,3.18,379.23,378.34,616.92,157.83
20652,68.08,3/4,4.0,3.78,177.35,159.07,262.99,60.08
20653,475.79,Carreta_Sider,28.0,9.17,698.57,680.83,3484.55,1532.29
20654,30.75,Toco,6.0,4.88,110.16,110.71,186.58,36.82
20655,59.35,3/4,4.0,2.59,146.33,179.61,230.27,58.51
20656,39.64,3/4,4.0,1.98,109.62,101.22,158.08,28.29
20657,223.43,Carreta_Sider,28.0,15.13,383.0,366.54,1808.48,727.08
20658,161.41,Toco,6.0,2.99,421.07,413.42,694.49,178.63
20659,34.35,Toco,6.0,5.12,109.67,119.03,211.87,45.33
20660,85.29,VUC,3.0,2.53,202.04,170.97,279.21,65.61
20661,16.93,Toco,6.0,2.8,57.78,61.43,104.22,11.28
20662,512.29,Carreta_Sider,28.0,20.79,596.5,724.02,3926.25,1682.31
20663,138.74,Toco,6.0,3.61,290.51,379.08,608.06,150.89
20664,120.37,Truck,14.0,11.0,377.35,358.88,785.48,193.26
20665,21.2,3/4,4.0,0.77,69.05,60.41,88.29,26.22
20666,195.96,Truck,14.0,6.1,633.71,578.9,1137.7,318.64
20667,64.77,Truck,14.0,6.1,157.99,198.27,421.25,111.19
20668,75.22,VUC,3.0,1.97,158.47,156.29,246.74,47.9
20669,79.73,VUC,3.0,0.98,140.56,202.2,236.5,52.75
20670,25.03,3/4,4.0,2.41,63.41,79.95,111.42,14.76
20671,84.27,VUC,3.0,2.95,206.94,203.79,272.48,50.34
20672,230.69,Carreta_Bau,28.0,5.24,351.95,374.48,1671.21,706.61
20673,59.47,VUC,3.0,1.73,126.84,133.33,204.77,29.89
20674,279.37,Carreta_Bau,28.0,7.49,433.68,413.96,2033.1,871.19
20675,386.2,Carreta_Bau,28.0,18.06,441.88,548.94,2915.3,1223.73
20676,78.91,VUC,3.0,1.06,136.68,164.07,237.86,55.56
20677,10.24,3/4,4.0,3.67,52.12,30.13,71.7,8.59
20678,250.43,Carreta_Sider,28.0,11.77,377.83,393.19,1947.24,814.69
20679,36.48,3/4,4.0,3.86,111.5,109.69,162.05,36.72
20680,51.76,Toco,6.0,0.92,144.29,131.86,228.11,54.54
20681,56.5,VUC,3.0,2.57,131.36,149.03,183.16,38.13
20682,332.72,Carreta_Bau,28.0,10.43,555.1,497.35,2436.34,1039.54
20683,97.47,Toco,6.0,1.93,253.69,267.43,413.83,110.2
20684,258.58,Carreta_Sider,28.0,25.24,323.98,432.93,2202.72,858.72
20685,496.61,Carreta_Bau,28.0,11.44,642.42,682.18,3565.32,1553.88
20686,13.02,3/4,4.0,2.59,45.09,39.71,58.12,4.02
20687,424.31,Carreta_Bau,28.0,21.74,608.02,593.29,3232.7,1350.33
20688,409.84,Carreta_Bau,28.0,14.18,579.63,573.34,3011.83,1284.63
20689,53.02,VUC,3.0,0.71,99.28,102.69,171.86,36.23
20690,224.42,Carreta_Sider,28.0,26.15,390.31,396.86,1977.5,743.32
20691,302.47,Carreta_Bau,28.0,19.61,457.75,448.42,2372.0,962.17
20692,64.56,VUC,3.0,2.73,153.84,155.31,216.73,41.69
20693,36.91,3/4,4.0,3.21,128.45,108.69,154.24,32.04
20694,49.57,VUC,3.0,2.42,92.57,118.84,165.78,36.86
20695,453.92,Carreta_Bau,28.0,18.24,526.45,627.85,3388.83,1439.69
20696,30.62,3/4,4.0,0.62,78.12,71.44,116.87,24.39
20697,83.22,3/4,4.0,3.6,188.57,192.15,326.5,74.24
20698,58.53,3/4,4.0,3.43,185.43,134.41,231.88,58.84
20699,469.07,Carreta_Sider,28.0,21.5,606.61,673.18,3635.29,1546.2
20700,396.98,Carreta_Sider,28.0,25.1,470.97,591.2,3175.75,1311.63
20701,289.03,Carreta_Sider,28.0,8.58,501.44,473.0,2179.91,920.61
20702,54.17,3/4,4.0,1.56,144.18,162.21,207.01,44.06
20703,89.94,Truck,14.0,3.97,266.69,296.29,531.25,138.82
20704,126.1,VUC,3.0,2.1,228.68,269.05,384.88,69.5
20705,64.51,Truck,14.0,7.32,161.88,187.53,439.38,103.66
20706,29.46,VUC,3.0,0.71,65.37,75.34,98.82,20.43
20707,145.73,Truck,14.0,8.95,481.48,431.3,895.51,246.0
20708,62.4,Truck,14.0,6.13,205.77,200.85,421.83,101.09
20709,95.12,Truck,14.0,7.94,221.8,299.09,623.28,156.95
20710,247.66,Carreta_Bau,28.0,10.42,311.76,398.82,1857.79,774.81
20711,104.94,VUC,3.0,0.86,247.65,202.69,315.58,66.6
20712,91.51,Truck,14.0,7.46,258.06,300.67,594.7,145.87
20713,6.14,VUC,3.0,1.03,11.39,38.56,40.23,14.74
20714,61.02,3/4,4.0,1.98,172.71,143.68,220.9,46.58
20715,18.27,Truck,14.0,6.65,64.38,90.59,187.85,31.77
20716,78.3,VUC,3.0,2.85,177.3,170.92,242.77,47.41
20717,62.3,Toco,6.0,1.85,196.15,172.27,275.13,67.19
20718,279.88,Carreta_Sider,28.0,11.02,398.08,435.99,2134.69,904.49
20719,89.27,VUC,3.0,2.47,208.24,186.5,273.2,57.07
20720,64.93,3/4,4.0,1.61,182.53,142.55,227.1,48.46
20721,5.57,Toco,6.0,3.35,23.62,72.26,61.12,4.31
20722,50.44,VUC,3.0,2.39,123.81,125.77,172.31,38.39
20723,86.23,Toco,6.0,0.92,205.73,231.7,367.56,83.86
20724,25.14,3/4,4.0,3.85,65.33,98.96,135.79,29.96
20725,348.96,Carreta_Bau,28.0,15.22,538.36,487.19,2626.14,1099.51
20726,348.25,Carreta_Bau,28.0,22.27,490.49,514.84,2714.68,1116.42
20727,331.0,Carreta_Bau,28.0,26.12,491.67,494.61,2659.71,1060.79
20728,11.54,VUC,3.0,2.69,48.42,30.56,64.42,6.79
20729,191.12,Toco,6.0,2.02,466.82,487.95,801.97,201.4
20730,315.66,Carreta_Bau,28.0,17.41,376.77,468.83,2433.4,1000.16
20731,69.51,VUC,3.0,1.5,132.4,130.47,213.53,38.93
20732,49.73,3/4,4.0,2.41,125.79,112.77,199.96,39.15
20733,511.43,Carreta_Bau,28.0,22.76,699.99,693.64,3846.52,1646.28
20734,283.96,Carreta_Bau,28.0,12.64,420.01,426.88,2139.64,892.77
20735,8.33,Toco,6.0,3.33,34.47,27.39,77.66,10.94
20736,29.47,Toco,6.0,4.0,97.86,90.62,168.57,34.0
20737,33.73,Toco,6.0,2.28,103.26,100.06,159.69,43.52
20738,64.78,Toco,6.0,3.99,199.42,149.44,313.4,70.1
20739,466.66,Carreta_Sider,28.0,7.74,530.03,640.05,3418.56,1499.04
20740,46.92,3/4,4.0,2.71,112.37,124.01,189.63,28.24
20741,257.1,Carreta_Sider,28.0,7.61,346.32,406.1,1917.3,822.47
20742,359.79,Carreta_Sider,28.0,22.66,578.62,521.21,2877.96,1186.83
20743,48.33,VUC,3.0,0.94,106.95,122.86,153.82,27.91
20744,299.78,Carreta_Bau,28.0,19.58,514.05,467.77,2342.14,956.39
20745,387.66,Carreta_Bau,28.0,18.03,437.66,591.11,2933.89,1227.37
20746,77.4,Toco,6.0,3.07,203.54,234.43,347.86,82.96
20747,29.34,3/4,4.0,2.79,77.7,70.08,128.87,21.14
20748,476.39,Carreta_Bau,28.0,24.35,557.55,666.42,3633.72,1526.84
20749,65.2,VUC,3.0,0.76,169.46,146.5,189.78,31.0
20750,37.45,3/4,4.0,2.9,100.53,117.97,165.3,30.47
20751,42.07,VUC,3.0,1.5,100.26,95.14,145.42,19.79
20752,54.59,Toco,6.0,4.34,129.35,173.79,267.41,67.53
20753,282.38,Carreta_Bau,28.0,25.03,378.09,449.92,2312.96,911.12
20754,67.3,VUC,3.0,2.11,130.52,140.13,227.92,48.05
20755,416.89,Carreta_Sider,28.0,8.0,559.53,580.09,3074.11,1329.11
20756,90.01,3/4,4.0,2.01,162.75,230.34,315.02,80.22
20757,470.08,Carreta_Bau,28.0,17.28,575.26,665.94,3487.85,1483.5
20758,28.48,3/4,4.0,1.03,73.63,94.11,86.97,25.1
20759,430.56,Carreta_Bau,28.0,19.52,593.29,573.46,3247.43,1367.2
20760,105.44,Toco,6.0,4.54,265.61,277.89,477.38,108.85
20761,13.44,Toco,6.0,4.79,46.37,72.08,116.42,9.6
20762,95.08,Toco,6.0,1.51,287.44,231.82,407.83,104.64
20763,43.02,Truck,14.0,10.49,107.0,158.79,375.38,74.16
20764,470.26,Carreta_Sider,28.0,12.92,540.06,657.01,3515.34,1515.47
20765,404.96,Carreta_Sider,28.0,9.23,523.36,570.59,2996.24,1306.54
20766,53.75,3/4,4.0,2.38,124.0,125.7,204.21,43.74
20767,24.75,Toco,6.0,3.82,72.63,103.5,153.49,20.57
20768,85.04,VUC,3.0,1.61,188.62,199.84,260.85,51.68
20769,502.21,Carreta_Sider,28.0,24.21,624.42,714.15,3903.78,1657.25
20770,219.31,Truck,14.0,3.95,588.63,665.35,1230.91,348.75
20771,76.7,3/4,4.0,1.98,194.33,161.44,278.87,62.37
20772,48.92,VUC,3.0,1.13,99.45,103.97,150.71,33.6
20773,44.96,VUC,3.0,0.57,92.72,126.85,139.22,32.26
20774,7.71,VUC,3.0,1.31,45.96,26.05,31.66,10.22
20775,52.86,VUC,3.0,2.28,129.86,118.94,186.22,38.2
20776,58.21,3/4,4.0,2.38,113.14,144.09,224.5,39.92
20777,429.89,Carreta_Sider,28.0,14.17,688.67,612.11,3233.05,1388.05
20778,85.14,3/4,4.0,2.21,200.91,218.43,313.16,77.62
20779,435.65,Carreta_Sider,28.0,11.64,620.08,610.97,3243.26,1404.2
20780,49.6,VUC,3.0,0.76,99.56,151.72,151.13,30.53
20781,18.32,Toco,6.0,3.91,51.97,45.91,121.48,23.15
20782,459.36,Carreta_Sider,28.0,23.61,518.4,688.17,3600.36,1526.64
20783,20.39,VUC,3.0,2.46,49.85,66.97,90.13,15.61
20784,18.55,VUC,3.0,1.05,48.29,41.06,67.05,7.44
20785,389.11,Carreta_Sider,28.0,14.54,566.21,574.41,2975.3,1257.78
20786,153.78,Toco,6.0,3.72,334.4,409.25,664.11,162.12
20787,384.4,Carreta_Bau,28.0,23.3,502.23,569.88,2994.62,1237.08
20788,89.41,Toco,6.0,1.9,216.26,211.62,396.45,99.97
20789,76.2,3/4,4.0,1.05,195.13,190.16,271.45,63.7
20790,79.05,Toco,6.0,5.65,190.3,196.63,392.9,80.57
20791,351.91,Carreta_Bau,28.0,7.67,500.88,520.71,2540.26,1095.43
20792,236.81,Carreta_Bau,28.0,27.74,370.9,411.96,2043.24,766.15
20793,80.48,Truck,14.0,9.23,206.08,234.48,554.27,128.36
20794,183.66,VUC,3.0,1.72,415.94,361.89,540.09,117.52
20795,12.7,Truck,14.0,4.35,60.81,56.25,133.44,22.98
20796,67.9,Truck,14.0,12.34,165.2,218.6,530.62,110.73
20797,68.09,VUC,3.0,0.89,127.11,152.17,200.55,37.79
20798,24.46,3/4,4.0,1.96,73.52,76.43,98.64,21.59
20799,471.17,Carreta_Bau,28.0,5.34,589.81,638.78,3314.48,1454.77
20800,155.33,Truck,14.0,2.37,521.33,456.82,867.29,238.45
20801,48.65,VUC,3.0,2.31,99.71,101.57,160.66,31.2
20802,64.28,Truck,14.0,4.57,228.73,189.72,410.88,99.34
20803,85.66,Toco,6.0,3.96,282.47,239.19,390.76,95.89
20804,14.05,VUC,3.0,2.29,38.46,49.57,69.03,0.59
20805,85.19,3/4,4.0,2.27,200.62,200.58,325.0,65.87
20806,87.94,Toco,6.0,4.25,212.63,221.84,416.66,84.54
20807,88.05,Toco,6.0,2.13,229.02,256.82,377.49,96.5
20808,4.44,3/4,4.0,3.38,41.45,51.18,52.42,-3.67
20809,24.11,VUC,3.0,0.98,73.61,77.91,72.51,8.61
20810,274.43,Carreta_Sider,28.0,18.26,347.35,448.64,2210.96,897.82
20811,66.9,Toco,6.0,5.16,193.24,170.59,336.19,73.07
20812,33.28,VUC,3.0,2.47,84.3,99.79,123.77,24.84
20813,9.56,Toco,6.0,1.16,35.69,50.18,49.48,13.84
20814,359.69,Carreta_Sider,28.0,12.94,502.57,519.97,2728.08,1170.09
20815,73.43,Truck,14.0,12.25,255.49,247.13,568.19,130.18
20816,6.6,VUC,3.0,2.62,17.67,20.13,50.87,9.52
20817,508.01,Carreta_Bau,28.0,19.35,768.5,710.07,3765.73,1615.34
20818,380.16,Carreta_Sider,28.0,6.78,585.51,568.08,2783.58,1215.99
20819,44.59,Toco,6.0,2.96,144.72,136.55,217.22,51.29
20820,90.23,VUC,3.0,2.9,226.58,187.26,289.03,49.08
20821,224.57,Carreta_Bau,28.0,6.74,347.79,367.34,1641.22,694.06
20822,44.06,VUC,3.0,2.49,89.75,111.83,151.59,19.54
20823,86.98,Toco,6.0,3.03,264.44,223.36,387.03,90.42
20824,41.22,VUC,3.0,2.35,84.55,93.26,140.12,19.38
20825,35.55,VUC,3.0,0.59,79.31,111.84,106.92,24.25
20826,120.78,Toco,6.0,0.95,276.03,337.62,506.46,131.03
20827,230.02,Carreta_Bau,28.0,11.35,328.84,362.01,1750.11,724.7
20828,13.77,3/4,4.0,3.56,51.89,19.79,95.9,7.06
20829,36.59,VUC,3.0,2.18,90.2,109.16,130.15,20.39
20830,34.67,Toco,6.0,4.02,112.43,135.54,195.24,43.28
20831,219.43,Truck,14.0,13.97,597.0,667.07,1359.21,364.9
20832,81.04,Toco,6.0,2.67,189.01,213.37,363.0,83.77
20833,87.71,Toco,6.0,5.24,250.32,246.29,417.41,100.48
20834,443.11,Carreta_Bau,28.0,6.81,690.41,597.13,3152.19,1373.8
20835,6.0,VUC,3.0,0.89,18.37,39.91,29.94,8.57
20836,12.94,VUC,3.0,1.67,33.69,31.39,66.2,10.7
20837,62.53,VUC,3.0,2.9,132.77,133.27,204.82,39.05
20838,255.05,Carreta_Bau,28.0,20.94,306.1,408.27,2058.36,819.68
20839,48.11,VUC,3.0,0.74,93.27,103.17,149.09,34.69
20840,136.84,Toco,6.0,5.77,295.67,368.05,624.65,151.89
20841,464.74,Carreta_Bau,28.0,22.42,577.18,640.46,3516.18,1489.99
20842,102.67,3/4,4.0,3.1,240.49,281.29,382.59,88.04
20843,31.02,Truck,14.0,8.66,113.03,123.28,281.99,46.19
20844,96.28,3/4,4.0,1.94,189.42,225.06,348.68,81.8
20845,27.65,VUC,3.0,0.73,62.42,55.39,77.42,27.02
20846,296.77,Carreta_Sider,28.0,18.95,360.53,462.61,2375.74,977.99
20847,124.42,Truck,14.0,3.62,363.91,367.55,721.49,201.71
20848,24.45,Toco,6.0,3.91,53.18,76.93,148.4,22.19
20849,170.27,Toco,6.0,3.65,500.75,430.83,739.31,179.4
20850,51.82,Truck,14.0,9.2,145.17,162.43,402.24,83.88
20851,5.59,VUC,3.0,2.56,23.0,37.86,47.65,0.61
20852,71.24,3/4,4.0,2.0,166.24,194.2,262.07,60.26
20853,31.34,Toco,6.0,3.13,100.51,84.88,170.76,34.69
20854,513.75,Carreta_Bau,28.0,5.63,694.72,689.5,3606.21,1578.73
20855,453.86,Carreta_Sider,28.0,11.05,656.59,618.19,3352.46,1459.32
20856,42.84,3/4,4.0,0.88,120.97,102.94,164.0,33.82
20857,419.72,Carreta_Sider,28.0,7.57,587.18,627.08,3077.5,1345.75
20858,380.09,Carreta_Sider,28.0,14.36,550.54,576.76,2885.59,1236.49
20859,115.32,3/4,4.0,1.98,244.43,280.92,408.92,92.2
20860,51.96,VUC,3.0,2.84,134.96,104.25,176.7,27.92
20861,23.23,Toco,6.0,1.51,99.98,66.06,117.63,20.03
20862,450.26,Carreta_Sider,28.0,7.75,669.98,628.5,3302.09,1445.86
20863,84.42,Truck,14.0,11.04,256.07,280.81,600.97,137.33
20864,66.07,Toco,6.0,1.01,163.72,198.64,289.72,70.61
20865,83.2,Toco,6.0,4.22,185.68,225.06,381.11,93.13
20866,47.27,Toco,6.0,4.71,118.82,150.07,234.18,58.11
20867,43.35,3/4,4.0,2.74,113.61,102.91,178.27,30.91
20868,25.58,VUC,3.0,1.18,66.41,69.74,85.26,22.3
20869,295.26,Carreta_Sider,28.0,6.67,343.57,466.6,2179.63,946.25
20870,136.79,3/4,4.0,3.98,277.62,344.04,508.83,127.2
20871,53.58,Truck,14.0,12.33,149.15,166.08,445.88,96.16
20872,57.98,VUC,3.0,2.31,120.6,152.85,190.52,38.16
20873,222.82,Carreta_Bau,28.0,8.65,335.27,392.51,1667.92,688.46
20874,42.21,Toco,6.0,3.1,114.62,103.89,211.34,49.0
20875,308.34,Carreta_Sider,28.0,21.09,546.28,461.24,2493.31,1009.57
20876,17.23,VUC,3.0,0.71,33.58,70.75,55.51,11.92
20877,28.85,3/4,4.0,3.85,62.99,76.87,142.8,21.3
20878,5.3,Toco,6.0,5.77,25.72,33.36,96.06,4.68
20879,33.04,Toco,6.0,1.67,92.19,117.57,152.45,24.36
20880,100.82,Toco,6.0,1.9,248.23,254.81,426.25,107.45
20881,56.85,VUC,3.0,1.38,91.89,134.17,183.21,36.82
20882,202.28,Toco,6.0,3.2,480.65,497.81,871.15,216.53
20883,237.77,Carreta_Sider,28.0,14.69,424.44,405.73,1907.84,772.13
20884,292.11,Carreta_Bau,28.0,20.58,451.78,464.91,2294.23,924.81
20885,95.84,Toco,6.0,3.3,304.31,258.77,437.34,107.85
20886,90.97,Toco,6.0,1.84,218.53,243.46,388.94,97.4
20887,20.19,3/4,4.0,1.49,49.16,61.77,97.79,28.12
20888,335.31,Carreta_Sider,28.0,13.99,411.91,505.57,2568.83,1089.35
20889,9.05,VUC,3.0,1.77,34.91,31.87,38.6,7.72
20890,30.96,VUC,3.0,2.8,84.87,90.83,119.44,17.92
20891,18.27,3/4,4.0,0.93,39.41,32.33,71.41,21.15
20892,67.29,Truck,14.0,11.67,181.89,246.5,518.61,109.49
20893,178.99,Toco,6.0,2.49,380.42,462.06,762.81,201.26
20894,4.52,Truck,14.0,10.75,19.9,76.86,180.2,15.97
20895,348.83,Carreta_Sider,28.0,10.35,468.2,523.48,2613.03,1120.62
20896,196.64,VUC,3.0,1.43,439.51,417.36,587.66,124.02
20897,93.26,Toco,6.0,3.16,251.78,258.7,409.12,97.39
20898,266.16,Carreta_Bau,28.0,22.07,396.9,407.39,2152.66,843.5
20899,81.87,3/4,4.0,1.17,229.4,183.72,305.91,69.78
20900,48.65,Toco,6.0,2.67,161.84,137.42,233.23,52.47
20901,87.81,3/4,4.0,2.4,212.48,213.82,318.16,77.9
20902,61.15,VUC,3.0,2.13,134.58,154.41,200.02,39.28
20903,94.43,Truck,14.0,3.01,317.37,288.92,557.47,155.49
20904,29.33,VUC,3.0,0.69,66.51,94.06,95.08,18.2
20905,94.72,3/4,4.0,3.04,210.19,191.14,361.16,80.24
20906,20.4,Toco,6.0,2.77,74.2,96.4,111.93,22.45
20907,360.04,Carreta_Sider,28.0,8.14,445.4,525.16,2663.79,1157.71
20908,36.16,Toco,6.0,2.24,100.76,118.84,169.65,36.97
20909,374.04,Carreta_Sider,28.0,18.44,461.42,575.57,2909.27,1229.32
20910,108.0,Toco,6.0,5.76,294.42,269.92,508.84,116.25
20911,322.41,Carreta_Bau,28.0,21.62,421.63,509.23,2528.0,1027.34
20912,89.11,Toco,6.0,4.96,275.39,251.87,423.89,88.88
20913,442.07,Carreta_Bau,28.0,18.68,637.85,647.92,3313.61,1400.58
20914,182.73,Toco,6.0,2.79,402.58,469.89,767.27,191.61
20915,321.1,Carreta_Sider,28.0,27.1,518.51,506.93,2672.52,1072.97
20916,285.24,Carreta_Sider,28.0,6.13,482.2,430.29,2111.01,912.85
20917,37.72,Toco,6.0,5.02,94.37,105.6,213.19,47.68
20918,23.1,VUC,3.0,1.11,58.52,60.32,78.1,22.95
20919,456.22,Carreta_Bau,28.0,18.67,671.23,647.5,3412.16,1446.33
20920,9.41,VUC,3.0,2.96,25.16,45.07,66.54,2.49
20921,17.56,VUC,3.0,2.6,37.23,36.82,74.05,13.8
20922,281.47,Carreta_Bau,28.0,24.43,368.94,443.97,2302.94,901.48
20923,496.13,Carreta_Bau,28.0,23.79,591.16,694.6,3767.72,1587.31
20924,36.33,Toco,6.0,3.21,106.34,80.31,195.0,39.29
20925,42.33,VUC,3.0,1.45,89.09,112.89,138.75,24.06
20926,53.36,3/4,4.0,2.36,120.77,132.56,206.22,55.6
20927,78.04,3/4,4.0,1.57,185.68,190.57,271.59,64.18
20928,372.28,Carreta_Bau,28.0,15.58,606.47,559.52,2782.36,1173.21
20929,333.59,Carreta_Bau,28.0,7.22,386.59,471.75,2392.93,1037.24
20930,5.22,VUC,3.0,2.73,6.0,13.5,53.02,14.36
20931,80.54,VUC,3.0,2.33,162.4,147.72,254.06,51.13
20932,219.07,Truck,14.0,2.84,660.31,632.98,1217.19,340.98
20933,348.52,Carreta_Sider,28.0,19.91,490.03,545.5,2753.12,1144.29
20934,56.53,Toco,6.0,4.77,129.17,131.55,278.53,53.66
20935,72.84,VUC,3.0,2.65,151.73,149.58,242.05,44.97
20936,72.89,3/4,4.0,1.72,154.33,181.12,268.3,68.8
20937,150.78,Toco,6.0,4.12,324.0,384.9,667.53,160.83
20938,86.19,3/4,4.0,1.54,177.88,201.88,296.31,67.08
20939,12.5,Truck,14.0,12.2,50.99,70.91,243.86,25.07
20940,271.9,Carreta_Sider,28.0,25.03,417.34,471.7,2295.94,901.33
20941,215.88,Toco,6.0,1.29,596.31,549.17,898.26,235.65
20942,379.87,Carreta_Sider,28.0,10.98,496.84,560.3,2829.65,1223.35
20943,56.01,VUC,3.0,0.71,111.0,134.87,171.78,38.45
20944,86.72,Truck,14.0,6.85,278.36,242.29,558.68,133.33
20945,419.7,Carreta_Bau,28.0,4.32,653.02,586.32,2954.24,1287.26
20946,489.67,Carreta_Bau,28.0,22.83,598.23,660.95,3698.84,1565.63
20947,189.39,Truck,14.0,7.23,612.54,555.74,1109.55,306.49
20948,471.02,Carreta_Bau,28.0,16.92,593.51,669.32,3472.13,1501.19
20949,69.45,VUC,3.0,2.34,168.42,151.0,216.06,50.15
20950,12.79,3/4,4.0,3.02,49.91,61.44,78.32,15.91
20951,59.87,3/4,4.0,1.67,162.13,125.69,229.42,49.47
20952,454.53,Carreta_Sider,28.0,22.83,667.61,662.63,3556.87,1494.85
20953,76.79,Truck,14.0,9.73,226.84,248.94,546.17,134.75
20954,461.53,Carreta_Bau,28.0,9.39,722.56,597.02,3304.99,1427.89
20955,409.7,Carreta_Sider,28.0,4.9,656.0,593.26,2989.66,1301.35
20956,208.78,Toco,6.0,4.76,506.59,492.2,908.61,232.52
20957,468.1,Carreta_Sider,28.0,8.14,551.27,660.46,3433.73,1513.28
20958,29.01,VUC,3.0,0.74,66.26,78.99,83.78,26.95
20959,61.56,Toco,6.0,3.04,142.0,165.82,289.01,69.72
20960,349.81,Carreta_Bau,28.0,26.14,529.23,528.11,2785.66,1137.43
20961,80.48,3/4,4.0,3.04,188.41,228.33,318.67,66.53
20962,51.67,VUC,3.0,2.49,118.78,112.76,169.81,35.88
20963,409.76,Carreta_Sider,28.0,10.62,603.02,575.36,3048.53,1327.41
20964,182.23,Toco,6.0,5.16,425.54,497.84,797.41,194.2
20965,21.67,3/4,4.0,2.01,78.21,67.92,94.16,20.19
20966,54.02,VUC,3.0,2.95,98.47,141.76,191.56,37.68
20967,57.51,VUC,3.0,1.9,107.46,108.87,185.46,39.07
20968,161.9,3/4,4.0,2.66,351.54,342.24,573.82,132.84
20969,40.66,VUC,3.0,2.78,83.68,85.56,151.85,28.79
20970,65.85,VUC,3.0,2.87,141.78,146.91,210.13,44.64
20971,43.43,3/4,4.0,0.66,108.08,104.87,160.62,33.22
20972,212.66,Truck,14.0,4.87,513.97,609.97,1208.6,346.92
20973,312.33,Carreta_Bau,28.0,18.82,477.17,447.0,2418.34,997.78
20974,83.84,VUC,3.0,0.46,191.01,187.58,247.03,48.94
20975,76.04,VUC,3.0,1.26,145.87,165.32,232.29,50.81
20976,77.23,VUC,3.0,0.95,151.31,140.39,214.81,55.7
20977,51.87,Toco,6.0,3.57,121.12,143.64,263.24,63.4
20978,21.87,Truck,14.0,9.21,96.9,89.18,251.59,35.14
20979,69.92,VUC,3.0,0.93,145.65,171.02,202.35,49.52
20980,10.27,Truck,14.0,8.48,42.87,50.51,166.86,15.6
20981,51.1,3/4,4.0,1.95,131.05,143.61,203.3,47.22
20982,8.82,Truck,14.0,13.89,34.62,71.82,244.2,11.07
20983,52.09,3/4,4.0,0.82,128.45,119.86,188.79,35.63
20984,66.42,3/4,4.0,3.46,168.61,174.64,265.77,59.95
20985,272.07,Carreta_Bau,28.0,27.99,445.83,454.15,2293.28,883.98
20986,42.15,Toco,6.0,3.66,101.28,139.47,209.08,49.41
20987,41.94,3/4,4.0,2.91,85.48,115.27,170.86,31.81
20988,472.23,Carreta_Bau,28.0,7.25,582.13,642.72,3359.21,1450.31
20989,15.17,Truck,14.0,6.27,57.21,50.23,173.12,28.98
20990,100.53,Truck,14.0,4.26,320.6,321.41,602.18,169.03
20991,31.47,Truck,14.0,9.04,112.33,96.9,288.56,42.18
20992,129.02,3/4,4.0,3.8,265.49,302.0,483.11,110.3
20993,44.43,3/4,4.0,0.7,100.66,129.34,153.2,32.13
20994,82.58,3/4,4.0,2.28,189.93,185.95,313.2,71.26
20995,233.3,Carreta_Bau,28.0,21.42,415.98,385.05,1916.7,750.91
20996,166.29,Toco,6.0,3.1,461.37,405.56,706.53,178.85
20997,85.72,Toco,6.0,3.65,185.26,225.62,392.54,90.76
20998,267.87,Carreta_Sider,28.0,14.98,421.16,414.34,2115.96,872.83
20999,90.78,3/4,4.0,2.63,220.68,207.34,335.59,66.76
21000,399.98,Carreta_Sider,28.0,5.83,585.21,582.61,2910.82,1279.87
21001,517.2,Carreta_Bau,28.0,17.21,778.35,715.83,3804.72,1640.92
21002,13.12,3/4,4.0,2.34,33.92,37.69,77.91,11.16
21003,180.88,Truck,14.0,4.26,514.01,531.9,1029.68,288.81
21004,208.04,Truck,14.0,8.46,501.38,601.14,1219.52,339.21
21005,421.71,Carreta_Bau,28.0,15.22,547.65,589.53,3116.96,1326.78
21006,30.96,3/4,4.0,2.62,70.92,69.4,127.08,26.1
21007,210.62,3/4,4.0,2.52,404.18,477.04,722.63,171.43
21008,394.09,Carreta_Bau,28.0,13.83,483.4,533.58,2905.28,1239.67
21009,46.13,3/4,4.0,3.26,124.93,149.27,203.18,37.84
21010,342.98,Carreta_Sider,28.0,12.71,428.21,531.27,2610.67,1109.92
21011,62.4,3/4,4.0,2.21,157.65,189.35,233.42,49.97
21012,458.33,Carreta_Bau,28.0,14.35,662.42,651.48,3361.06,1442.8
21013,109.17,Truck,14.0,7.88,332.98,336.48,696.82,184.96
21014,67.95,VUC,3.0,2.49,163.13,122.45,212.15,45.27
21015,511.39,Carreta_Sider,28.0,21.09,660.8,737.47,3935.66,1675.49
21016,75.53,Truck,14.0,2.6,223.34,252.75,448.38,120.69
21017,49.12,VUC,3.0,1.71,116.88,97.99,165.39,32.54
21018,54.65,VUC,3.0,0.77,118.99,132.45,161.93,34.13
21019,91.41,Truck,14.0,10.78,227.38,287.99,624.73,147.27
21020,504.81,Carreta_Bau,28.0,27.68,601.47,704.32,3879.37,1630.77
21021,25.84,VUC,3.0,2.03,60.04,74.15,89.42,20.88
21022,104.51,3/4,4.0,1.89,271.54,254.93,380.4,86.65
21023,307.29,Carreta_Bau,28.0,5.92,421.49,439.3,2196.43,956.02
21024,265.61,Carreta_Sider,28.0,12.12,381.04,436.17,2057.5,855.15
21025,77.14,VUC,3.0,1.79,160.01,151.01,244.1,44.38
21026,203.02,Toco,6.0,5.39,479.86,526.56,891.48,223.5
21027,68.78,3/4,4.0,2.34,175.34,173.53,254.75,48.21
21028,510.58,Carreta_Bau,28.0,27.63,717.53,701.34,3907.28,1649.43
21029,16.75,VUC,3.0,1.39,49.06,64.81,54.11,9.01
21030,169.21,Truck,14.0,2.11,514.65,467.43,937.91,273.2
21031,88.31,Toco,6.0,4.11,252.39,241.3,399.18,87.99
21032,81.84,VUC,3.0,1.01,141.02,183.23,245.1,55.59
21033,207.01,Truck,14.0,5.0,547.6,623.59,1174.15,334.86
21034,74.93,VUC,3.0,0.49,147.54,175.21,212.64,54.84
21035,98.49,3/4,4.0,2.41,258.9,204.24,349.07,82.83
21036,341.59,Carreta_Bau,28.0,10.09,547.39,490.27,2485.85,1066.08
21037,15.54,VUC,3.0,2.99,48.55,68.66,77.63,13.38
21038,16.71,Truck,14.0,12.04,53.56,77.19,250.77,17.6
21039,66.17,3/4,4.0,3.05,137.77,148.47,257.48,62.3
21040,460.84,Carreta_Bau,28.0,12.62,713.35,635.79,3348.16,1442.93
21041,359.31,Carreta_Bau,28.0,5.9,542.5,536.33,2560.4,1103.4
21042,13.76,VUC,3.0,2.16,41.71,29.72,67.78,8.52
21043,371.93,Carreta_Bau,28.0,4.73,501.2,511.6,2623.9,1151.74
21044,14.31,3/4,4.0,2.1,34.17,44.92,77.13,10.39
21045,40.43,3/4,4.0,0.78,121.38,96.07,149.38,34.06
21046,123.19,Truck,14.0,8.76,351.04,382.23,778.39,191.94
21047,398.79,Carreta_Bau,28.0,17.52,606.43,565.76,2990.27,1257.7
21048,4.49,3/4,4.0,2.4,14.41,31.46,43.56,7.35
21049,69.65,VUC,3.0,2.27,168.32,179.06,226.99,50.44
21050,53.16,3/4,4.0,1.38,150.85,120.55,186.3,45.55
21051,11.11,VUC,3.0,1.07,39.07,49.89,48.57,9.95
21052,53.47,VUC,3.0,1.51,79.75,135.19,181.1,32.15
21053,268.83,Carreta_Sider,28.0,20.93,437.92,418.99,2210.57,884.9
21054,8.92,Truck,14.0,3.49,39.96,68.54,109.48,9.0
21055,10.43,VUC,3.0,2.71,25.33,17.98,63.31,4.36
21056,296.33,Carreta_Bau,28.0,10.2,389.37,424.32,2189.4,923.42
21057,48.18,VUC,3.0,0.78,125.15,99.41,142.9,22.52
21058,49.48,VUC,3.0,1.98,147.05,103.42,161.2,43.86
21059,343.63,Carreta_Sider,28.0,10.76,553.64,508.15,2581.83,1103.87
21060,34.85,Toco,6.0,2.98,122.46,89.9,184.61,38.73
21061,60.58,VUC,3.0,0.61,141.49,144.46,176.38,31.77
21062,39.25,VUC,3.0,1.64,86.59,91.64,142.08,10.02
21063,57.41,VUC,3.0,1.22,107.72,132.96,180.9,45.02
21064,35.83,VUC,3.0,0.88,90.7,95.42,115.76,22.89
21065,69.06,3/4,4.0,1.91,183.75,190.84,245.64,47.38
21066,56.72,VUC,3.0,2.41,129.22,123.78,193.1,31.73
21067,509.53,Carreta_Bau,28.0,22.37,648.27,695.26,3826.91,1638.9
21068,18.56,3/4,4.0,1.83,49.64,68.54,80.54,18.05
21069,66.45,VUC,3.0,2.93,140.25,167.79,218.13,30.71
21070,75.34,Truck,14.0,3.6,242.0,235.12,449.58,118.31
21071,412.98,Carreta_Bau,28.0,24.54,522.42,596.51,3201.09,1324.91
21072,9.99,3/4,4.0,3.93,50.28,37.08,78.4,11.3
21073,385.67,Carreta_Bau,28.0,17.84,551.09,547.35,2901.93,1221.22
21074,59.51,VUC,3.0,0.6,124.54,128.77,181.42,28.67
21075,278.55,Carreta_Bau,28.0,26.12,399.71,441.79,2319.09,893.96
21076,75.93,VUC,3.0,1.56,169.18,177.86,225.07,44.01
21077,14.43,Toco,6.0,1.78,52.69,66.18,81.7,19.16
21078,86.05,Toco,6.0,5.45,233.58,220.21,426.52,92.56
21079,41.75,Toco,6.0,3.08,106.46,123.3,202.53,42.41
21080,109.64,Toco,6.0,3.45,313.67,279.0,489.71,117.79
21081,323.94,Carreta_Sider,28.0,17.79,386.53,494.05,2554.2,1055.0
21082,375.87,Carreta_Bau,28.0,25.78,445.54,556.23,2970.76,1217.28
21083,71.14,VUC,3.0,1.73,133.5,172.33,234.38,51.25
21084,394.28,Carreta_Bau,28.0,25.34,583.96,573.06,3073.97,1273.7
21085,85.81,Truck,14.0,4.13,235.25,269.79,521.25,131.81
21086,353.35,Carreta_Bau,28.0,18.88,483.96,505.08,2701.55,1123.08
21087,222.66,Carreta_Bau,28.0,16.71,293.59,351.31,1776.65,707.37
21088,94.06,VUC,3.0,1.28,234.81,201.94,283.4,54.68
21089,188.94,3/4,4.0,1.32,433.77,481.93,647.73,152.13
21090,57.14,VUC,3.0,0.63,124.1,118.44,164.53,30.91
21091,68.09,3/4,4.0,1.49,183.73,169.19,239.92,49.77
21092,26.9,VUC,3.0,2.19,67.17,74.27,115.17,22.65
21093,133.29,3/4,4.0,1.55,358.34,312.29,456.61,116.61
21094,30.39,VUC,3.0,2.31,69.91,67.43,120.6,18.09
21095,81.42,VUC,3.0,2.68,183.2,188.49,255.48,52.87
21096,393.7,Carreta_Bau,28.0,20.72,464.66,555.9,3009.97,1250.69
21097,40.24,Toco,6.0,5.01,112.61,125.71,237.49,55.94
21098,507.58,Carreta_Sider,28.0,17.84,741.14,706.25,3852.23,1657.82
21099,78.84,VUC,3.0,2.86,139.89,189.51,247.56,49.03
21100,8.6,VUC,3.0,2.4,24.38,8.0,49.33,4.95
21101,318.13,Carreta_Bau,28.0,11.88,531.93,470.03,2360.39,988.42
21102,23.86,VUC,3.0,2.29,47.73,46.74,100.49,16.81
21103,381.1,Carreta_Sider,28.0,20.19,524.55,579.53,2991.42,1259.53
21104,19.48,3/4,4.0,3.15,68.84,72.19,101.03,15.86
21105,389.36,Carreta_Bau,28.0,11.8,538.41,516.62,2858.53,1221.58
21106,51.96,3/4,4.0,2.33,138.68,114.47,211.82,34.29
21107,163.61,VUC,3.0,2.69,331.94,362.25,501.1,102.13
21108,11.33,3/4,4.0,3.92,30.67,41.11,79.78,10.32
21109,35.29,3/4,4.0,1.82,97.79,103.02,122.91,20.49
21110,93.75,VUC,3.0,1.69,171.09,204.98,278.16,61.73
21111,76.27,3/4,4.0,1.72,212.92,187.62,266.33,62.61
21112,73.21,3/4,4.0,3.04,180.93,193.46,280.39,64.25
21113,16.3,Truck,14.0,2.56,54.08,52.33,135.86,24.87
21114,37.17,Toco,6.0,5.76,136.16,107.37,234.55,40.46
21115,176.52,Toco,6.0,3.7,379.63,438.62,768.95,179.18
21116,65.93,VUC,3.0,1.14,140.4,151.6,196.92,36.35
21117,5.97,3/4,4.0,0.73,15.65,10.33,32.57,7.49
21118,43.49,VUC,3.0,1.88,98.8,115.25,147.88,20.9
21119,88.5,3/4,4.0,2.59,166.47,205.71,316.73,70.48
21120,183.48,3/4,4.0,2.96,381.7,431.51,643.59,154.95
21121,491.46,Carreta_Sider,28.0,16.7,544.33,683.68,3713.54,1601.77
21122,11.49,VUC,3.0,1.77,33.36,47.95,66.73,10.96
21123,101.62,3/4,4.0,1.63,215.8,258.21,362.85,86.51
21124,86.47,Truck,14.0,4.41,271.25,276.31,518.4,135.9
21125,325.0,Carreta_Bau,28.0,10.17,405.31,465.29,2380.9,1004.28
21126,21.7,VUC,3.0,1.41,67.83,77.75,81.13,29.12
21127,21.21,Toco,6.0,4.84,72.22,83.29,143.89,23.54
21128,21.78,Truck,14.0,3.51,79.57,76.13,167.73,39.5
21129,88.74,VUC,3.0,2.09,207.29,199.15,281.26,45.4
21130,255.3,Carreta_Sider,28.0,5.1,460.38,424.65,1899.33,811.13
21131,58.94,3/4,4.0,0.75,151.34,133.7,216.46,46.83
21132,72.32,Toco,6.0,2.3,223.2,183.74,320.6,75.36
21133,37.34,VUC,3.0,1.36,111.68,87.54,121.2,27.67
21134,375.22,Carreta_Sider,28.0,8.72,490.87,528.54,2780.86,1202.7
21135,188.71,Truck,14.0,12.65,508.52,559.69,1191.3,312.18
21136,503.5,Carreta_Bau,28.0,11.45,649.58,694.5,3621.74,1573.29
21137,235.77,Carreta_Bau,28.0,15.35,333.18,383.1,1834.06,742.88
21138,488.52,Carreta_Bau,28.0,27.86,695.09,676.45,3774.57,1572.88
21139,83.47,Truck,14.0,5.12,265.01,270.66,523.11,139.73
21140,56.96,VUC,3.0,2.03,147.51,127.66,182.64,33.86
21141,58.58,Truck,14.0,10.98,206.93,183.54,476.64,96.4
21142,72.46,VUC,3.0,1.14,140.46,164.81,216.62,53.43
21143,345.41,Carreta_Sider,28.0,5.57,548.55,526.77,2540.61,1115.56
21144,74.4,VUC,3.0,2.47,168.54,158.03,231.13,50.75
21145,66.05,3/4,4.0,1.58,148.37,184.99,242.45,46.74
21146,271.15,Carreta_Bau,28.0,11.85,449.47,418.6,2033.07,846.57
21147,14.82,VUC,3.0,1.51,30.55,45.07,59.17,18.04
21148,82.87,VUC,3.0,0.55,164.5,183.76,249.15,50.79
21149,27.74,3/4,4.0,3.49,84.33,71.3,130.01,28.1
21150,406.9,Carreta_Bau,28.0,24.75,600.94,571.06,3158.16,1310.96
21151,94.65,VUC,3.0,2.67,174.17,235.2,298.35,58.3
21152,39.08,Toco,6.0,1.83,123.08,98.36,207.24,51.25
21153,14.92,VUC,3.0,2.94,48.68,61.99,76.96,11.94
21154,330.05,Carreta_Bau,28.0,19.94,399.39,518.72,2562.3,1049.53
21155,32.76,3/4,4.0,2.62,100.63,79.48,143.3,27.1
21156,56.19,3/4,4.0,3.06,104.88,150.51,212.84,42.33
21157,153.9,VUC,3.0,2.38,352.39,338.72,471.39,96.01
21158,394.41,Carreta_Bau,28.0,14.1,463.66,571.43,2919.58,1234.18
21159,39.62,VUC,3.0,1.94,91.42,85.61,123.29,36.89
21160,79.41,3/4,4.0,2.59,218.5,187.59,312.05,72.83
21161,66.08,3/4,4.0,0.63,171.39,173.27,231.38,49.65
21162,341.28,Carreta_Sider,28.0,4.43,489.55,481.04,2480.84,1094.45
21163,23.42,Truck,14.0,7.7,65.04,65.46,233.73,45.05
21164,335.4,Carreta_Bau,28.0,17.49,530.1,499.22,2554.95,1058.1
21165,408.71,Carreta_Sider,28.0,21.03,581.4,599.74,3188.22,1348.11
21166,53.04,VUC,3.0,2.37,130.31,124.49,176.07,31.04
21167,75.67,3/4,4.0,2.59,137.98,174.6,282.41,69.59
21168,372.73,Carreta_Sider,28.0,10.97,581.68,558.55,2786.07,1204.16
21169,250.65,Carreta_Sider,28.0,18.94,343.94,424.41,2047.28,819.47
21170,230.36,Carreta_Sider,28.0,10.38,339.31,381.23,1777.65,735.59
21171,85.1,Toco,6.0,5.07,230.13,211.84,404.81,93.56
21172,201.6,Toco,6.0,3.06,562.89,528.61,858.95,220.61
21173,339.44,Carreta_Sider,28.0,25.5,482.83,500.75,2781.29,1134.16
21174,222.45,Carreta_Sider,28.0,7.24,309.18,348.74,1685.88,714.73
21175,39.94,3/4,4.0,3.0,84.23,116.35,157.0,38.86
21176,88.13,Toco,6.0,3.09,265.28,220.29,395.35,91.64
21177,7.27,Toco,6.0,1.55,32.26,26.43,43.94,-2.14
21178,146.18,Truck,14.0,8.75,434.04,437.67,891.37,231.16
21179,427.65,Carreta_Sider,28.0,9.24,644.89,623.45,3165.27,1372.31
21180,65.58,Toco,6.0,2.39,202.7,188.37,287.6,66.64
21181,75.16,3/4,4.0,2.15,160.62,201.73,277.9,63.0
21182,42.69,VUC,3.0,1.38,105.59,94.02,134.56,30.87
21183,5.0,Toco,6.0,2.88,40.92,20.08,50.24,8.54
21184,183.88,Toco,6.0,2.92,523.09,452.55,789.29,186.99
21185,66.52,3/4,4.0,0.66,175.26,164.57,229.21,67.99
21186,35.17,3/4,4.0,1.85,89.85,98.07,136.6,31.6
21187,165.07,3/4,4.0,1.94,409.91,416.95,571.42,140.74
21188,17.81,3/4,4.0,2.62,57.55,64.87,91.54,14.44
21189,18.3,VUC,3.0,1.68,53.89,26.55,70.3,10.33
21190,73.99,3/4,4.0,1.19,176.05,196.03,258.69,67.26
21191,21.05,3/4,4.0,2.6,76.21,51.63,95.03,13.07
21192,48.05,VUC,3.0,0.54,106.59,92.39,144.61,31.65
21193,455.83,Carreta_Bau,28.0,12.13,621.65,644.68,3303.13,1434.0
21194,92.31,Truck,14.0,9.48,309.2,298.57,635.48,152.72
21195,393.4,Carreta_Bau,28.0,19.05,573.81,581.56,2978.32,1251.42
21196,73.05,VUC,3.0,0.91,182.77,153.5,221.74,39.09
21197,53.79,Toco,6.0,2.63,155.97,182.67,250.6,62.1
21198,52.07,3/4,4.0,2.16,141.0,144.81,198.16,45.93
21199,19.23,Toco,6.0,3.0,59.19,53.87,121.3,20.3
21200,44.62,VUC,3.0,2.2,110.34,135.94,155.74,32.49
21201,420.62,Carreta_Sider,28.0,21.82,578.51,624.65,3298.53,1381.19
21202,17.19,3/4,4.0,0.74,55.7,53.31,72.17,23.26
21203,243.9,Carreta_Sider,28.0,21.94,375.24,400.36,2040.38,818.87
21204,11.61,VUC,3.0,2.69,47.47,8.0,66.23,4.58
21205,13.93,Toco,6.0,5.56,48.98,67.15,123.44,21.32
21206,59.2,3/4,4.0,0.79,157.18,138.16,206.47,48.4
21207,21.61,3/4,4.0,3.6,60.36,62.24,136.97,12.52
21208,357.41,Carreta_Bau,28.0,8.1,511.68,511.42,2567.91,1115.51
21209,491.18,Carreta_Bau,28.0,12.25,718.63,658.9,3550.62,1536.0
21210,17.59,Truck,14.0,6.64,57.49,83.48,185.47,31.64
21211,82.91,VUC,3.0,1.21,189.06,170.88,250.09,62.2
21212,215.15,3/4,4.0,1.6,441.83,471.16,733.75,183.3
21213,15.1,3/4,4.0,1.18,57.14,50.1,67.33,13.65
21214,68.21,Toco,6.0,4.26,183.19,180.12,321.45,69.87
21215,41.95,3/4,4.0,2.57,124.23,82.41,172.54,30.94
21216,56.7,3/4,4.0,2.69,127.24,125.48,222.49,47.69
21217,124.31,Truck,14.0,8.3,420.87,376.89,777.88,201.5
21218,6.13,Truck,14.0,4.73,53.11,44.55,100.58,13.28
21219,4.0,3/4,4.0,2.59,15.47,45.08,54.09,-2.04
21220,167.62,Toco,6.0,4.23,471.46,448.22,734.76,179.57
21221,78.37,VUC,3.0,0.58,183.43,179.1,232.77,48.39
21222,476.42,Carreta_Sider,28.0,27.71,641.6,679.92,3784.18,1590.32
21223,47.27,VUC,3.0,1.93,93.87,102.47,156.84,30.73
21224,10.49,Toco,6.0,4.16,41.03,52.87,97.36,10.5
21225,35.25,VUC,3.0,1.9,64.3,99.36,118.06,18.76
21226,50.08,3/4,4.0,2.95,105.43,135.81,216.63,45.78
21227,16.33,Truck,14.0,9.92,64.4,69.46,225.05,32.81
21228,214.65,3/4,4.0,3.32,549.53,496.76,776.23,186.33
21229,303.78,Carreta_Bau,28.0,8.04,447.09,447.46,2223.73,939.59
21230,322.19,Carreta_Bau,28.0,8.1,407.11,442.7,2332.95,990.16
21231,53.72,Toco,6.0,2.02,177.13,147.92,245.7,65.85
21232,503.01,Carreta_Sider,28.0,27.13,620.61,714.68,3961.94,1675.72
21233,52.12,VUC,3.0,1.36,130.0,130.78,170.47,39.8
21234,223.13,Carreta_Bau,28.0,11.72,311.74,346.69,1708.4,705.85
21235,316.59,Carreta_Sider,28.0,9.66,422.79,466.1,2390.19,1021.92
21236,58.86,Toco,6.0,3.36,163.07,179.36,268.7,68.65
21237,77.73,VUC,3.0,2.76,173.14,160.32,248.63,55.23
21238,502.2,Carreta_Bau,28.0,20.25,644.43,683.21,3744.11,1597.07
21239,180.57,Toco,6.0,1.86,414.79,468.51,751.83,187.38
21240,41.56,Truck,14.0,12.06,139.63,158.44,377.51,73.05
21241,349.1,Carreta_Sider,28.0,26.7,574.31,557.81,2873.36,1154.93
21242,84.86,3/4,4.0,3.02,241.94,200.5,312.38,70.77
21243,47.2,3/4,4.0,2.62,102.64,117.36,184.47,37.03
21244,122.03,Toco,6.0,4.33,275.99,317.88,552.48,136.54
21245,206.76,Toco,6.0,4.65,425.94,519.6,902.61,228.36
21246,45.6,VUC,3.0,2.64,88.83,113.32,155.99,26.56
21247,63.67,VUC,3.0,2.13,103.43,139.28,198.75,39.05
21248,60.19,VUC,3.0,1.81,111.89,119.4,186.82,48.46
21249,5.04,Toco,6.0,1.83,27.65,8.0,52.19,1.47
21250,93.4,Truck,14.0,6.55,297.19,285.13,598.61,150.8
21251,89.79,Toco,6.0,1.33,215.47,247.45,385.14,98.43
21252,124.42,Truck,14.0,10.77,401.27,367.81,815.51,206.01
21253,29.6,3/4,4.0,3.97,78.78,65.3,137.09,28.76
21254,54.83,Toco,6.0,1.39,145.14,174.63,245.0,63.87
21255,74.11,VUC,3.0,1.57,145.78,159.91,234.35,54.59
21256,87.76,3/4,4.0,2.98,225.78,224.46,329.91,75.41
21257,57.32,VUC,3.0,0.53,133.98,144.5,172.52,37.94
21258,5.72,3/4,4.0,2.09,20.49,50.18,37.3,5.89
21259,65.94,3/4,4.0,3.3,157.63,162.89,267.05,52.27
21260,12.47,3/4,4.0,1.6,32.6,23.64,52.53,11.45
21261,65.08,VUC,3.0,2.13,160.48,120.01,209.4,33.83
21262,235.31,Carreta_Bau,28.0,18.65,424.03,380.31,1895.71,748.25
21263,57.46,VUC,3.0,2.24,123.57,154.99,196.42,26.56
21264,62.3,3/4,4.0,1.42,162.43,155.18,233.28,47.23
21265,21.22,Truck,14.0,4.1,67.33,102.99,181.5,38.39
21266,48.92,Toco,6.0,0.99,160.27,124.8,212.06,54.2
21267,60.23,Toco,6.0,3.35,174.98,188.25,300.67,65.27
21268,182.73,VUC,3.0,0.93,436.73,396.55,539.42,113.15
21269,31.33,3/4,4.0,2.81,100.54,88.28,135.55,22.45
21270,20.53,Toco,6.0,3.7,57.02,84.09,127.04,19.5
21271,24.26,Toco,6.0,5.15,68.34,73.4,166.67,30.21
21272,82.08,VUC,3.0,2.49,153.34,188.39,258.91,52.15
21273,434.33,Carreta_Bau,28.0,12.8,650.86,594.37,3161.34,1350.62
21274,46.27,VUC,3.0,1.21,116.32,99.0,146.74,23.22
21275,64.16,Toco,6.0,1.32,204.81,163.11,264.27,64.2
21276,50.85,Toco,6.0,4.76,164.44,133.65,266.9,54.61
21277,79.91,Toco,6.0,3.43,205.48,191.88,370.36,85.32
21278,50.27,VUC,3.0,1.31,108.04,147.67,156.89,26.7
21279,12.49,Toco,6.0,4.49,34.33,35.1,113.37,16.78
21280,22.02,VUC,3.0,1.15,53.75,72.26,82.03,4.07
21281,5.21,VUC,3.0,1.67,22.21,8.0,27.31,-0.39
21282,79.67,3/4,4.0,2.08,159.86,185.11,291.92,71.29
21283,64.36,3/4,4.0,1.52,126.05,153.78,230.99,56.68
21284,73.09,VUC,3.0,2.47,184.83,183.37,234.0,46.2
21285,291.94,Carreta_Sider,28.0,21.03,440.25,468.39,2382.91,965.75
21286,69.07,3/4,4.0,2.37,167.32,154.87,263.38,59.95
21287,267.13,Carreta_Sider,28.0,20.65,446.85,430.6,2190.03,879.05
21288,389.24,Carreta_Sider,28.0,6.33,571.73,578.95,2851.56,1245.74
21289,79.03,Toco,6.0,3.09,215.35,228.46,353.77,87.58
21290,93.81,Toco,6.0,3.96,233.41,241.34,425.66,109.06
21291,497.56,Carreta_Bau,28.0,13.57,617.44,659.18,3623.85,1560.31
21292,63.47,VUC,3.0,2.27,143.11,134.59,223.01,39.92
21293,26.96,VUC,3.0,1.78,85.84,77.87,108.65,18.29
21294,13.23,3/4,4.0,1.9,40.49,20.99,68.91,11.26
21295,57.67,Truck,14.0,7.04,145.99,185.62,407.42,103.15
21296,223.16,Carreta_Sider,28.0,21.25,367.13,365.8,1900.59,737.59
21297,123.37,Truck,14.0,2.88,324.29,360.12,706.88,193.71
21298,141.66,Toco,6.0,5.17,382.38,376.17,628.18,148.98
21299,459.32,Carreta_Sider,28.0,5.57,546.31,643.41,3346.29,1471.98
21300,454.49,Carreta_Sider,28.0,7.36,718.02,650.07,3315.83,1452.35
21301,74.14,Truck,14.0,11.74,183.56,255.82,566.39,124.69
21302,297.03,Carreta_Bau,28.0,13.11,370.55,500.87,2238.53,931.3
21303,157.75,Truck,14.0,7.57,369.15,479.49,960.72,261.36
21304,318.76,Carreta_Bau,28.0,13.07,444.15,482.02,2387.47,996.68
21305,379.08,Carreta_Bau,28.0,6.41,530.85,526.88,2699.87,1172.67
21306,55.1,VUC,3.0,2.0,113.21,138.74,186.7,32.8
21307,31.62,3/4,4.0,2.94,85.56,109.1,137.94,40.98
21308,236.2,Carreta_Sider,28.0,8.72,316.91,374.66,1796.42,754.17
21309,69.5,Toco,6.0,4.74,209.34,183.99,327.95,79.23
21310,44.77,VUC,3.0,0.7,105.02,95.06,136.18,42.37
21311,30.08,3/4,4.0,3.23,88.84,65.5,127.53,31.35
21312,80.54,3/4,4.0,2.98,201.11,195.62,313.98,68.89
21313,56.46,3/4,4.0,3.7,161.76,124.11,222.2,49.7
21314,29.79,VUC,3.0,2.52,67.25,73.35,110.79,15.34
21315,33.9,VUC,3.0,2.6,73.02,87.7,123.68,30.51
21316,56.02,VUC,3.0,2.89,144.96,132.76,193.33,35.61
21317,42.49,VUC,3.0,2.6,78.8,93.89,144.71,27.35
21318,18.61,VUC,3.0,2.48,46.32,30.1,88.32,7.72
21319,130.07,Toco,6.0,1.9,318.62,354.92,553.13,137.61
21320,59.55,3/4,4.0,3.17,90.13,124.65,236.41,51.48
21321,66.71,3/4,4.0,2.75,170.54,166.59,251.46,62.41
21322,4.01,VUC,3.0,2.9,17.82,42.99,47.67,3.96
21323,52.86,VUC,3.0,2.29,100.98,123.13,185.52,39.75
21324,231.83,Carreta_Bau,28.0,10.38,312.82,388.62,1765.88,711.39
21325,56.52,VUC,3.0,0.87,109.35,135.47,165.96,42.66
21326,34.22,Truck,14.0,5.45,147.18,101.83,259.43,48.62
21327,388.49,Carreta_Sider,28.0,15.63,478.05,589.68,2962.12,1268.58
21328,34.82,VUC,3.0,2.11,86.58,76.48,127.47,6.96
21329,510.81,Carreta_Sider,28.0,9.32,571.26,702.77,3738.06,1641.52
21330,175.79,Truck,14.0,4.87,545.45,523.95,1012.26,288.28
21331,32.91,3/4,4.0,1.63,98.1,75.78,138.18,23.44
21332,483.69,Carreta_Bau,28.0,23.41,560.27,688.59,3664.92,1549.44
21333,44.52,VUC,3.0,1.38,116.68,109.98,136.88,33.0
21334,77.89,VUC,3.0,0.65,182.1,195.17,239.48,52.59
21335,46.68,Toco,6.0,3.68,130.83,151.06,239.21,43.02
21336,94.42,Truck,14.0,2.17,312.18,283.01,536.02,155.57
21337,38.23,3/4,4.0,2.89,102.16,96.01,162.78,41.25
21338,67.63,3/4,4.0,3.46,155.15,157.33,261.44,64.41
21339,53.96,VUC,3.0,0.87,83.71,119.58,171.67,27.89
21340,73.37,VUC,3.0,2.6,175.33,151.51,239.16,42.43
21341,84.84,VUC,3.0,2.18,164.04,182.99,276.3,55.27
21342,50.56,3/4,4.0,0.94,139.17,110.04,176.24,44.97
21343,49.0,Truck,14.0,4.81,144.11,148.2,332.87,83.37
21344,89.79,Truck,14.0,4.81,296.23,294.38,549.54,140.83
21345,289.06,Carreta_Sider,28.0,9.1,394.55,428.11,2182.25,927.92
21346,88.96,Toco,6.0,2.61,255.63,217.69,389.73,91.75
21347,376.87,Carreta_Sider,28.0,25.8,609.31,559.73,3034.4,1247.74
21348,94.73,Toco,6.0,2.04,225.03,270.5,414.87,103.53
21349,18.24,VUC,3.0,2.81,49.43,38.12,83.97,11.58
21350,462.07,Carreta_Bau,28.0,17.28,671.51,638.87,3419.99,1463.78
21351,4.32,VUC,3.0,1.77,13.0,25.88,29.19,-0.09
21352,43.8,VUC,3.0,2.17,108.25,110.54,141.7,31.68
21353,70.73,VUC,3.0,2.5,166.31,157.1,217.63,40.41
21354,10.63,VUC,3.0,2.89,41.06,41.18,69.6,4.69
21355,38.0,VUC,3.0,0.46,72.06,103.59,119.25,18.24
21356,56.91,Truck,14.0,6.84,205.05,167.68,390.76,93.98
21357,23.34,3/4,4.0,1.21,73.1,57.94,110.18,28.55
21358,331.92,Carreta_Bau,28.0,7.81,434.03,471.4,2391.69,1031.14
21359,70.53,VUC,3.0,0.82,143.08,151.83,216.17,43.94
21360,24.89,VUC,3.0,2.26,77.95,81.85,96.42,15.14
21361,121.12,Truck,14.0,2.71,395.16,374.15,684.03,190.69
21362,80.5,3/4,4.0,3.44,221.72,194.92,312.14,74.94
21363,207.96,Toco,6.0,4.74,513.31,542.31,899.42,230.77
21364,35.69,VUC,3.0,1.49,90.68,115.68,114.77,14.42
21365,436.23,Carreta_Bau,28.0,14.33,608.19,592.63,3213.34,1376.8
21366,329.98,Carreta_Bau,28.0,20.35,403.52,485.61,2571.23,1045.97
21367,58.48,Truck,14.0,2.23,138.6,182.22,356.42,90.0
21368,234.86,Carreta_Bau,28.0,13.41,281.04,382.75,1810.64,738.92
21369,342.9,Carreta_Bau,28.0,8.49,469.53,503.72,2485.62,1061.88
21370,209.14,Toco,6.0,1.82,549.74,516.65,871.27,234.81
21371,53.52,3/4,4.0,2.47,116.55,137.95,211.58,44.32
21372,30.98,3/4,4.0,1.44,93.82,96.47,115.4,29.12
21373,43.96,Toco,6.0,2.81,146.14,110.52,197.99,39.73
21374,197.43,Truck,14.0,10.64,492.7,582.35,1211.51,323.08
21375,80.98,VUC,3.0,2.03,199.82,170.7,253.64,51.59
21376,53.9,VUC,3.0,1.29,116.13,103.03,172.47,39.26
21377,447.07,Carreta_Sider,28.0,5.38,525.1,643.43,3241.25,1419.12
21378,9.06,3/4,4.0,0.69,31.65,41.99,39.44,13.5
21379,68.89,VUC,3.0,1.69,180.75,141.68,225.51,44.79
21380,20.6,VUC,3.0,1.52,50.04,67.97,78.58,14.8
21381,265.03,Carreta_Bau,28.0,23.16,383.11,453.34,2180.19,844.73
21382,48.23,Truck,14.0,3.08,116.2,159.68,312.32,72.38
21383,46.64,Toco,6.0,5.23,139.7,116.92,249.03,40.65
21384,48.27,VUC,3.0,0.99,128.77,107.28,152.59,32.02
21385,6.82,Truck,14.0,6.27,44.09,18.78,135.11,14.2
21386,28.79,VUC,3.0,2.64,75.76,71.1,113.19,16.98
21387,8.62,Toco,6.0,5.17,42.96,37.69,102.83,1.6
21388,211.45,Truck,14.0,8.23,689.56,627.68,1253.91,343.09
21389,41.76,VUC,3.0,0.66,107.65,89.57,112.79,28.1
21390,60.54,3/4,4.0,2.61,168.16,163.67,237.99,52.51
21391,63.52,3/4,4.0,3.19,124.25,147.02,258.81,57.94
21392,9.87,VUC,3.0,1.12,37.67,31.2,36.57,-1.83
21393,268.9,Carreta_Sider,28.0,8.56,385.86,402.85,2037.95,860.55
21394,14.82,Truck,14.0,8.01,58.97,54.92,189.78,23.72
21395,486.27,Carreta_Bau,28.0,22.03,544.66,687.67,3652.72,1556.3
21396,171.84,Toco,6.0,3.47,445.45,456.44,744.14,183.68
21397,173.72,Truck,14.0,4.95,602.8,499.53,1000.32,282.97
21398,245.35,Carreta_Sider,28.0,24.88,379.51,420.81,2106.72,809.31
21399,64.2,VUC,3.0,2.67,106.79,156.31,217.22,43.01
21400,120.69,Toco,6.0,4.26,346.57,301.87,535.13,130.66
21401,126.84,Toco,6.0,1.28,294.31,335.82,537.51,133.13
21402,52.34,Truck,14.0,4.86,187.82,171.34,343.96,96.49
21403,79.84,VUC,3.0,2.03,152.7,181.87,260.32,49.85
21404,22.67,VUC,3.0,2.44,42.56,58.38,99.47,12.63
21405,14.95,VUC,3.0,1.66,50.33,13.83,71.58,2.45
21406,36.94,VUC,3.0,1.23,79.2,90.77,122.83,28.42
21407,99.67,3/4,4.0,3.61,265.05,236.51,373.34,83.44
21408,61.97,3/4,4.0,1.9,135.56,149.1,225.7,52.1
21409,48.22,3/4,4.0,3.72,149.09,101.72,199.97,37.53
21410,12.97,Toco,6.0,3.61,46.48,66.36,96.11,16.19
21411,10.49,3/4,4.0,2.69,39.18,40.66,62.2,13.61
21412,65.67,3/4,4.0,1.02,131.15,133.03,235.8,61.22
21413,157.13,Truck,14.0,5.28,497.24,481.92,910.51,253.3
21414,31.02,VUC,3.0,2.94,87.77,83.57,117.49,17.4
21415,367.16,Carreta_Bau,28.0,21.3,597.83,551.73,2834.02,1167.66
21416,178.48,Truck,14.0,7.78,585.01,520.47,1057.28,291.49
21417,255.56,Carreta_Bau,28.0,16.61,448.52,404.74,1998.56,808.47
21418,64.92,3/4,4.0,0.9,168.33,174.51,233.81,56.67
21419,394.87,Carreta_Sider,28.0,22.84,502.8,593.52,3123.49,1300.48
21420,108.52,Truck,14.0,2.95,374.19,323.77,619.75,174.3
21421,183.85,Toco,6.0,2.87,511.46,461.45,779.51,193.49
21422,30.84,Truck,14.0,6.99,73.4,77.55,254.63,49.54
21423,518.25,Carreta_Bau,28.0,18.55,667.54,722.08,3838.05,1650.47
21424,32.65,VUC,3.0,1.51,70.84,93.05,105.91,19.71
21425,23.09,VUC,3.0,2.9,65.78,71.76,98.79,10.72
21426,348.71,Carreta_Sider,28.0,23.19,420.16,549.38,2812.23,1154.77
21427,375.49,Carreta_Sider,28.0,27.03,498.09,556.85,3050.74,1255.77
21428,93.52,Truck,14.0,8.27,308.94,284.09,608.85,149.15
21429,5.46,VUC,3.0,1.22,31.05,17.23,25.9,-3.31
21430,314.32,Carreta_Sider,28.0,27.56,458.9,470.92,2641.29,1044.52
21431,15.58,VUC,3.0,0.66,56.37,35.91,65.33,7.59
21432,80.1,3/4,4.0,3.75,216.25,197.89,324.26,76.97
21433,505.5,Carreta_Sider,28.0,6.48,669.99,714.34,3679.95,1607.42
21434,156.33,Toco,6.0,5.02,416.63,412.09,686.93,163.92
21435,16.57,VUC,3.0,2.44,48.9,38.77,68.99,12.13
21436,29.54,Toco,6.0,4.26,119.06,106.9,181.16,28.78
21437,27.91,VUC,3.0,2.45,54.97,75.13,117.03,13.19
21438,67.43,VUC,3.0,0.67,137.37,127.73,206.46,45.62
21439,123.63,Toco,6.0,2.8,353.35,325.72,541.21,133.9
21440,441.87,Carreta_Sider,28.0,12.21,570.4,641.9,3298.45,1433.33
21441,41.42,VUC,3.0,2.95,86.05,106.83,162.44,30.87
21442,80.49,VUC,3.0,1.65,190.15,162.0,243.51,45.51
21443,72.02,Toco,6.0,1.15,172.01,182.35,298.69,68.09
21444,52.33,Truck,14.0,5.19,177.53,200.9,359.15,90.12
21445,26.66,3/4,4.0,3.47,52.17,64.44,126.07,22.38
21446,76.11,VUC,3.0,2.72,148.3,171.15,239.09,64.83
21447,96.74,Truck,14.0,13.14,257.9,268.22,705.13,166.29
21448,82.81,Toco,6.0,1.64,213.61,240.76,346.01,95.23
21449,333.66,Carreta_Bau,28.0,20.58,448.16,511.03,2598.87,1057.82
21450,80.1,3/4,4.0,1.97,228.27,218.78,288.97,67.2
21451,95.6,Truck,14.0,10.85,325.58,283.16,671.24,162.12
21452,243.0,Carreta_Sider,28.0,23.82,344.75,427.04,2076.89,804.1
21453,8.71,3/4,4.0,1.49,12.81,21.18,54.6,7.58
21454,67.51,3/4,4.0,2.3,159.78,188.59,246.26,58.49
21455,371.63,Carreta_Bau,28.0,11.99,565.83,499.99,2717.59,1158.97
21456,68.06,3/4,4.0,2.15,197.81,182.61,251.14,53.19
21457,89.82,Truck,14.0,5.56,231.82,277.06,563.14,144.38
21458,27.98,VUC,3.0,1.32,39.36,80.2,95.65,15.73
21459,327.61,Carreta_Bau,28.0,10.68,505.33,489.61,2416.11,1017.69
21460,75.56,VUC,3.0,1.21,146.1,174.53,233.23,47.35
21461,66.71,Truck,14.0,8.98,221.1,249.7,473.67,102.93
21462,83.96,VUC,3.0,1.98,159.5,211.67,264.7,57.93
21463,332.94,Carreta_Bau,28.0,26.11,443.47,514.18,2678.79,1075.23
21464,67.09,VUC,3.0,1.45,129.05,153.98,216.25,46.22
21465,161.87,Toco,6.0,4.25,429.69,439.17,701.94,172.99
21466,220.26,Carreta_Sider,28.0,27.18,374.2,409.33,1962.67,729.4
21467,81.57,VUC,3.0,1.64,179.89,182.55,253.82,58.84
21468,36.72,VUC,3.0,2.44,115.89,90.53,141.3,22.9
21469,396.76,Carreta_Bau,28.0,27.28,634.4,567.72,3132.26,1283.71
21470,104.9,3/4,4.0,3.29,235.66,255.38,393.73,84.5
21471,18.34,Truck,14.0,3.06,93.84,79.0,146.61,27.93
21472,37.07,VUC,3.0,0.94,83.13,103.1,117.04,29.37
21473,78.17,3/4,4.0,1.6,187.91,215.68,288.95,66.31
21474,15.98,Toco,6.0,4.4,24.83,78.53,119.64,16.27
21475,62.05,VUC,3.0,2.16,149.82,156.18,198.32,42.96
21476,93.87,Toco,6.0,1.6,215.53,246.6,399.01,101.72
21477,85.45,Truck,14.0,7.45,218.61,260.81,558.25,149.74
21478,348.0,Carreta_Bau,28.0,14.24,511.32,519.83,2594.58,1093.99
21479,314.75,Carreta_Bau,28.0,20.62,509.14,486.71,2465.45,1005.64
21480,241.18,Carreta_Bau,28.0,10.41,291.6,392.14,1813.21,751.33
21481,237.28,Carreta_Sider,28.0,9.86,407.2,373.62,1827.82,758.28
21482,434.55,Carreta_Bau,28.0,18.4,614.84,599.83,3247.34,1379.74
21483,65.08,VUC,3.0,0.66,138.96,139.3,191.77,33.55
21484,257.35,Carreta_Bau,28.0,20.12,373.98,421.86,2063.71,823.69
21485,76.13,VUC,3.0,1.57,165.46,169.69,230.04,42.1
21486,14.6,VUC,3.0,1.82,36.58,65.18,58.52,4.95
21487,128.94,Toco,6.0,4.99,323.08,324.08,589.54,137.3
21488,503.87,Carreta_Bau,28.0,8.51,640.57,668.21,3595.11,1567.93
21489,49.39,VUC,3.0,0.99,100.76,111.23,150.88,25.63
21490,150.41,Truck,14.0,12.82,429.44,444.62,977.34,253.25
21491,52.4,3/4,4.0,3.12,127.56,122.46,211.47,41.61
21492,75.23,VUC,3.0,1.12,140.79,168.27,228.39,47.1
21493,29.72,3/4,4.0,3.05,73.92,84.97,139.71,22.8
21494,13.69,Truck,14.0,7.54,68.02,48.84,174.94,33.96
21495,433.92,Carreta_Bau,28.0,18.89,535.14,604.59,3253.34,1368.71
21496,67.53,VUC,3.0,2.46,128.0,162.28,236.08,46.38
21497,48.83,VUC,3.0,0.56,131.01,108.74,138.87,30.57
21498,100.93,3/4,4.0,2.68,238.54,229.49,375.38,82.19
21499,80.65,VUC,3.0,1.31,206.78,173.17,254.88,53.29
21500,47.82,VUC,3.0,1.77,99.85,94.08,154.78,25.9
21501,81.01,VUC,3.0,1.38,168.29,203.9,249.8,46.24
21502,50.21,3/4,4.0,3.8,114.61,141.67,201.77,37.79
21503,75.23,VUC,3.0,1.97,153.73,201.9,236.85,48.89
21504,69.59,VUC,3.0,2.61,173.66,157.82,235.24,42.4
21505,249.87,Carreta_Sider,28.0,10.31,415.63,397.02,1921.72,800.15
21506,28.21,VUC,3.0,1.38,60.52,58.6,96.71,19.69
21507,32.16,3/4,4.0,3.28,66.62,95.1,157.33,33.06
21508,85.83,Toco,6.0,2.1,261.64,223.36,380.39,84.92
21509,313.95,Carreta_Sider,28.0,28.0,385.07,485.01,2645.28,1049.93
21510,25.02,VUC,3.0,2.13,55.64,83.19,90.07,18.79
21511,67.47,Toco,6.0,5.47,156.36,188.07,324.86,81.09
21512,107.66,Truck,14.0,3.34,311.4,327.3,629.93,171.09
21513,17.21,3/4,4.0,2.01,38.5,57.56,81.66,22.26
21514,72.72,VUC,3.0,1.31,128.36,167.62,227.55,49.19
21515,24.32,3/4,4.0,3.9,79.49,47.33,127.94,11.71
21516,58.06,VUC,3.0,0.82,125.89,115.34,176.28,38.09
21517,406.99,Carreta_Bau,28.0,22.01,499.23,611.3,3120.54,1299.78
21518,55.35,3/4,4.0,2.74,95.68,139.07,210.3,52.17
21519,22.52,VUC,3.0,2.62,66.0,65.69,81.67,20.59
21520,48.72,3/4,4.0,3.92,108.21,137.15,203.35,37.44
21521,84.01,3/4,4.0,3.34,234.35,198.59,313.29,76.87
21522,65.93,3/4,4.0,1.46,155.26,147.26,238.7,54.6
21523,205.75,Truck,14.0,12.03,620.39,585.74,1256.15,338.3
21524,94.33,Toco,6.0,3.59,259.09,237.54,423.41,109.85
21525,325.0,Carreta_Bau,28.0,19.75,500.78,478.84,2536.41,1030.82
21526,431.74,Carreta_Sider,28.0,10.87,567.14,606.42,3210.44,1391.82
21527,75.39,Toco,6.0,5.06,177.07,188.52,367.99,82.79
21528,346.22,Carreta_Bau,28.0,14.78,454.82,519.97,2594.88,1091.99
21529,288.64,Carreta_Bau,28.0,23.44,446.06,471.79,2333.36,931.17
21530,62.55,VUC,3.0,1.54,127.16,128.07,192.56,48.02
21531,55.25,3/4,4.0,2.7,134.78,115.5,215.65,51.66
21532,89.31,3/4,4.0,0.95,218.68,214.62,308.68,65.83
21533,51.96,VUC,3.0,0.69,107.07,140.07,147.68,39.95
21534,237.85,Carreta_Sider,28.0,26.88,314.98,388.59,2093.8,795.39
21535,40.64,VUC,3.0,2.3,82.15,78.57,135.99,31.84
21536,79.94,VUC,3.0,0.89,210.45,143.21,249.42,48.94
21537,89.56,VUC,3.0,1.97,186.02,200.45,272.56,57.65
21538,47.58,3/4,4.0,3.26,115.11,108.9,188.65,45.67
21539,114.17,3/4,4.0,2.64,250.53,282.54,426.01,107.38
21540,483.03,Carreta_Sider,28.0,14.87,593.94,692.16,3620.23,1571.0
21541,346.57,Carreta_Bau,28.0,24.08,444.82,539.51,2724.14,1105.34
21542,16.49,3/4,4.0,0.77,59.82,67.36,57.13,16.66
21543,59.36,Toco,6.0,4.13,135.49,144.27,290.44,63.97
21544,363.4,Carreta_Sider,28.0,15.46,444.06,537.61,2786.43,1177.35
21545,71.42,3/4,4.0,2.8,155.54,191.39,268.37,60.36
21546,282.22,Carreta_Sider,28.0,11.11,492.58,421.75,2146.95,912.54
21547,38.0,Toco,6.0,1.73,111.68,106.87,184.43,45.85
21548,72.06,Truck,14.0,13.69,223.72,236.01,578.05,118.12
21549,52.33,VUC,3.0,2.65,129.78,120.35,170.73,31.96
21550,253.4,Carreta_Sider,28.0,25.83,406.69,428.37,2163.99,841.88
21551,31.42,Toco,6.0,4.82,84.16,89.1,180.75,43.36
21552,114.83,Truck,14.0,2.87,268.24,330.07,664.64,190.37
21553,61.29,VUC,3.0,2.05,116.55,145.26,204.83,42.38
21554,39.39,VUC,3.0,1.42,88.76,91.08,127.2,27.75
21555,166.82,Toco,6.0,2.6,394.22,458.03,705.37,178.14
21556,75.6,Truck,14.0,5.07,177.47,220.48,473.18,125.9
21557,4.28,VUC,3.0,0.91,38.76,20.45,25.55,-2.27
21558,275.86,Carreta_Bau,28.0,7.52,374.76,399.88,2016.88,857.33
21559,197.72,3/4,4.0,1.01,438.78,459.62,675.03,154.43
21560,78.45,Truck,14.0,10.57,258.25,246.5,562.75,121.36
21561,113.89,Truck,14.0,13.17,287.37,358.09,796.68,180.43
21562,31.9,Toco,6.0,2.84,89.26,88.08,174.64,43.86
21563,91.33,Truck,14.0,3.36,264.19,252.5,538.51,145.59
21564,73.08,Toco,6.0,2.03,168.34,216.2,323.21,71.53
21565,25.93,3/4,4.0,3.14,60.51,87.33,118.67,34.45
21566,93.07,Toco,6.0,2.68,219.34,261.02,411.37,96.47
21567,49.46,3/4,4.0,2.85,119.95,139.18,193.01,44.92
21568,327.06,Carreta_Sider,28.0,9.09,470.55,493.1,2457.6,1046.39
21569,51.59,VUC,3.0,2.38,131.46,127.88,179.58,37.48
21570,86.77,Truck,14.0,9.9,216.55,259.14,611.7,142.84
21571,292.25,Carreta_Bau,28.0,9.49,443.98,433.44,2146.32,905.75
21572,274.08,Carreta_Bau,28.0,26.38,336.15,454.0,2292.25,876.52
21573,87.57,Toco,6.0,3.57,225.1,263.5,400.48,91.68
21574,428.3,Carreta_Bau,28.0,9.43,522.56,600.26,3080.21,1327.69
21575,349.8,Carreta_Sider,28.0,17.69,461.79,481.75,2740.64,1134.83
21576,67.42,VUC,3.0,1.51,177.11,156.09,202.92,46.73
21577,93.04,3/4,4.0,3.72,206.71,244.07,355.41,86.13
21578,33.93,Toco,6.0,2.48,111.76,98.51,168.06,33.11
21579,95.6,Truck,14.0,12.65,286.65,285.27,689.01,148.82
21580,25.14,VUC,3.0,2.34,62.82,78.52,95.11,18.13
21581,6.66,3/4,4.0,2.91,39.42,26.8,52.84,6.48
21582,418.81,Carreta_Sider,28.0,8.58,507.25,594.39,3085.81,1338.5
21583,35.52,Truck,14.0,3.13,104.43,99.53,237.22,56.58
21584,58.84,VUC,3.0,2.65,145.61,111.29,198.03,24.63
21585,300.1,Carreta_Bau,28.0,17.78,394.13,469.21,2331.78,950.22
21586,314.65,Carreta_Bau,28.0,27.17,422.41,468.46,2555.32,1014.79
21587,473.07,Carreta_Bau,28.0,16.49,570.5,679.68,3493.93,1500.5
21588,31.79,Toco,6.0,3.92,124.04,126.64,174.08,35.96
21589,56.75,VUC,3.0,2.99,118.02,115.77,194.28,37.74
21590,8.4,VUC,3.0,2.28,27.17,21.03,42.56,15.27
21591,36.22,3/4,4.0,1.82,92.68,106.41,143.56,26.54
21592,72.07,3/4,4.0,3.41,176.54,198.77,278.73,54.64
21593,141.42,3/4,4.0,1.6,332.23,332.28,491.89,123.31
21594,349.75,Carreta_Sider,28.0,16.7,471.64,517.72,2721.07,1146.36
21595,13.49,Toco,6.0,2.11,49.52,46.99,86.32,19.81
21596,69.05,VUC,3.0,2.99,148.07,157.17,239.73,44.21
21597,73.46,VUC,3.0,2.83,200.03,156.98,237.38,44.57
21598,55.76,Toco,6.0,5.36,149.78,175.81,296.37,55.47
21599,214.92,Truck,14.0,6.87,633.54,615.32,1249.41,345.13
21600,84.63,3/4,4.0,3.08,180.45,211.43,320.07,65.08
21601,110.6,Toco,6.0,2.23,255.14,301.08,487.76,116.52
21602,90.87,Truck,14.0,6.74,283.36,280.19,575.78,156.02
21603,7.16,3/4,4.0,3.34,27.09,30.07,63.99,3.44
21604,280.89,Carreta_Sider,28.0,5.54,463.46,433.4,2078.13,895.95
21605,65.8,VUC,3.0,0.58,159.28,134.98,188.04,44.01
21606,25.58,Truck,14.0,9.97,99.74,112.65,282.23,40.34
21607,215.54,3/4,4.0,3.23,439.24,493.92,759.1,183.46
21608,41.14,Truck,14.0,6.66,140.34,138.2,315.68,73.29
21609,60.71,3/4,4.0,2.89,136.45,136.41,247.45,52.87
21610,68.82,VUC,3.0,2.75,162.53,182.2,228.49,50.66
21611,80.46,Truck,14.0,3.29,250.42,259.98,481.66,140.86
21612,68.19,Truck,14.0,11.98,202.2,201.95,530.54,108.92
21613,74.74,3/4,4.0,2.58,203.59,190.55,274.13,62.88
21614,95.63,Toco,6.0,3.05,280.65,245.86,422.97,102.64
21615,304.5,Carreta_Bau,28.0,5.43,399.33,436.64,2179.33,937.05
21616,58.52,3/4,4.0,1.91,153.1,135.86,219.57,47.2
21617,14.65,3/4,4.0,3.3,42.18,57.09,96.59,19.62
21618,5.95,VUC,3.0,1.83,20.83,23.32,43.78,4.32
21619,52.21,3/4,4.0,1.2,141.98,130.88,186.57,56.03
21620,69.11,3/4,4.0,1.39,171.75,173.21,248.78,55.82
21621,227.23,Carreta_Bau,28.0,24.37,333.82,394.85,1935.06,736.77
21622,13.91,3/4,4.0,2.07,54.22,79.56,60.02,20.56
21623,43.07,Toco,6.0,1.39,143.62,120.65,192.87,45.44
21624,279.5,Carreta_Sider,28.0,27.37,359.3,451.04,2379.18,934.3
21625,99.99,Truck,14.0,5.12,309.05,305.36,623.93,165.87
21626,27.31,3/4,4.0,3.31,70.83,87.81,135.18,20.72
21627,55.61,Toco,6.0,0.97,169.16,170.14,237.7,67.28
21628,265.76,Carreta_Bau,28.0,10.3,376.69,395.72,1979.44,824.4
21629,39.54,VUC,3.0,1.31,86.8,127.77,122.69,22.55
21630,294.92,Carreta_Bau,28.0,24.65,422.38,443.4,2407.0,944.47
21631,293.06,Carreta_Bau,28.0,22.0,415.61,466.95,2324.86,937.1
21632,22.33,Truck,14.0,5.77,103.5,99.1,202.89,37.79
21633,4.4,VUC,3.0,2.46,20.47,8.0,39.76,-0.32
21634,33.26,VUC,3.0,2.52,102.82,85.62,116.46,21.09
21635,50.97,3/4,4.0,2.34,138.02,105.23,196.71,37.69
21636,88.56,Truck,14.0,8.14,286.92,263.4,575.52,150.63
21637,399.69,Carreta_Bau,28.0,16.33,487.81,569.41,2994.11,1265.19
21638,516.3,Carreta_Sider,28.0,8.18,600.09,716.07,3770.38,1653.12
21639,106.84,Truck,14.0,11.77,293.35,347.05,739.86,176.36
21640,263.31,Carreta_Sider,28.0,21.21,386.44,420.5,2173.25,863.81
21641,459.1,Carreta_Bau,28.0,24.42,511.88,653.51,3523.79,1468.88
21642,24.7,VUC,3.0,2.53,54.57,77.27,99.09,10.68
21643,50.62,VUC,3.0,2.45,110.87,116.57,178.81,28.29
21644,55.55,Toco,6.0,4.88,155.13,157.71,288.78,65.97
21645,63.08,VUC,3.0,2.86,148.74,122.86,211.77,46.53
21646,33.9,Toco,6.0,3.99,125.62,81.3,193.03,30.17
21647,13.05,VUC,3.0,2.56,28.1,28.67,93.2,12.0
21648,87.84,3/4,4.0,3.32,247.28,231.81,325.7,69.51
21649,90.7,Toco,6.0,2.28,232.15,261.24,395.98,101.23
21650,360.92,Carreta_Bau,28.0,17.66,503.43,544.78,2729.81,1142.88
21651,43.88,VUC,3.0,2.31,92.21,108.65,153.77,25.86
21652,56.83,VUC,3.0,0.71,141.59,136.18,172.92,37.96
21653,6.64,3/4,4.0,2.4,25.66,25.56,63.13,12.38
21654,8.3,VUC,3.0,0.46,16.88,24.02,29.22,-4.18
21655,10.98,VUC,3.0,1.06,32.49,8.0,50.32,12.64
21656,71.23,VUC,3.0,1.69,176.52,161.99,208.78,41.68
21657,24.68,VUC,3.0,1.23,57.73,69.9,85.86,22.8
21658,513.03,Carreta_Sider,28.0,22.55,758.44,717.87,3952.08,1698.47
21659,20.78,3/4,4.0,2.77,63.38,75.78,105.9,12.14
21660,398.2,Carreta_Bau,28.0,10.57,580.81,579.45,2898.12,1239.11
21661,402.81,Carreta_Bau,28.0,4.61,605.25,545.95,2839.63,1243.11
21662,4.76,3/4,4.0,1.47,10.27,58.78,37.7,8.72
21663,6.08,VUC,3.0,1.77,12.05,33.18,35.15,6.28
21664,40.89,VUC,3.0,2.39,104.21,119.11,143.75,28.51
21665,127.34,Toco,6.0,3.98,324.59,323.23,567.52,135.83
21666,211.98,Toco,6.0,1.18,496.62,558.33,869.78,225.37
21667,343.12,Carreta_Sider,28.0,15.3,488.67,526.67,2643.3,1115.9
21668,317.02,Carreta_Bau,28.0,27.04,378.49,484.23,2589.12,1015.43
21669,53.29,Truck,14.0,12.86,191.46,166.54,458.54,90.52
21670,419.1,Carreta_Sider,28.0,21.87,664.37,614.97,3293.26,1380.2
21671,56.69,VUC,3.0,1.17,121.5,139.79,163.96,42.85
21672,517.3,Carreta_Bau,28.0,4.73,693.83,694.52,3635.34,1599.61
21673,45.67,Truck,14.0,7.53,160.16,156.4,348.53,75.41
21674,182.89,Toco,6.0,2.81,429.44,461.16,775.49,202.95
21675,45.82,VUC,3.0,2.17,112.82,88.8,156.01,32.72
21676,72.54,Truck,14.0,2.94,207.67,228.15,425.57,115.95
21677,30.35,VUC,3.0,2.8,79.7,63.09,125.32,12.79
21678,277.07,Carreta_Sider,28.0,21.71,338.16,460.36,2278.35,912.58
21679,25.63,3/4,4.0,3.9,62.82,86.48,126.1,20.58
21680,81.74,VUC,3.0,2.66,175.97,204.72,276.96,52.82
21681,66.72,Truck,14.0,7.22,174.14,208.1,454.74,107.54
21682,47.39,VUC,3.0,2.14,118.74,109.92,153.59,36.16
21683,463.41,Carreta_Sider,28.0,24.33,692.32,649.55,3641.12,1541.92
21684,451.21,Carreta_Bau,28.0,9.05,503.74,613.86,3234.55,1400.44
21685,442.31,Carreta_Sider,28.0,4.43,519.77,623.13,3206.92,1399.88
21686,358.67,Carreta_Bau,28.0,11.52,493.93,518.89,2633.71,1116.09
21687,29.06,Toco,6.0,3.13,115.02,86.04,162.97,37.68
21688,16.43,VUC,3.0,2.04,41.1,38.21,83.21,15.39
21689,7.41,3/4,4.0,1.5,8.69,35.75,38.45,0.51
21690,517.11,Carreta_Sider,28.0,14.72,660.66,717.87,3864.93,1672.94
21691,81.57,Toco,6.0,4.21,238.78,239.28,371.84,86.3
21692,247.11,Carreta_Bau,28.0,23.82,372.08,407.41,2055.94,801.13
21693,58.0,3/4,4.0,1.37,153.08,137.09,212.32,50.63
21694,8.17,3/4,4.0,3.32,24.08,50.63,74.36,5.85
21695,18.43,Toco,6.0,5.69,72.94,53.5,144.73,19.82
21696,144.43,Truck,14.0,6.97,381.83,423.69,868.93,225.61
21697,151.34,Toco,6.0,3.72,373.03,376.77,660.21,163.36
21698,29.44,3/4,4.0,0.63,82.41,77.12,107.1,30.57
21699,280.17,Carreta_Sider,28.0,21.1,390.04,469.18,2295.95,920.47
21700,437.1,Carreta_Bau,28.0,24.95,680.12,626.4,3374.2,1403.21
21701,27.94,VUC,3.0,0.5,57.57,45.32,90.71,19.14
21702,287.46,Carreta_Bau,28.0,24.28,441.07,445.49,2335.63,916.75
21703,53.9,VUC,3.0,0.83,143.22,126.67,167.8,35.64
21704,40.35,Toco,6.0,5.19,129.78,124.89,231.4,40.43
21705,84.28,VUC,3.0,1.83,210.31,183.47,258.86,51.67
21706,69.47,3/4,4.0,1.86,212.18,181.15,254.55,56.66
21707,86.88,3/4,4.0,3.8,219.95,218.8,334.37,73.41
21708,82.52,VUC,3.0,2.01,147.22,180.31,249.93,53.73
21709,87.84,Truck,14.0,2.56,239.96,271.22,509.34,139.94
21710,354.84,Carreta_Bau,28.0,22.43,532.53,524.08,2774.6,1133.37
21711,93.18,Truck,14.0,4.27,296.73,284.97,566.64,150.53
21712,32.36,Truck,14.0,13.09,125.48,126.67,356.47,49.46
21713,23.08,3/4,4.0,1.17,47.86,81.13,85.91,8.47
21714,19.03,3/4,4.0,2.26,39.3,65.32,96.82,16.09
21715,247.16,Carreta_Bau,28.0,16.64,397.23,395.34,1955.73,777.28
21716,398.8,Carreta_Bau,28.0,17.62,525.96,565.16,3000.95,1264.54
21717,61.16,Toco,6.0,3.62,161.96,179.7,292.5,63.78
21718,160.09,Toco,6.0,3.14,363.57,416.84,681.94,163.88
21719,65.97,Toco,6.0,4.54,170.26,181.66,323.01,71.81
21720,316.05,Carreta_Bau,28.0,7.9,367.68,460.76,2288.28,985.53
21721,11.99,VUC,3.0,2.46,12.62,39.12,60.56,9.36
21722,78.72,VUC,3.0,0.55,173.74,164.3,240.76,42.24
21723,75.26,3/4,4.0,3.46,133.81,164.33,298.29,61.79
21724,61.19,VUC,3.0,2.36,154.0,161.01,198.73,37.25
21725,43.64,VUC,3.0,2.48,101.84,125.52,152.85,27.48
21726,17.98,VUC,3.0,1.21,75.1,51.66,65.54,8.48
21727,50.01,VUC,3.0,2.62,89.77,123.82,169.19,23.85
21728,173.68,Truck,14.0,10.32,487.94,510.89,1062.45,285.86
21729,294.15,Carreta_Bau,28.0,27.25,388.03,469.63,2435.58,956.71
21730,18.48,VUC,3.0,0.5,37.88,51.87,67.93,8.3
21731,277.96,Carreta_Bau,28.0,23.01,370.68,441.31,2248.13,883.36
21732,59.05,VUC,3.0,2.04,138.28,120.85,187.09,45.23
21733,351.94,Carreta_Sider,28.0,27.74,458.88,568.19,2910.22,1184.11
21734,32.21,VUC,3.0,1.58,78.24,63.75,105.6,18.56
21735,311.56,Carreta_Bau,28.0,10.86,513.49,474.99,2292.19,973.56
21736,509.69,Carreta_Bau,28.0,25.14,708.69,696.61,3870.1,1639.4
21737,477.63,Carreta_Bau,28.0,11.95,682.2,627.83,3462.94,1498.52
21738,219.98,Truck,14.0,10.46,514.91,656.31,1317.43,357.56
21739,26.5,3/4,4.0,1.73,71.18,77.59,105.53,22.14
21740,146.5,3/4,4.0,3.82,341.33,324.28,532.41,121.56
21741,44.14,VUC,3.0,1.79,110.62,113.3,138.67,30.07
21742,56.84,VUC,3.0,1.27,138.72,124.65,168.37,43.7
21743,122.52,Truck,14.0,11.89,329.56,399.28,817.79,205.11
21744,37.44,Toco,6.0,1.22,89.71,91.17,160.7,35.54
21745,91.69,Truck,14.0,3.22,243.33,270.76,538.07,151.85
21746,179.15,Truck,14.0,12.06,547.64,542.92,1126.59,294.63
21747,4.54,3/4,4.0,1.7,27.38,20.62,38.31,6.18
21748,87.07,VUC,3.0,0.9,217.47,180.02,258.52,51.07
21749,4.06,Truck,14.0,9.09,27.85,44.72,139.02,0.02
21750,189.4,Toco,6.0,2.2,423.32,499.31,792.94,199.45
21751,472.69,Carreta_Bau,28.0,27.69,724.97,667.94,3662.51,1513.74
21752,23.72,Truck,14.0,11.87,74.56,96.13,294.67,33.97
21753,488.06,Carreta_Sider,28.0,25.36,532.57,690.39,3824.15,1631.64
21754,94.67,Truck,14.0,12.02,314.21,290.21,667.77,143.19
21755,192.95,Toco,6.0,5.42,503.75,479.76,848.85,205.72
21756,417.46,Carreta_Bau,28.0,12.24,539.19,603.77,3043.79,1315.36
21757,450.2,Carreta_Bau,28.0,20.23,489.61,643.41,3382.22,1427.84
21758,70.26,3/4,4.0,3.68,187.62,156.03,280.4,58.78
21759,62.65,Toco,6.0,4.4,142.51,167.2,308.06,68.6
21760,70.07,VUC,3.0,2.99,162.84,168.61,226.2,37.8
21761,41.15,3/4,4.0,3.54,113.91,118.43,175.12,40.75
21762,75.36,3/4,4.0,0.84,205.61,181.79,263.18,61.97
21763,18.09,3/4,4.0,2.31,54.06,53.58,77.96,12.17
21764,76.24,VUC,3.0,1.15,154.5,169.3,226.29,53.08
21765,255.44,Carreta_Bau,28.0,25.03,387.87,409.13,2133.74,814.23
21766,89.5,VUC,3.0,2.84,192.34,212.87,283.87,58.83
21767,82.05,Truck,14.0,8.84,238.65,267.84,555.47,129.48
21768,465.43,Carreta_Sider,28.0,5.58,702.68,655.97,3384.7,1477.36
21769,71.31,VUC,3.0,1.33,126.86,144.09,221.05,55.4
21770,63.28,Toco,6.0,1.86,156.49,166.01,285.66,68.31
21771,51.42,Truck,14.0,8.4,137.19,163.65,385.74,88.91
21772,39.97,Toco,6.0,5.92,111.1,115.86,233.23,41.85
21773,82.77,VUC,3.0,1.33,146.19,185.34,251.37,47.54
21774,515.18,Carreta_Sider,28.0,21.67,815.77,750.44,3960.68,1682.59
21775,62.92,VUC,3.0,2.57,145.01,145.53,223.1,39.43
21776,43.58,3/4,4.0,3.42,132.42,95.24,186.5,29.28
21777,75.42,3/4,4.0,1.11,151.99,192.95,274.29,63.35
21778,8.92,VUC,3.0,1.06,19.95,12.37,53.14,-0.82
21779,77.99,3/4,4.0,1.36,217.19,195.66,289.53,67.6
21780,506.31,Carreta_Bau,28.0,11.28,736.22,681.57,3642.15,1591.86
21781,77.77,Truck,14.0,2.66,212.91,248.36,467.21,138.41
21782,24.8,VUC,3.0,1.83,77.52,71.7,92.29,17.54
21783,7.43,VUC,3.0,2.34,24.64,31.49,47.27,4.77
21784,410.31,Carreta_Bau,28.0,10.41,536.07,561.74,2976.83,1275.86
21785,252.96,Carreta_Bau,28.0,19.43,347.54,396.86,2031.25,799.74
21786,68.95,3/4,4.0,2.45,167.01,177.16,263.1,54.02
21787,191.48,3/4,4.0,0.94,493.75,443.43,653.29,166.64
21788,22.19,3/4,4.0,1.42,61.44,90.91,88.92,16.62
21789,516.97,Carreta_Bau,28.0,9.95,588.7,700.43,3687.78,1621.18
21790,94.64,Truck,14.0,7.92,296.13,302.87,616.7,149.96
21791,212.37,Toco,6.0,4.1,424.82,535.98,912.2,231.43
21792,281.31,Carreta_Bau,28.0,11.37,431.5,416.97,2106.54,872.56
21793,207.25,Truck,14.0,3.61,554.77,617.03,1154.0,335.18
21794,4.84,Truck,14.0,5.3,36.36,29.69,101.93,6.81
21795,305.85,Carreta_Sider,28.0,5.16,400.4,443.05,2246.03,973.91
21796,141.91,Toco,6.0,4.72,373.52,350.65,632.5,154.49
21797,24.91,Toco,6.0,4.47,97.89,87.52,164.04,30.11
21798,7.83,VUC,3.0,2.16,33.02,20.09,55.0,8.42
21799,75.22,3/4,4.0,2.7,157.7,162.66,290.23,68.33
21800,56.66,Toco,6.0,2.42,161.09,185.34,261.07,56.23
21801,438.85,Carreta_Bau,28.0,6.95,664.79,574.74,3118.9,1360.03
21802,81.21,VUC,3.0,1.98,189.0,173.99,261.67,49.86
21803,309.67,Carreta_Bau,28.0,21.64,385.05,495.84,2459.08,994.93
21804,273.29,Carreta_Bau,28.0,23.5,336.8,434.42,2238.16,876.75
21805,249.34,Carreta_Bau,28.0,21.49,318.52,438.04,2035.55,797.01
21806,341.41,Carreta_Sider,28.0,19.88,490.17,531.71,2706.81,1119.87
21807,91.6,Truck,14.0,11.91,234.06,270.9,658.85,148.05
21808,59.52,VUC,3.0,2.39,137.09,146.08,201.44,39.03
21809,25.09,3/4,4.0,3.81,67.35,65.51,126.03,27.87
21810,426.45,Carreta_Sider,28.0,4.34,489.41,600.86,3086.2,1351.96
21811,478.59,Carreta_Sider,28.0,7.69,704.14,655.03,3517.63,1539.0
21812,12.43,VUC,3.0,1.93,31.72,29.54,54.68,10.85
21813,452.65,Carreta_Sider,28.0,13.75,539.07,655.05,3404.89,1457.71
21814,284.34,Carreta_Bau,28.0,12.3,409.4,420.47,2131.72,885.52
21815,82.83,Truck,14.0,10.98,294.34,234.93,593.53,148.47
21816,449.45,Carreta_Sider,28.0,16.95,586.16,650.51,3417.9,1466.58
21817,319.66,Carreta_Sider,28.0,16.73,460.77,487.93,2499.62,1038.51
21818,26.31,VUC,3.0,0.58,80.46,79.1,87.29,12.14
21819,85.31,VUC,3.0,1.63,202.57,177.14,265.03,53.94
21820,83.92,VUC,3.0,2.0,192.38,199.61,273.75,58.7
21821,366.23,Carreta_Sider,28.0,10.87,489.6,549.79,2749.25,1178.81
21822,61.13,Truck,14.0,4.94,170.83,202.91,398.92,94.75
21823,381.69,Carreta_Sider,28.0,17.3,458.99,546.32,2951.15,1235.57
21824,264.86,Carreta_Sider,28.0,25.9,345.51,437.01,2254.63,876.06
21825,301.57,Carreta_Bau,28.0,6.97,460.36,460.1,2183.86,930.03
21826,58.96,VUC,3.0,1.24,134.04,125.83,181.57,39.07
21827,90.53,Truck,14.0,2.79,253.0,246.18,520.16,146.78
21828,72.8,VUC,3.0,1.28,137.25,152.5,229.72,53.49
21829,66.18,VUC,3.0,2.22,108.09,135.83,209.9,36.9
21830,43.65,Truck,14.0,5.89,121.73,139.47,318.5,71.38
21831,48.04,Truck,14.0,6.84,150.36,140.85,354.47,78.93
21832,39.39,VUC,3.0,2.84,67.31,105.51,145.61,20.81
21833,90.12,Truck,14.0,6.23,282.11,285.99,562.79,150.76
21834,62.07,Toco,6.0,3.65,130.25,159.96,305.63,76.07
21835,75.01,Toco,6.0,5.66,169.52,200.11,368.95,83.34
21836,389.35,Carreta_Bau,28.0,16.3,588.04,546.2,2896.67,1226.61
21837,7.39,VUC,3.0,0.88,16.46,34.43,37.66,12.13
21838,225.87,Carreta_Bau,28.0,7.61,275.29,347.0,1675.21,702.32
21839,412.44,Carreta_Bau,28.0,25.59,482.54,584.24,3206.2,1320.85
21840,81.57,VUC,3.0,2.71,211.23,182.44,262.94,52.35
21841,245.49,Carreta_Sider,28.0,10.17,325.97,384.71,1895.14,788.34
21842,343.83,Carreta_Bau,28.0,19.03,522.94,532.74,2651.05,1087.22
21843,450.99,Carreta_Sider,28.0,8.16,652.86,626.92,3313.49,1441.46
21844,42.01,Truck,14.0,4.85,160.84,152.7,299.87,64.41
21845,71.08,VUC,3.0,2.8,141.85,171.96,238.76,50.59
21846,7.64,3/4,4.0,1.97,28.96,13.55,48.24,4.98
21847,104.86,Toco,6.0,1.96,247.21,272.46,443.53,112.69
21848,85.34,Toco,6.0,3.57,249.46,217.42,388.16,97.64
21849,64.05,VUC,3.0,2.62,136.27,157.72,219.33,40.3
21850,45.63,3/4,4.0,3.43,115.63,117.63,200.18,33.33
21851,31.62,VUC,3.0,2.14,86.92,90.66,115.58,25.16
21852,32.3,VUC,3.0,2.52,85.46,102.73,118.24,19.13
21853,31.61,VUC,3.0,2.44,49.55,102.57,128.82,29.46
21854,197.14,Truck,14.0,13.57,581.89,567.6,1243.57,334.64
21855,15.92,Truck,14.0,9.9,81.68,58.36,225.5,28.87
21856,46.21,VUC,3.0,1.97,83.41,91.44,146.14,30.91
21857,45.27,VUC,3.0,2.76,110.8,122.55,159.72,35.23
21858,41.49,VUC,3.0,1.37,111.49,108.38,141.26,27.68
21859,67.98,VUC,3.0,1.71,141.19,161.92,204.34,32.73
21860,42.2,Toco,6.0,5.28,137.68,133.13,235.76,46.14
21861,333.5,Carreta_Sider,28.0,27.5,496.71,515.14,2773.12,1115.29
21862,140.09,Truck,14.0,7.11,417.4,418.49,857.38,223.07
21863,182.38,Toco,6.0,3.91,392.93,472.36,793.26,211.95
21864,413.36,Carreta_Sider,28.0,24.14,621.3,612.44,3290.99,1368.71
21865,12.1,VUC,3.0,1.77,28.57,28.83,60.03,10.58
21866,81.54,3/4,4.0,1.98,162.27,219.8,302.59,74.71
21867,42.68,3/4,4.0,0.82,95.1,93.38,148.53,38.45
21868,105.97,Toco,6.0,1.98,253.05,273.02,448.93,112.94
21869,63.63,Toco,6.0,2.59,194.08,196.08,301.52,70.55
21870,88.62,Truck,14.0,6.88,249.36,286.94,566.77,143.18
21871,73.83,Toco,6.0,4.86,208.24,184.78,355.36,80.82
21872,53.03,VUC,3.0,0.88,135.82,90.5,147.22,27.72
21873,354.27,Carreta_Sider,28.0,5.92,575.3,506.26,2605.2,1128.81
21874,53.6,Toco,6.0,3.9,129.7,153.81,257.96,52.46
21875,81.31,Toco,6.0,0.94,205.0,218.57,339.39,86.15
21876,78.95,Truck,14.0,13.18,194.28,253.16,611.93,129.75
21877,109.52,Truck,14.0,5.15,272.39,338.45,645.05,179.37
21878,20.26,Truck,14.0,12.02,58.68,89.57,283.08,26.18
21879,61.01,Toco,6.0,2.84,178.42,182.75,277.43,61.24
21880,144.27,Toco,6.0,5.99,414.02,386.78,657.44,155.96
21881,82.78,3/4,4.0,2.3,216.02,170.05,299.42,70.15
21882,260.89,Carreta_Sider,28.0,27.12,420.72,435.95,2243.81,868.34
21883,77.1,VUC,3.0,1.65,150.78,168.05,233.67,54.86
21884,505.03,Carreta_Bau,28.0,21.2,705.94,701.1,3773.99,1610.53
21885,15.35,Toco,6.0,1.22,28.44,52.93,72.35,16.31
21886,43.65,Truck,14.0,7.4,169.07,126.86,345.98,65.88
21887,326.99,Carreta_Sider,28.0,10.64,382.52,499.65,2462.92,1052.06
21888,51.16,VUC,3.0,2.47,116.36,128.24,161.33,26.61
21889,227.7,Carreta_Sider,28.0,16.87,395.69,357.18,1845.95,745.65
21890,27.46,3/4,4.0,2.78,66.37,102.02,127.37,27.61
21891,65.83,VUC,3.0,1.1,146.88,160.72,189.58,34.17
21892,47.34,VUC,3.0,0.75,98.09,96.85,143.62,30.01
21893,31.07,VUC,3.0,2.19,73.07,61.72,126.04,19.58
21894,269.81,Carreta_Bau,28.0,14.73,449.08,421.99,2071.82,854.92
21895,34.65,VUC,3.0,1.51,73.28,85.74,118.26,17.13
21896,81.96,Toco,6.0,5.82,172.6,232.03,400.42,87.27
21897,82.82,VUC,3.0,0.75,208.72,189.05,245.81,53.44
21898,77.93,3/4,4.0,2.79,191.44,198.1,292.32,64.14
21899,87.16,Toco,6.0,1.21,252.01,216.68,373.09,90.45
21900,336.73,Carreta_Sider,28.0,20.5,510.94,514.01,2693.83,1105.03
21901,90.66,VUC,3.0,1.88,207.19,203.83,276.92,60.94
21902,48.76,3/4,4.0,3.07,115.94,122.05,194.1,47.51
21903,12.8,Toco,6.0,4.73,64.87,61.97,109.61,13.66
21904,76.81,VUC,3.0,0.79,152.82,184.95,235.38,47.02
21905,61.64,VUC,3.0,1.15,156.4,127.41,187.21,42.42
21906,358.25,Carreta_Bau,28.0,10.21,499.18,515.43,2613.71,1117.6
21907,38.63,3/4,4.0,2.67,102.84,95.14,164.03,33.74
21908,208.86,Truck,14.0,5.17,644.09,600.64,1205.12,342.98
21909,92.77,Truck,14.0,8.24,231.31,263.81,615.92,146.42
21910,34.82,Toco,6.0,3.15,102.54,111.27,174.65,36.4
21911,178.85,Toco,6.0,3.89,443.17,499.12,758.14,190.19
21912,305.51,Carreta_Bau,28.0,12.56,471.19,463.65,2284.77,954.2
21913,369.06,Carreta_Bau,28.0,26.21,514.82,579.17,2922.1,1182.48
21914,86.59,Toco,6.0,5.82,241.72,252.77,419.46,94.32
21915,442.05,Carreta_Sider,28.0,12.55,646.81,620.53,3300.88,1431.76
21916,346.94,Carreta_Bau,28.0,25.96,458.61,527.31,2767.9,1103.88
21917,389.28,Carreta_Sider,28.0,23.07,611.65,592.12,3090.01,1285.22
21918,300.69,Carreta_Sider,28.0,9.58,518.86,471.36,2268.4,966.17
21919,335.86,Carreta_Bau,28.0,17.59,530.23,488.31,2561.13,1061.61
21920,57.93,3/4,4.0,1.88,145.57,147.73,211.97,40.46
21921,365.07,Carreta_Sider,28.0,23.26,460.03,576.2,2929.16,1212.07
21922,195.44,3/4,4.0,3.64,516.62,429.71,697.26,173.72
21923,491.98,Carreta_Bau,28.0,19.01,669.48,694.1,3656.42,1567.38
21924,241.77,Carreta_Sider,28.0,19.2,319.32,418.89,1993.38,790.12
21925,7.33,3/4,4.0,3.05,27.5,9.38,54.38,7.15
21926,82.29,Truck,14.0,7.99,254.32,248.63,559.85,130.82
21927,73.36,VUC,3.0,1.65,158.64,159.52,241.16,41.62
21928,351.99,Carreta_Bau,28.0,17.6,431.09,529.23,2684.2,1108.43
21929,333.41,Carreta_Sider,28.0,23.68,509.58,516.05,2697.64,1104.54
21930,457.67,Carreta_Bau,28.0,19.61,528.58,633.17,3426.22,1458.73
21931,143.28,3/4,4.0,1.09,305.74,334.8,498.98,125.84
21932,62.47,VUC,3.0,0.81,134.99,146.56,183.58,39.11
21933,59.93,Truck,14.0,7.05,197.74,192.08,413.89,94.14
21934,470.8,Carreta_Sider,28.0,19.89,568.35,696.2,3609.98,1545.75
21935,153.23,Truck,14.0,6.75,453.67,453.89,911.33,253.96
21936,156.43,Truck,14.0,6.64,421.6,472.58,924.03,262.3
21937,461.46,Carreta_Sider,28.0,25.51,667.52,654.53,3625.23,1538.94
21938,204.27,Toco,6.0,5.33,509.92,527.64,900.51,231.31
21939,23.91,Toco,6.0,3.33,57.61,71.81,140.95,32.75
21940,355.01,Carreta_Sider,28.0,21.3,451.84,531.44,2815.59,1169.69
21941,23.52,VUC,3.0,1.6,54.01,82.76,91.02,16.46
21942,6.65,Toco,6.0,3.98,56.82,27.96,76.88,12.56
21943,18.03,VUC,3.0,1.15,62.55,42.42,72.65,14.01
21944,34.62,Toco,6.0,3.44,103.58,81.04,187.68,41.94
21945,53.21,3/4,4.0,2.78,131.78,122.61,205.76,42.41
21946,292.03,Carreta_Sider,28.0,14.71,394.0,432.69,2285.3,955.88
21947,15.9,3/4,4.0,3.18,41.86,69.0,95.04,11.16
21948,54.74,Truck,14.0,5.28,178.14,183.38,374.82,94.01
21949,27.96,Toco,6.0,0.97,71.77,98.32,135.43,29.2
21950,27.11,VUC,3.0,2.78,68.96,75.96,122.07,15.08
21951,492.06,Carreta_Sider,28.0,12.79,681.11,676.91,3669.55,1582.5
21952,90.26,VUC,3.0,1.09,198.8,209.08,265.28,56.09
21953,94.3,3/4,4.0,2.22,222.37,223.08,343.33,73.66
21954,427.39,Carreta_Sider,28.0,10.14,559.91,619.31,3163.28,1370.92
21955,237.37,Carreta_Sider,28.0,21.65,377.6,361.88,2008.19,784.95
21956,440.71,Carreta_Sider,28.0,11.5,701.39,611.63,3277.44,1414.86
21957,190.96,Truck,14.0,13.9,614.6,555.94,1228.98,325.84
21958,77.84,Toco,6.0,2.31,212.53,214.49,343.11,96.22
21959,356.62,Carreta_Bau,28.0,12.81,488.06,494.8,2637.19,1115.13
21960,8.95,Toco,6.0,3.65,26.68,74.36,78.4,15.76
21961,70.31,3/4,4.0,0.61,167.69,189.07,240.69,51.2
21962,20.24,VUC,3.0,0.46,57.21,71.93,61.47,14.66
21963,414.42,Carreta_Sider,28.0,9.76,524.22,615.6,3074.92,1334.5
21964,55.8,VUC,3.0,0.66,116.31,134.35,168.17,50.43
21965,85.33,3/4,4.0,3.18,215.38,190.84,320.23,71.45
21966,38.6,Truck,14.0,12.47,141.61,147.09,380.76,66.56
21967,393.84,Carreta_Sider,28.0,14.04,629.94,568.94,2985.42,1277.0
21968,88.52,Toco,6.0,3.53,218.58,234.13,402.23,94.37
21969,68.46,3/4,4.0,2.68,169.16,180.75,272.23,57.7
21970,31.39,3/4,4.0,0.92,73.68,77.3,114.15,25.15
21971,374.09,Carreta_Bau,28.0,15.38,550.13,531.2,2792.52,1175.41
21972,12.64,3/4,4.0,3.86,55.05,59.3,80.02,12.3
21973,447.74,Carreta_Sider,28.0,9.15,515.52,622.7,3297.77,1433.56
21974,78.2,VUC,3.0,0.66,192.55,168.31,234.33,47.13
21975,45.68,VUC,3.0,1.17,93.29,105.13,140.68,38.59
21976,10.62,VUC,3.0,1.85,40.86,43.05,43.89,6.25
21977,13.38,VUC,3.0,2.66,45.86,51.45,70.42,13.17
21978,91.99,Truck,14.0,6.32,267.6,273.46,583.52,148.9
21979,26.11,Truck,14.0,6.2,94.78,76.07,230.47,46.19
21980,331.39,Carreta_Sider,28.0,12.36,558.87,518.19,2516.44,1070.65
21981,91.96,Toco,6.0,5.19,259.69,215.76,445.32,88.64
21982,65.99,VUC,3.0,1.65,126.6,153.97,203.77,42.11
21983,31.34,VUC,3.0,1.3,83.94,76.34,98.01,14.93
21984,38.92,3/4,4.0,1.2,105.99,105.75,152.52,30.99
21985,74.71,Truck,14.0,3.59,252.02,236.56,462.84,123.3
21986,43.62,VUC,3.0,2.93,111.68,100.09,155.28,37.71
21987,10.8,VUC,3.0,1.69,21.39,34.0,44.66,-0.12
21988,24.91,Toco,6.0,1.27,91.24,84.43,122.45,25.29
21989,489.55,Carreta_Sider,28.0,25.77,687.61,706.55,3834.28,1627.32
21990,156.54,Truck,14.0,13.45,467.23,430.7,1040.4,261.83
21991,246.18,Carreta_Sider,28.0,9.84,410.56,396.08,1881.72,792.1
21992,82.29,3/4,4.0,1.67,181.47,209.9,298.32,71.98
21993,427.77,Carreta_Bau,28.0,27.06,554.49,605.61,3341.4,1378.16
21994,67.35,3/4,4.0,0.65,154.56,171.32,229.82,54.77
21995,49.59,VUC,3.0,1.28,115.57,128.69,150.29,33.5
21996,225.92,Carreta_Bau,28.0,14.44,336.68,369.66,1773.08,706.88
21997,26.34,Toco,6.0,4.83,91.01,87.91,168.56,26.04
21998,47.19,3/4,4.0,1.85,124.5,101.92,175.81,39.44
21999,283.25,Carreta_Bau,28.0,12.25,421.29,430.55,2123.25,883.63
22000,75.79,Toco,6.0,4.62,205.03,214.1,358.56,78.37
